{
	"0" : [ 0.086861736955309, 1.0, 0.872769765217487, 0.0 ],
	"1" : [ 1.0, 0.229879855663431, 1.0, 0.29932735426009 ],
	"10" : [ 0.087646674818875, 0.013065023693286, 0.32012049833569, 0.198430493273543 ],
	"11" : [ 0.271923251691908, 0.071956526569681, 0.19701625085037, 0.224215246636771 ],
	"12" : [ 0.068753821080225, 0.023388964688001, 0.0, 0.141255605381166 ],
	"13" : [ 0.322888189861272, 0.058054349041373, 0.102046743433621, 0.047085201793722 ],
	"14" : [ 0.050444328696377, 0.030091851995879, 0.149011400248566, 0.415919282511211 ],
	"15" : [ 0.200510411650119, 0.11062093018831, 0.292074713500609, 0.480941704035874 ],
	"16" : [ 0.254123804548828, 0.105637387050474, 0.410846099821327, 0.575112107623318 ],
	"17" : [ 0.234900394785529, 0.111325166804884, 0.443076275300351, 0.012331838565022 ],
	"18" : [ 0.558342496278077, 0.110078597624016, 0.267233805699743, 0.809417040358744 ],
	"19" : [ 0.0, 0.114094397315955, 0.228643436925233, 0.460762331838565 ],
	"2" : [ 0.330206137962743, 0.190165240921322, 0.641341817685825, 0.4652466367713 ],
	"20" : [ 0.119444226187369, 0.040736975770336, 0.014556517919396, 0.605381165919282 ],
	"21" : [ 0.109528435788379, 0.0, 0.053732720445894, 1.0 ],
	"22" : [ 0.328677868531058, 0.190706545007851, 0.682281981312623, 0.4652466367713 ],
	"23" : [ 0.201379692152109, 0.228453194612974, 0.367334653400759, 0.37219730941704 ],
	"24" : [ 0.023586095230852, 0.052867952197111, 0.230032674104454, 0.15695067264574 ],
	"25" : [ 0.18635632662161, 0.068020866947753, 0.480915925443654, 0.050448430493274 ],
	"26" : [ 0.243869102622236, 0.045252886307819, 0.297195357977039, 0.337443946188341 ],
	"27" : [ 0.481086694113238, 0.124743174892996, 0.316831643325096, 0.090807174887892 ],
	"3" : [ 0.205898923446522, 0.227917790740988, 0.368738134007247, 0.37219730941704 ],
	"4" : [ 0.020605954429327, 0.052005140548388, 0.336709378592627, 0.15695067264574 ],
	"5" : [ 0.190235745550485, 0.067949739590783, 0.098062078468682, 0.050448430493274 ],
	"6" : [ 0.249517045936586, 0.045082781498627, 0.142150092471083, 0.337443946188341 ],
	"7" : [ 0.482663350125554, 0.124687988941374, 0.352083278618805, 0.090807174887892 ],
	"8" : [ 0.298868926865601, 0.056774489659184, 0.284636361595399, 0.326233183856502 ],
	"9" : [ 0.133141018648472, 0.069097277189021, 0.446910563561056, 0.145739910313901 ]
}
