{
	"0" : [ 0.694893895642473, 8.0, 6.982158121739896, 0.0 ],
	"1" : [ 8.0, 1.839038845307444, 8.0, 2.394618834080717 ],
	"10" : [ 0.701173398551002, 0.104520189546287, 2.56096398668552, 1.587443946188341 ],
	"11" : [ 2.175386013535264, 0.575652212557448, 1.576130006802957, 1.79372197309417 ],
	"12" : [ 0.550030568641801, 0.187111717504007, 0.0, 1.130044843049327 ],
	"13" : [ 2.583105518890174, 0.464434792330988, 0.816373947468969, 0.376681614349776 ],
	"14" : [ 0.403554629571019, 0.240734815967031, 1.192091201988531, 3.327354260089686 ],
	"15" : [ 1.604083293200951, 0.884967441506477, 2.33659770800487, 3.847533632286996 ],
	"16" : [ 2.032990436390626, 0.845099096403795, 3.286768798570617, 4.600896860986547 ],
	"17" : [ 1.879203158284234, 0.890601334439073, 3.544610202402808, 0.098654708520179 ],
	"18" : [ 4.466739970224618, 0.880628780992129, 2.137870445597944, 6.475336322869955 ],
	"19" : [ 0.0, 0.912755178527636, 1.829147495401862, 3.68609865470852 ],
	"2" : [ 2.641649103701945, 1.521321927370578, 5.130734541486603, 3.721973094170404 ],
	"20" : [ 0.95555380949895, 0.325895806162687, 0.116452143355171, 4.84304932735426 ],
	"21" : [ 0.876227486307034, 0.0, 0.429861763567156, 8.0 ],
	"22" : [ 2.629422948248463, 1.525652360062812, 5.458255850500987, 3.721973094170404 ],
	"23" : [ 1.611037537216874, 1.827625556903794, 2.938677227206069, 2.977578475336323 ],
	"24" : [ 0.188688761846815, 0.422943617576891, 1.84026139283563, 1.255605381165919 ],
	"25" : [ 1.490850612972881, 0.544166935582026, 3.847327403549229, 0.403587443946188 ],
	"26" : [ 1.950952820977887, 0.362023090462549, 2.377562863816315, 2.699551569506726 ],
	"27" : [ 3.848693552905906, 0.997945399143966, 2.534653146600766, 0.726457399103139 ],
	"3" : [ 1.647191387572179, 1.823342325927906, 2.949905072057975, 2.977578475336323 ],
	"4" : [ 0.164847635434613, 0.416041124387105, 2.693675028741013, 1.255605381165919 ],
	"5" : [ 1.52188596440388, 0.543597916726266, 0.784496627749458, 0.403587443946188 ],
	"6" : [ 1.99613636749269, 0.360662251989015, 1.137200739768666, 2.699551569506726 ],
	"7" : [ 3.861306801004434, 0.997503911530992, 2.816666228950438, 0.726457399103139 ],
	"8" : [ 2.390951414924808, 0.454195917273471, 2.277090892763195, 2.609865470852018 ],
	"9" : [ 1.065128149187779, 0.552778217512167, 3.575284508488447, 1.165919282511211 ]
}
