{
	"0" : [ 1223.719970703125, -39.136478424072266, 2795.0732421875, 23.603084564208984, 3.819682598114014 ],
	"1" : [ 1130.22998046875, -22.741121292114258, 1914.9249267578125, 27.422765731811523, 1.648616790771484 ],
	"10" : [ 571.17578125, -29.330665588378906, 2423.326904296875, 69.613426208496094, 3.11147403717041 ],
	"11" : [ 1190.730712890625, -15.230584144592285, 3433.5283203125, 72.724899291992188, 1.567346930503845 ],
	"12" : [ 955.50982666015625, -40.743297576904297, 3113.1962890625, 74.292243957519531, 3.889342308044434 ],
	"13" : [ 917.06781005859375, -22.203559875488281, 4274.87109375, 78.181587219238281, 1.613786816596985 ],
	"14" : [ 896.6583251953125, -44.572101593017578, 2816.1376953125, 79.795372009277344, 10.263219833374023 ],
	"15" : [ 876.25146484375, -41.587417602539062, 2613.04541015625, 90.05859375, 5.096779823303223 ],
	"16" : [ 723.72796630859375, -24.145587921142578, 3098.123291015625, 95.155372619628906, 2.06657600402832 ],
	"17" : [ 1431.2049560546875, -19.168418884277344, 4262.25048828125, 97.221946716308594, 1.555737018585205 ],
	"18" : [ 478.716552734375, -28.355432510375977, 1442.00830078125, 98.777687072753906, 4.098321914672852 ],
	"19" : [ 587.8428955078125, -40.066898345947266, 2490.792236328125, 102.876007080078125, 3.842902421951294 ],
	"2" : [ 1065.6826171875, -33.548412322998047, 2038.3826904296875, 29.071382522583008, 2.275555610656738 ],
	"20" : [ 615.07550048828125, -27.132196426391602, 2923.2021484375, 106.718910217285156, 1.671836733818054 ],
	"21" : [ 637.6844482421875, -44.112766265869141, 2391.79248046875, 108.3907470703125, 1.787936449050903 ],
	"22" : [ 591.65216064453125, -34.771331787109375, 1826.2716064453125, 110.178688049316406, 2.983764171600342 ],
	"23" : [ 469.710235595703125, -38.583698272705078, 1558.6549072265625, 113.162452697753906, 3.993832111358643 ],
	"24" : [ 889.847412109375, -50.558597564697266, 2945.10498046875, 117.156280517578125, 7.058866024017334 ],
	"25" : [ 867.86822509765625, -29.010272979736328, 1939.3939208984375, 124.21514892578125, 1.904036283493042 ],
	"26" : [ 968.78912353515625, -21.666013717651367, 2423.97412109375, 126.119186401367188, 1.602176904678345 ],
	"27" : [ 1032.9639892578125, -26.244560241699219, 2812.76123046875, 127.721359252929688, 2.890884399414062 ],
	"28" : [ 520.61968994140625, -26.40638542175293, 1971.4388427734375, 130.61224365234375, 2.739954710006714 ],
	"29" : [ 578.8656005859375, -39.301128387451172, 2263.30126953125, 133.352203369140625, 7.836734771728516 ],
	"3" : [ 1069.12353515625, -23.844680786132812, 1848.8118896484375, 31.346939086914062, 1.834376454353333 ],
	"30" : [ 847.47735595703125, -50.206260681152344, 3010.703125, 141.188934326171875, 6.826666831970215 ],
	"31" : [ 991.126220703125, -22.56732177734375, 2296.0859375, 148.015594482421875, 1.695056676864624 ],
	"32" : [ 1067.8316650390625, -27.424404144287109, 2834.02392578125, 149.710662841796875, 1.927256226539612 ],
	"33" : [ 1087.6361083984375, -18.473918914794922, 2213.158447265625, 151.637908935546875, 1.555737018585205 ],
	"34" : [ 879.61376953125, -22.539337158203125, 1691.031005859375, 153.193649291992188, 1.729886651039124 ],
	"35" : [ 1042.2281494140625, -27.115728378295898, 2889.244384765625, 154.923538208007812, 1.590566873550415 ],
	"36" : [ 880.646484375, -17.867391586303711, 3200.382080078125, 156.51409912109375, 1.544126987457275 ],
	"37" : [ 521.15899658203125, -37.744503021240234, 1610.5133056640625, 158.0582275390625, 8.904852867126465 ],
	"38" : [ 508.698883056640625, -44.740180969238281, 2890.057861328125, 166.963088989257812, 9.996190071105957 ],
	"39" : [ 430.850433349609375, -38.757106781005859, 1706.82373046875, 176.959274291992188, 15.359999656677246 ],
	"4" : [ 819.112060546875, -33.069904327392578, 2010.1954345703125, 33.181316375732422, 1.822766423225403 ],
	"40" : [ 1094.2484130859375, -19.766777038574219, 3775.656982421875, 192.31927490234375, 1.602176904678345 ],
	"41" : [ 789.83795166015625, -24.837541580200195, 3205.60986328125, 193.92144775390625, 1.567346930503845 ],
	"42" : [ 666.35858154296875, -22.308353424072266, 2383.56982421875, 195.488800048828125, 1.637006759643555 ],
	"43" : [ 886.657470703125, -18.957988739013672, 1906.697021484375, 197.125808715820312, 1.776326537132263 ],
	"44" : [ 894.31829833984375, -21.155904769897461, 1835.082763671875, 198.902130126953125, 1.683446764945984 ],
	"45" : [ 882.90069580078125, -28.629367828369141, 2376.99072265625, 200.5855712890625, 2.333605527877808 ],
	"46" : [ 838.9464111328125, -24.904172897338867, 1824.424072265625, 202.919189453125, 2.774784564971924 ],
	"47" : [ 1050.566162109375, -54.447532653808594, 3813.746826171875, 205.6939697265625, 7.128526210784912 ],
	"48" : [ 569.80755615234375, -26.188699722290039, 1673.2537841796875, 212.822494506835938, 3.053424119949341 ],
	"49" : [ 1027.1925048828125, -20.562627792358398, 2968.810546875, 215.87591552734375, 1.671836733818054 ],
	"5" : [ 1064.19384765625, -28.765731811523438, 1871.175537109375, 35.004081726074219, 5.119999885559082 ],
	"50" : [ 973.843505859375, -22.10810661315918, 3023.425048828125, 217.547760009765625, 2.19428563117981 ],
	"51" : [ 1532.588623046875, -13.094195365905762, 3204.85986328125, 219.742034912109375, 1.880816340446472 ],
	"52" : [ 1087.2745361328125, -19.270366668701172, 2393.235595703125, 221.62286376953125, 1.625396847724915 ],
	"53" : [ 780.70001220703125, -25.283576965332031, 2721.775634765625, 223.248260498046875, 1.648616790771484 ],
	"54" : [ 690.92620849609375, -31.232818603515625, 1724.48193359375, 224.896865844726562, 4.469841480255127 ],
	"55" : [ 487.124542236328125, -38.061393737792969, 2294.700927734375, 229.366714477539062, 3.691972732543945 ],
	"56" : [ 542.98895263671875, -27.627239227294922, 2161.183349609375, 233.058685302734375, 2.983764171600342 ],
	"57" : [ 584.23394775390625, -37.504913330078125, 2082.680419921875, 236.042449951171875, 6.048798084259033 ],
	"58" : [ 1040.1778564453125, -38.88201904296875, 3307.481689453125, 242.09124755859375, 7.3258957862854 ],
	"59" : [ 739.49566650390625, -40.152206420898438, 2667.221923828125, 249.417144775390625, 8.022494316101074 ],
	"6" : [ 1066.9381103515625, -25.081695556640625, 1660.5172119140625, 40.124080657958984, 2.472925186157227 ],
	"60" : [ 675.0604248046875, -38.531734466552734, 2239.74462890625, 257.43963623046875, 4.632380962371826 ],
	"61" : [ 863.685791015625, -26.901613235473633, 2419.967529296875, 262.072021484375, 4.829750537872314 ],
	"62" : [ 668.82733154296875, -29.678277969360352, 3273.06103515625, 266.901763916015625, 4.922630310058594 ],
	"63" : [ 993.41717529296875, -23.184305191040039, 4338.390625, 271.82440185546875, 1.555737018585205 ],
	"64" : [ 533.69061279296875, -45.737392425537109, 2778.45263671875, 273.380126953125, 7.999274253845215 ],
	"65" : [ 852.50921630859375, -20.504909515380859, 2190.115478515625, 281.379425048828125, 2.06657600402832 ],
	"66" : [ 974.6156005859375, -14.949563026428223, 2047.016357421875, 283.44598388671875, 1.764716506004333 ],
	"67" : [ 426.973541259765625, -39.495624542236328, 1945.7860107421875, 285.210693359375, 14.605351448059082 ],
	"68" : [ 507.360107421875, -44.280410766601562, 2073.1376953125, 299.8160400390625, 3.285623550415039 ],
	"69" : [ 843.386474609375, -53.760650634765625, 2820.985595703125, 303.1016845703125, 9.705941200256348 ],
	"7" : [ 1115.1590576171875, -21.738838195800781, 1896.7618408203125, 42.597007751464844, 2.391655445098877 ],
	"70" : [ 805.16436767578125, -50.511772155761719, 3057.204345703125, 312.8076171875, 6.617687225341797 ],
	"71" : [ 458.50341796875, -45.207828521728516, 2231.91796875, 319.42529296875, 10.774059295654297 ],
	"72" : [ 590.646240234375, -36.003627777099609, 2067.479736328125, 330.199371337890625, 2.229115724563599 ],
	"73" : [ 1388.0565185546875, -9.745408058166504, 2704.93896484375, 332.428466796875, 1.602176904678345 ],
	"74" : [ 1383.64453125, -17.272180557250977, 3208.715576171875, 334.030670166015625, 1.590566873550415 ],