{
	"0" : [ 264.418701171875, -48.52532958984375, 3539.821044921875, 0.673378705978394, 2.275555610656738 ],
	"1" : [ 239.619964599609375, -54.546852111816406, 4532.49609375, 2.948934316635132, 7.000816345214844 ],
	"10" : [ 499.388824462890625, -44.604507446289062, 2832.378173828125, 67.070838928222656, 2.380045413970947 ],
	"11" : [ 509.0623779296875, -34.501171112060547, 2015.80224609375, 69.450881958007812, 2.333605527877808 ],
	"12" : [ 567.26849365234375, -36.469223022460938, 2602.92578125, 71.784492492675781, 2.298775434494019 ],
	"13" : [ 506.748809814453125, -54.456584930419922, 4558.1064453125, 74.083267211914062, 2.298775434494019 ],
	"14" : [ 940.5438232421875, -31.827829360961914, 4077.155517578125, 76.382041931152344, 3.14630389213562 ],
	"15" : [ 465.70806884765625, -49.904056549072266, 4811.07373046875, 79.528343200683594, 2.298775434494019 ],
	"16" : [ 1002.40814208984375, -35.095428466796875, 3233.366455078125, 81.827117919921875, 2.623854875564575 ],
	"17" : [ 267.174041748046875, -56.984226226806641, 4877.7041015625, 84.450973510742188, 8.359183311462402 ],
	"18" : [ 1481.24951171875, -38.006736755371094, 3602.28662109375, 92.810157775878906, 2.902494430541992 ],
	"19" : [ 580.6014404296875, -61.743495941162109, 5219.95751953125, 95.712654113769531, 32.925895690917969 ],
	"2" : [ 338.894866943359375, -34.714336395263672, 3041.517333984375, 9.949750900268555, 2.403265237808228 ],
	"20" : [ 1776.0550537109375, -40.867607116699219, 3763.931640625, 128.6385498046875, 2.275555610656738 ],
	"21" : [ 686.45062255859375, -35.520336151123047, 3483.384765625, 130.914108276367188, 2.890884399414062 ],
	"22" : [ 532.3778076171875, -45.304622650146484, 2743.346435546875, 133.80499267578125, 2.948934316635132 ],
	"23" : [ 539.87109375, -32.384231567382812, 1872.544189453125, 136.753921508789062, 2.310385465621948 ],
	"24" : [ 544.71142578125, -34.942783355712891, 2911.859375, 139.064315795898438, 2.763174533843994 ],
	"25" : [ 567.22125244140625, -29.561929702758789, 3462.742431640625, 141.827484130859375, 2.252335548400879 ],
	"26" : [ 370.759735107421875, -55.471527099609375, 4835.10693359375, 144.079818725585938, 6.733787059783936 ],
	"27" : [ 1483.47900390625, -36.795368194580078, 3335.00244140625, 150.8135986328125, 2.565804958343506 ],
	"28" : [ 1866.653564453125, -47.073204040527344, 3711.99658203125, 153.379409790039062, 2.298775434494019 ],
	"29" : [ 1692.5736083984375, -33.702507019042969, 3073.611083984375, 155.678192138671875, 2.263945579528809 ],
	"3" : [ 276.521240234375, -53.248226165771484, 3713.33740234375, 12.353015899658203, 18.610794067382812 ],
	"30" : [ 556.83154296875, -64.087394714355469, 10256.8466796875, 157.942138671875, 5.224489688873291 ],
	"31" : [ 400.448699951171875, -52.768020629882812, 4459.05712890625, 163.1666259765625, 4.27247142791748 ],
	"32" : [ 329.70831298828125, -46.697803497314453, 3218.938232421875, 167.4390869140625, 4.806530475616455 ],
	"33" : [ 265.408111572265625, -43.885353088378906, 2640.287841796875, 172.245620727539062, 3.22757363319397 ],
	"34" : [ 1009.67181396484375, -51.280445098876953, 4886.06884765625, 175.473190307617188, 4.957460403442383 ],
	"35" : [ 1507.5950927734375, -21.417034149169922, 2539.975830078125, 180.4306640625, 2.333605527877808 ],
	"36" : [ 1233.2960205078125, -15.331832885742188, 2145.394775390625, 182.764266967773438, 2.310385465621948 ],
	"37" : [ 1401.697998046875, -27.042146682739258, 2736.962646484375, 185.07464599609375, 2.728344678878784 ],
	"38" : [ 281.096099853515625, -54.082538604736328, 4271.22119140625, 187.802993774414062, 8.185033798217773 ],
	"39" : [ 818.83270263671875, -45.933238983154297, 3931.6708984375, 195.988021850585938, 2.461315155029297 ],
	"4" : [ 301.94342041015625, -53.111602783203125, 4357.59765625, 30.963809967041016, 7.929614543914795 ],
	"40" : [ 312.02801513671875, -52.305252075195312, 4137.2607421875, 198.4493408203125, 4.22603178024292 ],
	"41" : [ 272.321746826171875, -58.065181732177734, 4930.0615234375, 202.675369262695312, 8.219863891601562 ],
	"42" : [ 274.97698974609375, -58.945693969726562, 5009.92138671875, 210.895233154296875, 3.320453405380249 ],
	"43" : [ 338.059295654296875, -51.411003112792969, 3470.058837890625, 214.2156982421875, 18.134784698486328 ],
	"44" : [ 231.898788452148438, -61.919654846191406, 5389.76953125, 232.350479125976562, 20.271020889282227 ],
	"45" : [ 288.2677001953125, -57.165058135986328, 4409.35986328125, 252.621490478515625, 3.970612287521362 ],
	"46" : [ 257.378021240234375, -61.095165252685547, 5186.91259765625, 256.59210205078125, 17.867755889892578 ],
	"47" : [ 937.8232421875, -52.999469757080078, 4654.666015625, 274.459869384765625, 4.318911552429199 ],
	"48" : [ 1000.9281005859375, -33.256900787353516, 2203.85205078125, 278.778778076171875, 2.554194927215576 ],
	"49" : [ 599.62109375, -28.267837524414062, 2172.90234375, 281.332977294921875, 2.310385465621948 ],
	"5" : [ 399.824127197265625, -49.599929809570312, 3544.0478515625, 38.893424987792969, 4.655601024627686 ],
	"50" : [ 859.55133056640625, -48.200565338134766, 3714.9560546875, 283.643341064453125, 7.47682523727417 ],
	"51" : [ 891.30096435546875, -40.501552581787109, 3733.080810546875, 291.12017822265625, 3.680362701416016 ],
	"52" : [ 549.51556396484375, -31.38116455078125, 3584.409423828125, 294.800537109375, 2.705124616622925 ],
	"53" : [ 894.1278076171875, -46.0777587890625, 4210.35302734375, 297.50567626953125, 4.446621417999268 ],
	"54" : [ 430.072052001953125, -50.577072143554688, 4089.36279296875, 301.952301025390625, 10.762449264526367 ],
	"55" : [ 371.032989501953125, -55.825702667236328, 4393.580078125, 312.714752197265625, 6.118458271026611 ],
	"56" : [ 938.93389892578125, -39.611801147460938, 3164.544189453125, 318.83319091796875, 2.275555610656738 ],
	"57" : [ 355.349700927734375, -46.013580322265625, 3783.846435546875, 321.1087646484375, 2.275555610656738 ],
	"58" : [ 475.70672607421875, -47.930381774902344, 4602.3583984375, 323.384307861328125, 2.263945579528809 ],
	"59" : [ 730.50958251953125, -66.761116027832031, 11993.9130859375, 325.64825439453125, 6.22294807434082 ],
	"6" : [ 402.60284423828125, -41.863571166992188, 3033.101806640625, 43.549026489257812, 2.426485300064087 ],
	"60" : [ 585.4466552734375, -30.492597579956055, 2209.791259765625, 331.8712158203125, 2.310385465621948 ],
	"61" : [ 973.82049560546875, -23.813623428344727, 2915.0146484375, 334.18157958984375, 2.263945579528809 ],
	"62" : [ 671.61480712890625, -41.945919036865234, 3438.81298828125, 336.445526123046875, 2.438095331192017 ],
	"63" : [ 259.1024169921875, -59.068470001220703, 5361.62646484375, 338.883636474609375, 2.554194927215576 ],
	"64" : [ 528.61688232421875, -37.470111846923828, 2982.056640625, 341.437835693359375, 2.484535217285156 ],
	"65" : [ 375.0655517578125, -47.661334991455078, 3575.32470703125, 343.92236328125, 2.426485300064087 ],
	"66" : [ 586.005126953125, -33.153175354003906, 2304.65478515625, 346.348846435546875, 2.321995496749878 ],
	"67" : [ 663.0128173828125, -41.843822479248047, 3120.694580078125, 348.67083740234375, 2.380045413970947 ],
	"68" : [ 371.45867919921875, -47.350673675537109, 3551.447998046875, 351.050872802734375, 3.900952339172363 ],
	"7" : [ 402.635986328125, -36.857807159423828, 3191.17431640625, 45.975509643554688, 2.368435382843018 ],
	"8" : [ 327.496368408203125, -52.618118286132812, 4410.9169921875, 48.343944549560547, 15.70829963684082 ],
	"9" : [ 494.103179931640625, -40.845657348632812, 1979.4073486328125, 64.05224609375, 3.018594026565552 ]
}
