{
	"0" : [ 623.36444091796875, -52.56585693359375, 3363.349365234375, 1.764716506004333, 27.422765731811523 ],
	"1" : [ 3270.77734375, -51.325828552246094, 4203.38916015625, 29.187482833862305, 4.005442142486572 ],
	"10" : [ 199.111541748046875, -32.666915893554688, 1892.9483642578125, 93.297775268554688, 1.172607660293579 ],
	"11" : [ 194.111953735351562, -31.007572174072266, 1011.3634033203125, 94.470382690429688, 1.219047665596008 ],
	"12" : [ 202.028717041015625, -35.852371215820312, 1031.9310302734375, 95.689430236816406, 1.195827722549438 ],
	"13" : [ 279.750885009765625, -53.633968353271484, 3039.783935546875, 96.885261535644531, 10.878548622131348 ],
	"14" : [ 960.31890869140625, -54.985809326171875, 3400.4072265625, 107.763809204101562, 23.788843154907227 ],
	"15" : [ 255.519012451171875, -41.230049133300781, 2880.711669921875, 131.552658081054688, 4.551111221313477 ],
	"16" : [ 225.75469970703125, -41.716629028320312, 2181.3779296875, 136.103759765625, 1.764716506004333 ],
	"17" : [ 486.387420654296875, -49.605300903320312, 2808.564208984375, 137.868484497070312, 20.15492057800293 ],
	"18" : [ 242.948837280273438, -40.567272186279297, 2512.51318359375, 158.023406982421875, 1.253877520561218 ],
	"19" : [ 217.6932373046875, -35.556095123291016, 2177.8681640625, 159.27728271484375, 1.184217691421509 ],
	"2" : [ 609.7003173828125, -54.411556243896484, 3458.77587890625, 33.192924499511719, 25.855419158935547 ],
	"20" : [ 268.144287109375, -54.512798309326172, 3189.6669921875, 160.461502075195312, 12.376235961914062 ],
	"21" : [ 423.749755859375, -51.576004028320312, 3187.4794921875, 172.837738037109375, 7.383945465087891 ],
	"22" : [ 337.429718017578125, -28.364496231079102, 1106.280517578125, 180.2216796875, 1.195827722549438 ],
	"23" : [ 1217.729248046875, -54.645076751708984, 3287.25390625, 181.417510986328125, 18.401813507080078 ],
	"24" : [ 727.2060546875, -44.927814483642578, 3246.772216796875, 199.819320678710938, 1.323537468910217 ],
	"25" : [ 835.7774658203125, -34.680919647216797, 3744.18408203125, 201.142852783203125, 1.625396847724915 ],
	"26" : [ 841.03173828125, -16.954967498779297, 2742.405517578125, 202.76824951171875, 1.195827722549438 ],
	"27" : [ 934.578125, -17.907304763793945, 2210.88818359375, 203.964080810546875, 1.172607660293579 ],
	"28" : [ 963.78436279296875, -24.244155883789062, 2529.252197265625, 205.136688232421875, 1.184217691421509 ],
	"29" : [ 947.54034423828125, -17.349697113037109, 2765.863525390625, 206.320907592773438, 1.195827722549438 ],
	"3" : [ 919.577392578125, -42.794124603271484, 3944.001220703125, 59.048343658447266, 1.532516956329346 ],
	"30" : [ 797.0140380859375, -23.09027099609375, 2857.9169921875, 207.516738891601562, 1.253877520561218 ],
	"31" : [ 734.56378173828125, -17.819185256958008, 2415.550048828125, 208.770614624023438, 1.253877520561218 ],
	"32" : [ 938.639892578125, -18.329923629760742, 2193.26416015625, 210.024490356445312, 1.335147380828857 ],
	"33" : [ 898.85943603515625, -19.775318145751953, 2100.08349609375, 211.359634399414062, 1.184217691421509 ],
	"34" : [ 954.04632568359375, -19.157943725585938, 2538.030029296875, 212.543853759765625, 1.195827722549438 ],
	"35" : [ 944.88385009765625, -17.486995697021484, 2461.12109375, 213.73968505859375, 1.230657577514648 ],
	"36" : [ 965.80877685546875, -29.857244491577148, 2835.722900390625, 214.9703369140625, 1.195827722549438 ],
	"37" : [ 944.43280029296875, -18.012739181518555, 2557.996826171875, 216.166168212890625, 1.195827722549438 ],
	"38" : [ 943.96636962890625, -18.423410415649414, 2430.672607421875, 217.36199951171875, 1.219047665596008 ],
	"39" : [ 805.8665771484375, -18.32685661315918, 2335.9755859375, 218.581039428710938, 1.207437634468079 ],
	"4" : [ 575.1448974609375, -54.803817749023438, 3343.633056640625, 60.580860137939453, 10.901768684387207 ],
	"40" : [ 516.675537109375, -41.662376403808594, 2597.76611328125, 219.788482666015625, 2.658684730529785 ],
	"41" : [ 225.365692138671875, -33.662834167480469, 2342.83642578125, 222.447158813476562, 1.613786816596985 ],
	"42" : [ 948.73193359375, -32.226596832275391, 3056.188720703125, 224.060958862304688, 1.288707494735718 ],
	"43" : [ 775.4090576171875, -23.791475296020508, 2874.76513671875, 225.349655151367188, 1.172607660293579 ],
	"44" : [ 926.6151123046875, -19.348604202270508, 2506.075927734375, 226.522262573242188, 1.242267608642578 ],
	"45" : [ 229.603897094726562, -41.783809661865234, 2504.9130859375, 227.764541625976562, 1.428027153015137 ],
	"46" : [ 733.54840087890625, -25.202777862548828, 2562.19482421875, 229.19256591796875, 1.207437634468079 ],
	"47" : [ 717.10430908203125, -26.822134017944336, 2902.313232421875, 230.399993896484375, 1.729886651039124 ],
	"48" : [ 885.82110595703125, -14.216436386108398, 1903.77294921875, 232.1298828125, 1.253877520561218 ],
	"49" : [ 951.70556640625, -19.003316879272461, 2389.456787109375, 233.383758544921875, 1.184217691421509 ],
	"5" : [ 1108.64697265625, -53.772125244140625, 3192.55517578125, 71.482627868652344, 6.36226749420166 ],
	"50" : [ 211.05841064453125, -55.266586303710938, 3156.845458984375, 234.567977905273438, 25.948299407958984 ],
	"51" : [ 282.334808349609375, -42.780105590820312, 2038.1024169921875, 260.51629638671875, 3.320453405380249 ],
	"52" : [ 905.675537109375, -23.731178283691406, 2316.69482421875, 263.83673095703125, 1.195827722549438 ],
	"53" : [ 940.80987548828125, -19.797979354858398, 2985.4775390625, 265.032562255859375, 1.219047665596008 ],
	"54" : [ 959.5518798828125, -33.189743041992188, 2293.529541015625, 266.251617431640625, 1.346757411956787 ],
	"55" : [ 888.669189453125, -21.853450775146484, 2084.80859375, 267.598358154296875, 1.335147380828857 ],
	"56" : [ 928.67535400390625, -41.179576873779297, 2841.275634765625, 268.933502197265625, 2.530975103378296 ],
	"57" : [ 1010.72589111328125, -20.562788009643555, 1980.4158935546875, 271.4644775390625, 1.265487551689148 ],
	"58" : [ 933.02020263671875, -18.707433700561523, 2077.97900390625, 272.72998046875, 1.172607660293579 ],
	"59" : [ 937.3592529296875, -15.878995895385742, 2196.546630859375, 273.902587890625, 1.230657577514648 ],
	"6" : [ 476.97039794921875, -48.977199554443359, 3246.327880859375, 77.844894409179688, 3.19274377822876 ],
	"60" : [ 645.57965087890625, -54.281166076660156, 3229.5302734375, 275.13323974609375, 15.046530723571777 ],
	"61" : [ 451.06207275390625, -26.807851791381836, 1992.764892578125, 290.179779052734375, 1.195827722549438 ],
	"62" : [ 669.06536865234375, -25.670839309692383, 2764.766845703125, 291.3756103515625, 1.195827722549438 ],
	"63" : [ 467.459991455078125, -27.382476806640625, 1504.9332275390625, 292.571441650390625, 1.195827722549438 ],
	"64" : [ 501.82086181640625, -54.731880187988281, 3114.454833984375, 293.767242431640625, 5.491519451141357 ],
	"65" : [ 356.869720458984375, -44.445610046386719, 2887.59765625, 299.2587890625, 3.424943208694458 ],
	"66" : [ 771.16302490234375, -20.230039596557617, 2096.802001953125, 302.6837158203125, 1.172607660293579 ],
	"67" : [ 966.5809326171875, -19.751916885375977, 2445.671630859375, 303.8563232421875, 1.184217691421509 ],
	"68" : [ 754.82720947265625, -18.106571197509766, 1995.60205078125, 305.040557861328125, 1.242267608642578 ],
	"69" : [ 733.62567138671875, -19.553836822509766, 2162.578857421875, 306.282806396484375, 1.195827722549438 ],
	"7" : [ 652.03424072265625, -31.700969696044922, 3839.616455078125, 81.037643432617188, 1.207437634468079 ],
	"70" : [ 821.61529541015625, -22.59276008605957, 2009.70849609375, 307.4786376953125, 1.184217691421509 ],
	"71" : [ 818.589111328125, -22.787755966186523, 1970.261962890625, 308.662872314453125, 1.207437634468079 ],
	"72" : [ 266.878143310546875, -48.08209228515625, 2554.5166015625, 309.87030029296875, 6.687346935272217 ],
	"73" : [ 570.9873046875, -24.809734344482422, 2026.69482421875, 316.557647705078125, 1.265487551689148 ],