{
	"0" : [ 264.453948974609375, -48.250080108642578, 3542.655517578125, 0.673378705978394, 2.310385465621948 ],
	"1" : [ 239.464324951171875, -54.662506103515625, 4537.17822265625, 2.983764171600342, 6.965986251831055 ],
	"10" : [ 467.792144775390625, -39.495113372802734, 4387.91357421875, 76.393653869628906, 5.433469295501709 ],
	"11" : [ 362.740325927734375, -51.514549255371094, 4458.767578125, 81.827117919921875, 11.110748291015625 ],
	"12" : [ 1503.5001220703125, -38.325736999511719, 3660.8017578125, 92.9378662109375, 2.774784564971924 ],
	"13" : [ 580.6014404296875, -61.743495941162109, 5219.95751953125, 95.712654113769531, 32.925895690917969 ],
	"14" : [ 1728.0618896484375, -39.977161407470703, 3726.959228515625, 128.6385498046875, 2.554194927215576 ],
	"15" : [ 535.2589111328125, -40.695423126220703, 3060.389892578125, 131.1927490234375, 5.723718643188477 ],
	"16" : [ 540.47283935546875, -32.111827850341797, 1877.15478515625, 136.916458129882812, 2.14784574508667 ],
	"17" : [ 544.71142578125, -34.942783355712891, 2911.859375, 139.064315795898438, 2.763174533843994 ],
	"18" : [ 578.1817626953125, -29.994829177856445, 3466.8603515625, 141.827484130859375, 2.043355941772461 ],
	"19" : [ 372.90673828125, -54.442306518554688, 4778.39013671875, 143.870834350585938, 6.977596282958984 ],
	"2" : [ 336.64495849609375, -35.639072418212891, 3117.332275390625, 9.949750900268555, 2.171065807342529 ],
	"20" : [ 1549.5181884765625, -36.626846313476562, 3333.78564453125, 150.848434448242188, 2.658684730529785 ],
	"21" : [ 1806.38427734375, -47.853839874267578, 3741.147216796875, 153.507125854492188, 2.182675838470459 ],
	"22" : [ 1682.181640625, -35.196884155273438, 3138.607666015625, 155.689788818359375, 2.054965972900391 ],
	"23" : [ 635.97003173828125, -62.35736083984375, 9955.09765625, 157.744766235351562, 5.433469295501709 ],
	"24" : [ 405.287200927734375, -52.819511413574219, 4463.0478515625, 163.178237915039062, 4.260861873626709 ],
	"25" : [ 330.481170654296875, -46.655063629150391, 3220.61865234375, 167.4390869140625, 4.818140506744385 ],
	"26" : [ 265.408111572265625, -43.797756195068359, 2634.0986328125, 172.257232666015625, 3.250793695449829 ],
	"27" : [ 1015.47943115234375, -51.363662719726562, 4902.80029296875, 175.508026123046875, 4.934240341186523 ],
	"28" : [ 1506.0589599609375, -22.383081436157227, 2590.873779296875, 180.4422607421875, 2.07818603515625 ],
	"29" : [ 1517.2349853515625, -14.223660469055176, 2164.776123046875, 182.52044677734375, 2.12462592124939 ],
	"3" : [ 284.108642578125, -52.976383209228516, 3893.5576171875, 12.120816230773926, 26.772607803344727 ],
	"30" : [ 1351.3336181640625, -23.727695465087891, 2500.38671875, 184.64508056640625, 2.391655445098877 ],
	"31" : [ 282.56719970703125, -52.240093231201172, 4169.39013671875, 187.036727905273438, 8.962902069091797 ],
	"32" : [ 823.434814453125, -45.859130859375, 3921.252197265625, 195.9996337890625, 2.472925186157227 ],
	"33" : [ 315.19061279296875, -51.491031646728516, 4092.72705078125, 198.472564697265625, 4.435011386871338 ],
	"34" : [ 269.2740478515625, -58.744380950927734, 4977.37109375, 202.907577514648438, 7.987664222717285 ],
	"35" : [ 275.726837158203125, -58.849884033203125, 4999.55224609375, 210.895233154296875, 3.332063436508179 ],
	"36" : [ 337.96002197265625, -51.405548095703125, 3470.05029296875, 214.227294921875, 18.134784698486328 ],
	"37" : [ 242.38690185546875, -61.162879943847656, 5230.47998046875, 232.362091064453125, 24.230022430419922 ],
	"38" : [ 257.419921875, -61.070392608642578, 5185.0751953125, 256.59210205078125, 17.879365921020508 ],
	"39" : [ 692.5318603515625, -42.141899108886719, 3420.316162109375, 274.471466064453125, 8.56816291809082 ],
	"4" : [ 401.62646484375, -48.189502716064453, 3493.249267578125, 38.893424987792969, 5.305759429931641 ],
	"40" : [ 871.06353759765625, -46.6944580078125, 3611.593017578125, 283.039642333984375, 8.126984596252441 ],
	"41" : [ 886.27484130859375, -40.622173309326172, 3739.97412109375, 291.1666259765625, 3.633922815322876 ],
	"42" : [ 549.87603759765625, -31.367265701293945, 3584.6826171875, 294.800537109375, 2.716734647750854 ],
	"43" : [ 898.02276611328125, -46.116420745849609, 4212.91015625, 297.51727294921875, 4.435011386871338 ],
	"44" : [ 430.072052001953125, -50.550334930419922, 4088.126708984375, 301.952301025390625, 10.774059295654297 ],
	"45" : [ 371.127288818359375, -55.822338104248047, 4394.04150390625, 312.726348876953125, 6.118458271026611 ],
	"46" : [ 923.8531494140625, -40.493122100830078, 3132.037353515625, 318.844818115234375, 2.10140585899353 ],
	"47" : [ 375.732452392578125, -46.081939697265625, 3768.169677734375, 320.94622802734375, 2.252335548400879 ],
	"48" : [ 469.27294921875, -46.213615417480469, 4321.97802734375, 323.19854736328125, 2.739954710006714 ],
	"49" : [ 716.946533203125, -67.841468811035156, 12434.748046875, 325.938507080078125, 5.944308280944824 ],
	"5" : [ 398.652984619140625, -41.46539306640625, 3115.628662109375, 44.199184417724609, 3.471383333206177 ],
	"50" : [ 577.356689453125, -31.407491683959961, 2159.70751953125, 331.8828125, 2.06657600402832 ],
	"51" : [ 857.7098388671875, -24.446004867553711, 2986.53759765625, 333.94940185546875, 2.089795827865601 ],
	"52" : [ 767.7086181640625, -38.770767211914062, 3298.08447265625, 336.0391845703125, 2.844444513320923 ],
	"53" : [ 262.551666259765625, -58.803913116455078, 5344.75830078125, 338.883636474609375, 2.577414989471436 ],
	"54" : [ 527.24664306640625, -37.487201690673828, 2973.7255859375, 341.461029052734375, 2.472925186157227 ],
	"55" : [ 347.88714599609375, -49.651092529296875, 3777.1865234375, 343.9339599609375, 2.07818603515625 ],
	"56" : [ 528.04437255859375, -34.486751556396484, 2309.873779296875, 346.01214599609375, 2.229115724563599 ],
	"57" : [ 623.40576171875, -43.60137939453125, 3339.509765625, 348.24127197265625, 2.182675838470459 ],
	"58" : [ 430.006439208984375, -43.956790924072266, 3248.70947265625, 350.4239501953125, 4.725260734558105 ],
	"6" : [ 376.131805419921875, -49.270931243896484, 3840.641357421875, 47.670566558837891, 21.96607780456543 ],
	"7" : [ 509.496063232421875, -34.572299957275391, 2047.451416015625, 69.636642456054688, 2.182675838470459 ],
	"8" : [ 563.2529296875, -36.971466064453125, 2635.745849609375, 71.819320678710938, 2.171065807342529 ],
	"9" : [ 511.66497802734375, -53.308612823486328, 4467.29345703125, 73.990386962890625, 2.403265237808228 ]
}
