{
	"0" : [ 1824.0701904296875, -43.316242218017578, 3766.731689453125, 1.126167774200439, 3.076643943786621 ],
	"1" : [ 230.938812255859375, -52.1881103515625, 3087.4541015625, 4.202811717987061, 3.19274377822876 ],
	"10" : [ 377.387542724609375, -53.182601928710938, 3901.64990234375, 37.56988525390625, 2.240725517272949 ],
	"11" : [ 356.894622802734375, -43.813339233398438, 4072.968017578125, 39.810611724853516, 2.275555610656738 ],
	"12" : [ 229.087783813476562, -39.973728179931641, 2669.912353515625, 42.086166381835938, 2.287165641784668 ],
	"13" : [ 421.927276611328125, -51.932304382324219, 3768.790771484375, 44.373332977294922, 5.18966007232666 ],
	"14" : [ 1010.83270263671875, -33.925193786621094, 2836.381103515625, 49.562992095947266, 2.321995496749878 ],
	"15" : [ 590.8502197265625, -37.521968841552734, 2325.680908203125, 51.884986877441406, 2.333605527877808 ],
	"16" : [ 341.1749267578125, -55.492759704589844, 3811.384521484375, 54.218593597412109, 3.15791392326355 ],
	"17" : [ 350.244842529296875, -51.368755340576172, 3275.8935546875, 57.376506805419922, 2.391655445098877 ],
	"18" : [ 380.108551025390625, -47.098346710205078, 3278.68359375, 59.768161773681641, 2.577414989471436 ],
	"19" : [ 501.66546630859375, -41.6768798828125, 2989.886962890625, 62.345577239990234, 2.205895662307739 ],
	"2" : [ 258.721710205078125, -52.932376861572266, 3427.90576171875, 7.39555549621582, 2.507755041122437 ],
	"20" : [ 283.824981689453125, -42.120338439941406, 3149.23583984375, 64.551475524902344, 2.12462592124939 ],
	"21" : [ 448.771270751953125, -36.376136779785156, 3227.18359375, 66.676101684570312, 2.171065807342529 ],
	"22" : [ 705.6143798828125, -25.218507766723633, 2087.793701171875, 68.84716796875, 2.252335548400879 ],
	"23" : [ 551.14630126953125, -35.196369171142578, 3236.38330078125, 71.099502563476562, 2.205895662307739 ],
	"24" : [ 729.1927490234375, -27.011072158813477, 2404.62109375, 73.305397033691406, 2.1594557762146 ],
	"25" : [ 752.45538330078125, -30.139270782470703, 2762.349609375, 75.464851379394531, 2.19428563117981 ],
	"26" : [ 354.328521728515625, -34.57208251953125, 2343.11376953125, 77.659141540527344, 2.13623571395874 ],
	"27" : [ 595.12738037109375, -28.197799682617188, 1984.05859375, 79.795372009277344, 2.438095331192017 ],
	"28" : [ 689.7452392578125, -24.62181282043457, 1866.2379150390625, 82.233467102050781, 2.14784574508667 ],
	"29" : [ 832.32373046875, -24.187604904174805, 2087.607177734375, 84.381317138671875, 2.14784574508667 ],
	"3" : [ 1753.2935791015625, -42.636234283447266, 3507.5771484375, 9.903310775756836, 2.798004627227783 ],
	"30" : [ 756.59222412109375, -20.622392654418945, 2133.1630859375, 86.529159545898438, 2.19428563117981 ],
	"31" : [ 1024.2276611328125, -17.534042358398438, 1863.810546875, 88.72344970703125, 2.1594557762146 ],
	"32" : [ 1390.893310546875, -20.739509582519531, 2250.710693359375, 90.882904052734375, 2.171065807342529 ],
	"33" : [ 301.001434326171875, -65.840339660644531, 6420.4228515625, 93.053970336914062, 7.4884352684021 ],
	"34" : [ 448.170379638671875, -63.067874908447266, 5378.19482421875, 100.542404174804688, 9.740771293640137 ],
	"35" : [ 412.40203857421875, -57.891578674316406, 4485.6591796875, 110.283172607421875, 4.806530475616455 ],
	"36" : [ 344.7679443359375, -56.9840087890625, 4176.51953125, 115.089706420898438, 2.182675838470459 ],
	"37" : [ 409.62542724609375, -56.855247497558594, 4064.822998046875, 117.272384643554688, 14.071292877197266 ],
	"38" : [ 434.187744140625, -56.029544830322266, 4410.291015625, 131.343673706054688, 3.924172401428223 ],
	"39" : [ 396.723541259765625, -56.424697875976562, 3639.8349609375, 135.267852783203125, 4.551111221313477 ],
	"4" : [ 1462.787109375, -52.085479736328125, 4127.40771484375, 12.701314926147461, 3.773242712020874 ],
	"40" : [ 365.20074462890625, -51.169452667236328, 3314.077392578125, 139.818954467773438, 3.22757363319397 ],
	"41" : [ 509.943145751953125, -50.409259796142578, 3784.345703125, 143.046524047851562, 2.716734647750854 ],
	"42" : [ 895.21051025390625, -43.519569396972656, 3290.010498046875, 145.763259887695312, 2.391655445098877 ],
	"43" : [ 553.12567138671875, -42.935867309570312, 2728.22412109375, 148.154922485351562, 2.1594557762146 ],
	"44" : [ 588.85986328125, -45.822113037109375, 2695.361083984375, 150.314376831054688, 3.633922815322876 ],
	"45" : [ 599.12127685546875, -39.660694122314453, 2271.933349609375, 153.94830322265625, 2.205895662307739 ],
	"46" : [ 615.6019287109375, -44.03631591796875, 2605.919921875, 156.154190063476562, 2.739954710006714 ],
	"47" : [ 358.388763427734375, -48.950027465820312, 2859.547119140625, 158.894149780273438, 4.469841480255127 ],
	"48" : [ 365.8778076171875, -44.620883941650391, 2524.87255859375, 163.363998413085938, 2.403265237808228 ],
	"49" : [ 340.3797607421875, -43.090202331542969, 2265.14111328125, 165.767257690429688, 3.239183664321899 ],
	"5" : [ 420.553375244140625, -56.471164703369141, 4388.2373046875, 16.474557876586914, 6.29260778427124 ],
	"50" : [ 676.95849609375, -36.616733551025391, 2130.175048828125, 169.006439208984375, 2.182675838470459 ],
	"51" : [ 480.949127197265625, -34.146160125732422, 2005.63427734375, 171.189117431640625, 2.182675838470459 ],
	"52" : [ 677.70233154296875, -40.516841888427734, 2260.613037109375, 173.371795654296875, 2.321995496749878 ],
	"53" : [ 437.66522216796875, -34.060054779052734, 1589.959228515625, 175.69378662109375, 2.1594557762146 ],
	"54" : [ 407.26507568359375, -30.967964172363281, 1454.7904052734375, 177.853240966796875, 2.14784574508667 ],
	"55" : [ 746.47344970703125, -42.846805572509766, 2768.37109375, 180.001083374023438, 4.121541976928711 ],
	"56" : [ 429.080535888671875, -38.050880432128906, 2254.580810546875, 184.122634887695312, 2.14784574508667 ],
	"57" : [ 1368.9449462890625, -51.121376037597656, 4006.659912109375, 186.270477294921875, 16.61387825012207 ],
	"58" : [ 415.077178955078125, -51.545806884765625, 3822.62890625, 202.884353637695312, 3.041814088821411 ],
	"59" : [ 1487.9053955078125, -50.65704345703125, 3772.43212890625, 205.926162719726562, 3.552653074264526 ],
	"6" : [ 370.0458984375, -58.905651092529297, 4299.7890625, 22.767166137695312, 3.947392225265503 ],
	"60" : [ 976.9046630859375, -54.539592742919922, 4172.88427734375, 209.47882080078125, 4.934240341186523 ],
	"61" : [ 1262.97412109375, -53.355846405029297, 3851.43359375, 214.413055419921875, 3.471383333206177 ],
	"62" : [ 1274.4915771484375, -52.370105743408203, 4169.95556640625, 217.884445190429688, 5.108389854431152 ],
	"63" : [ 1583.8876953125, -53.640693664550781, 4407.89453125, 222.992828369140625, 10.077460289001465 ],
	"64" : [ 2113.2822265625, -47.662010192871094, 3611.585693359375, 233.070297241210938, 2.14784574508667 ],
	"65" : [ 2986.755126953125, -48.113513946533203, 4507.1630859375, 235.2181396484375, 2.287165641784668 ],
	"66" : [ 256.902557373046875, -58.162818908691406, 4981.5927734375, 237.50531005859375, 6.37387752532959 ],
	"7" : [ 398.158905029296875, -53.051303863525391, 3889.672119140625, 26.714557647705078, 3.877732515335083 ],
	"8" : [ 989.5107421875, -34.567394256591797, 2954.87646484375, 30.592290878295898, 2.356825351715088 ],
	"9" : [ 625.24884033203125, -46.057476043701172, 3006.8427734375, 32.949115753173828, 4.620770931243896 ]
}
