{
	"0" : [ 340.315216064453125, -59.937568664550781, 4903.513671875, 141.409530639648438, 16.277187347412109 ],
	"1" : [ 238.09539794921875, -66.50726318359375, 5448.67578125, 157.68670654296875, 21.664216995239258 ],
	"10" : [ 206.947174072265625, -69.546661376953125, 5493.49365234375, 375.013885498046875, 27.573696136474609 ],
	"11" : [ 266.824188232421875, -67.311080932617188, 5491.0419921875, 402.58758544921875, 5.398639678955078 ],
	"12" : [ 203.88623046875, -69.03948974609375, 5661.79150390625, 407.9862060546875, 11.400998115539551 ],
	"13" : [ 164.233230590820312, -70.429054260253906, 5699.21923828125, 419.38720703125, 5.027120113372803 ],
	"14" : [ 337.646728515625, -63.036106109619141, 5243.6787109375, 424.414337158203125, 5.212879657745361 ],
	"15" : [ 234.575225830078125, -66.276954650878906, 5535.6259765625, 429.627197265625, 11.284897804260254 ],
	"16" : [ 317.955322265625, -64.261703491210938, 5321.640625, 440.912109375, 13.154104232788086 ],
	"17" : [ 251.124496459960938, -66.104454040527344, 5188.03759765625, 454.06622314453125, 7.33750581741333 ],
	"18" : [ 169.919296264648438, -70.155479431152344, 5470.052734375, 461.403717041015625, 70.693153381347656 ],
	"19" : [ 148.89349365234375, -68.779220581054688, 5677.890625, 532.09686279296875, 8.231473922729492 ],
	"2" : [ 321.364288330078125, -67.284454345703125, 4900.1923828125, 179.350936889648438, 56.00653076171875 ],
	"20" : [ 176.84283447265625, -63.312847137451172, 5656.73095703125, 540.328369140625, 7.093696117401123 ],
	"21" : [ 248.980072021484375, -61.294750213623047, 4748.20263671875, 547.42205810546875, 7.453605651855469 ],
	"22" : [ 159.664138793945312, -67.867683410644531, 5612.5537109375, 554.87567138671875, 13.212154388427734 ],
	"23" : [ 137.960845947265625, -70.200088500976562, 5850.09423828125, 568.08782958984375, 6.327437877655029 ],
	"24" : [ 156.136886596679688, -68.642539978027344, 5790.265625, 574.41522216796875, 5.398639678955078 ],
	"25" : [ 143.396575927734375, -67.994644165039062, 5656.126953125, 579.81390380859375, 5.700499057769775 ],
	"26" : [ 144.026824951171875, -68.773216247558594, 5821.78271484375, 585.514404296875, 5.514739036560059 ],
	"27" : [ 148.089309692382812, -69.661491394042969, 5737.70947265625, 591.02911376953125, 5.665668964385986 ],
	"28" : [ 149.521133422851562, -69.165229797363281, 5723.4306640625, 596.69476318359375, 5.607619285583496 ],
	"29" : [ 144.815582275390625, -69.714256286621094, 5737.83544921875, 602.30242919921875, 5.27092981338501 ],
	"3" : [ 852.6973876953125, -47.735149383544922, 4228.81494140625, 235.357467651367188, 2.229115724563599 ],
	"30" : [ 161.625030517578125, -65.533683776855469, 5612.92431640625, 607.57330322265625, 6.791836738586426 ],
	"31" : [ 129.268325805664062, -71.000778198242188, 5798.90234375, 614.36517333984375, 6.884716510772705 ],
	"32" : [ 281.9483642578125, -58.364498138427734, 4982.31396484375, 621.2498779296875, 8.150203704833984 ],
	"33" : [ 276.031097412109375, -65.257400512695312, 4858.7294921875, 629.40008544921875, 56.052970886230469 ],
	"34" : [ 742.6661376953125, -61.620578765869141, 4956.876953125, 685.45306396484375, 4.017052173614502 ],
	"35" : [ 715.078857421875, -61.683135986328125, 4344.1220703125, 689.4700927734375, 23.777233123779297 ],
	"36" : [ 937.39276123046875, -57.444133758544922, 4330.9677734375, 713.24737548828125, 3.761632680892944 ],
	"37" : [ 802.27874755859375, -56.136100769042969, 4547.05322265625, 717.00897216796875, 4.30730152130127 ],
	"38" : [ 627.783447265625, -54.850200653076172, 4662.9853515625, 721.3162841796875, 5.700499057769775 ],
	"39" : [ 991.91766357421875, -60.596858978271484, 4626.6484375, 727.01678466796875, 3.1695237159729 ],
	"4" : [ 406.90447998046875, -46.367401123046875, 4637.34375, 237.586578369140625, 2.333605527877808 ],
	"40" : [ 804.23345947265625, -54.100986480712891, 4290.62939453125, 730.186279296875, 2.890884399414062 ],
	"41" : [ 420.07757568359375, -49.714450836181641, 4620.86572265625, 733.07720947265625, 3.1695237159729 ],
	"42" : [ 407.11785888671875, -52.857048034667969, 3922.68505859375, 736.2467041015625, 3.970612287521362 ],
	"43" : [ 1260.765380859375, -43.836830139160156, 4729.63720703125, 740.21734619140625, 3.297233581542969 ],
	"44" : [ 1149.4573974609375, -46.999134063720703, 4479.9150390625, 743.51458740234375, 2.565804958343506 ],
	"45" : [ 954.6285400390625, -44.645538330078125, 4823.1884765625, 746.08038330078125, 2.960544109344482 ],
	"46" : [ 937.05963134765625, -51.456638336181641, 3952.9267578125, 749.0408935546875, 2.12462592124939 ],
	"47" : [ 384.22564697265625, -35.641361236572266, 3291.127197265625, 751.16552734375, 1.567346930503845 ],
	"48" : [ 386.712738037109375, -37.310329437255859, 3115.527587890625, 752.73291015625, 1.764716506004333 ],
	"49" : [ 845.93878173828125, -34.200286865234375, 3297.52490234375, 754.49761962890625, 1.718276619911194 ],
	"5" : [ 506.576629638671875, -39.071220397949219, 4753.6142578125, 239.920181274414062, 2.345215320587158 ],
	"50" : [ 356.737396240234375, -38.03485107421875, 3435.70263671875, 756.21588134765625, 1.834376454353333 ],
	"51" : [ 336.86676025390625, -35.033538818359375, 3865.5693359375, 758.05023193359375, 2.205895662307739 ],
	"52" : [ 316.25042724609375, -39.089302062988281, 3592.449951171875, 760.25616455078125, 2.739954710006714 ],
	"53" : [ 347.702606201171875, -37.855545043945312, 3848.886474609375, 762.99609375, 1.648616790771484 ],
	"54" : [ 317.995330810546875, -38.4447021484375, 3573.213134765625, 764.64471435546875, 2.1594557762146 ],
	"55" : [ 336.596343994140625, -36.835491180419922, 3949.291015625, 766.80419921875, 1.532516956329346 ],
	"56" : [ 550.55926513671875, -27.952226638793945, 3977.788818359375, 768.336669921875, 1.520907044410706 ],
	"57" : [ 578.2747802734375, -44.665763854980469, 4685.71044921875, 769.85760498046875, 2.589025020599365 ],
	"58" : [ 332.231597900390625, -31.836711883544922, 3964.37353515625, 772.44659423828125, 1.544126987457275 ],
	"59" : [ 367.0263671875, -30.916702270507812, 4503.61669921875, 773.99072265625, 1.532516956329346 ],
	"6" : [ 200.558242797851562, -68.187705993652344, 5911.3544921875, 242.265396118164062, 26.691337585449219 ],
	"60" : [ 380.3341064453125, -43.070667266845703, 4733.3427734375, 775.52325439453125, 3.912562370300293 ],
	"61" : [ 625.54254150390625, -33.660602569580078, 4649.72021484375, 779.43585205078125, 1.822766423225403 ],
	"62" : [ 617.19525146484375, -28.885814666748047, 3444.628662109375, 781.25860595703125, 1.532516956329346 ],
	"63" : [ 620.0069580078125, -33.738075256347656, 3890.59814453125, 782.7911376953125, 3.424943208694458 ],
	"64" : [ 521.20709228515625, -29.816684722900391, 2948.269287109375, 786.216064453125, 1.927256226539612 ],
	"65" : [ 951.7044677734375, -34.147945404052734, 4031.789306640625, 788.143310546875, 1.996916055679321 ],
	"66" : [ 648.63818359375, -29.482885360717773, 3974.505126953125, 790.14019775390625, 1.729886651039124 ],
	"67" : [ 611.97021484375, -31.180147171020508, 3906.161865234375, 791.8701171875, 1.671836733818054 ],
	"68" : [ 692.4854736328125, -33.099418640136719, 4412.81201171875, 793.54193115234375, 1.996916055679321 ],
	"69" : [ 598.7857666015625, -30.183595657348633, 3738.328125, 795.53887939453125, 1.613786816596985 ],
	"7" : [ 131.029022216796875, -71.020652770996094, 5964.3623046875, 268.95672607421875, 11.993106842041016 ],
	"70" : [ 515.86279296875, -27.057821273803711, 2886.604736328125, 797.15264892578125, 1.671836733818054 ],
	"71" : [ 333.6951904296875, -29.047212600708008, 3662.932373046875, 798.824462890625, 1.869206309318542 ],
	"72" : [ 757.5330810546875, -31.877368927001953, 3583.3095703125, 800.6937255859375, 1.520907044410706 ],
	"73" : [ 587.55511474609375, -32.751716613769531, 3754.1494140625, 802.214599609375, 1.590566873550415 ],
	"74" : [ 684.2666015625, -29.176383972167969, 3712.03759765625, 803.80517578125, 1.590566873550415 ],