{
	"0" : [ 0.10965480188811, 0.891600765649593, 0.421678516946407, 0.0, 0.004997503854798 ],
	"1" : [ 0.244573360593798, 0.0, 0.821088761694491, 0.004496835116262, 0.073463269719816 ],
	"10" : [ 0.164996509172789, 0.651378503511905, 0.35438644361892, 0.181270467216826, 0.778610655176411 ],
	"11" : [ 0.042153071778438, 0.835167185573224, 0.032063422656259, 0.253350798285252, 0.153923042783811 ],
	"12" : [ 0.030863619091596, 0.925320054641649, 0.018581999979964, 0.270857895607329, 0.03048475504141 ],
	"13" : [ 0.045880956917756, 0.897970665571427, 0.296607305415559, 0.277581335471266, 0.024987503879942 ],
	"14" : [ 0.042286310177156, 0.857822611815676, 0.39580973503784, 0.283824507088603, 0.185407302701261 ],
	"15" : [ 0.055048071891569, 0.707327676026953, 0.157082252517281, 0.304082101232752, 0.052973512125303 ],
	"16" : [ 0.042755622953555, 0.691372873910517, 0.038962166202245, 0.312770136599817, 0.126936534283139 ],
	"17" : [ 0.069589904734427, 0.619371700382616, 0.135681056527067, 0.327919673414365, 0.712643661764192 ],
	"18" : [ 0.082636319610265, 0.719002850407229, 0.0, 0.394237086767123, 0.002998499234069 ],
	"19" : [ 0.192898593476696, 0.633021996011076, 0.397165571286801, 0.398559271467641, 0.206396802471094 ],
	"2" : [ 0.096224729173942, 0.027831515432953, 0.530288009355211, 0.014974897157501, 0.204897545157034 ],
	"20" : [ 0.165694768793001, 0.505799749048319, 0.421993768096921, 0.420650520596551, 0.308345827742941 ],
	"21" : [ 0.0, 0.738457804620102, 0.179163831071863, 0.451648134922671, 0.00099949974469 ],
	"22" : [ 0.041819446030102, 0.71865452130089, 0.186891747740475, 0.455795684448933, 0.020989504901183 ],
	"23" : [ 0.035141715953769, 0.932398663455665, 0.029848199251641, 0.461689614407617, 0.010494755016267 ],
	"24" : [ 0.026342401588821, 1.0, 0.020809434684229, 0.466666673839132, 0.012993501812316 ],
	"25" : [ 0.03248755478249, 0.927626594371847, 0.012866618857354, 0.471862034410931, 0.0 ],
	"26" : [ 0.011012074779916, 0.984189657263797, 0.036630263891114, 0.475922280694995, 0.018490752973784 ],
	"27" : [ 0.027901366196262, 0.925154072648637, 0.012422329634287, 0.481597938203253, 0.027986008245361 ],
	"28" : [ 0.026412317019992, 0.993193200957032, 0.025756686860246, 0.488103076926905, 0.014492753995025 ],
	"29" : [ 0.083493316336706, 0.302165978224075, 0.243523368798636, 0.493429406706932, 0.381309355287438 ],
	"3" : [ 0.120046620019179, 0.331207421552308, 0.147491071426701, 0.036935169905718, 0.274362826160792 ],
	"30" : [ 0.164336203307434, 0.214480175838755, 0.240822194814639, 0.530801161858616, 0.46826586899489 ],
	"31" : [ 0.102952950458272, 0.315963956665558, 0.245585267075602, 0.5757694753658, 0.337331345995692 ],
	"32" : [ 0.044456996547503, 0.677319797957216, 0.790198979246249, 0.609299314063565, 0.025987008755982 ],
	"33" : [ 0.211782258178251, 0.231786538528105, 0.694777936899816, 0.615629788923101, 0.650674687856132 ],
	"34" : [ 0.050802148606326, 0.753241409626003, 0.879194536760651, 0.676533540563774, 0.06396801444824 ],
	"35" : [ 0.148641666427886, 0.727021660178971, 0.857888073839745, 0.686182055044319, 0.072963517281797 ],
	"36" : [ 0.10119434015337, 0.78932223507077, 0.910437621311283, 0.696616499533667, 0.078460773574615 ],
	"37" : [ 0.188813926560567, 0.84206543092486, 0.379125033394701, 0.707531154889894, 0.067966013426998 ],
	"38" : [ 0.064062100442258, 0.696191459609048, 0.911400724419641, 0.717528939718952, 0.070464765354397 ],
	"39" : [ 0.259789002080181, 0.818706800421605, 0.303681430826197, 0.727745054378154, 0.069465270741058 ],
	"4" : [ 0.088120425286421, 0.65404790259163, 0.927187334878677, 0.064963986269482, 0.028485755552031 ],
	"40" : [ 0.245264862938796, 0.716037688971268, 0.276122437464622, 0.737873837105299, 0.034982506458189 ],
	"41" : [ 0.047570110909489, 0.096368044216373, 0.812846688931977, 0.744990184593918, 0.101949025271847 ],
	"42" : [ 0.014254683963062, 0.764110676217681, 0.876020141029298, 0.757956796075191, 0.02998500773474 ],
	"43" : [ 0.517097424910721, 0.614950737516463, 0.39367952248717, 0.76463654128324, 0.047476266095185 ],
	"44" : [ 1.0, 0.622769992002911, 0.411278974928058, 0.772844365783425, 0.119940030938962 ],
	"45" : [ 0.152880008379963, 0.472613566248338, 0.234066253237981, 0.787382665143145, 1.0 ],
	"46" : [ 0.01318930652486, 0.85323363371429, 0.210001318105674, 0.878803762863339, 0.088455771021512 ],
	"47" : [ 0.02851762027791, 0.894679590284831, 0.019378950551051, 0.890591622780708, 0.002998499234069 ],
	"48" : [ 0.021283521588588, 0.93706535108291, 0.012484359586276, 0.894913807481226, 0.054472759176663 ],
	"49" : [ 0.038754715642204, 0.862710575706088, 0.274398167452357, 0.903732840746378, 0.240879556491263 ],
	"5" : [ 0.092750147677071, 0.648294025471467, 0.907184757813886, 0.071512769441767, 0.466766611680831 ],
	"50" : [ 0.045382849202033, 0.817813661582602, 0.22085971418683, 0.928836525113814, 0.630184919998918 ],
	"51" : [ 0.036131456644157, 0.822978295188883, 0.016101615165562, 0.987950259045896, 0.091454275386931 ],
	"52" : [ 0.114768481742207, 0.779077421797289, 0.146959738186778, 1.0, 0.189905054118039 ],
	"6" : [ 0.089880212816969, 0.557099838838279, 0.553790534660603, 0.116350149603048, 0.304347808238783 ],
	"7" : [ 0.128892811509387, 0.759046960853343, 1.0, 0.146998479235725, 0.108945528616025 ],
	"8" : [ 0.150276856395965, 0.588746510138093, 0.67224625304403, 0.160576299481966, 0.050974512635924 ],
	"9" : [ 0.142445315690833, 0.632479368294454, 0.399158465246894, 0.169089728364635, 0.09295352243829 ]
}
