{
	"0" : [ 367.96124267578125, -39.080577850341797, 750.94140625, 5.108389854431152, 1.985306143760681 ],
	"1" : [ 348.623931884765625, -45.740852355957031, 965.60302734375, 7.093696117401123, 3.575872898101807 ],
	"10" : [ 196.93829345703125, -38.068553924560547, 659.3271484375, 46.915920257568359, 1.462857127189636 ],
	"100" : [ 280.96044921875, -39.778850555419922, 685.07177734375, 294.231658935546875, 2.658684730529785 ],
	"101" : [ 224.408523559570312, -40.454113006591797, 636.66387939453125, 296.890350341796875, 1.486077070236206 ],
	"11" : [ 230.347549438476562, -46.397335052490234, 909.93865966796875, 48.378776550292969, 5.886258602142334 ],
	"12" : [ 104.51953125, -42.02813720703125, 705.91949462890625, 54.265033721923828, 1.625396847724915 ],
	"13" : [ 164.583755493164062, -47.359279632568359, 881.74664306640625, 55.890430450439453, 4.783310890197754 ],
	"14" : [ 302.60675048828125, -51.74761962890625, 1253.0224609375, 60.673740386962891, 5.735328674316406 ],
	"15" : [ 214.653335571289062, -37.13525390625, 592.0208740234375, 66.409072875976562, 1.195827722549438 ],
	"16" : [ 174.438812255859375, -42.745204925537109, 694.72552490234375, 67.604896545410156, 4.527891159057617 ],
	"17" : [ 262.337158203125, -46.689662933349609, 915.6466064453125, 72.132789611816406, 4.435011386871338 ],
	"18" : [ 383.51507568359375, -54.637042999267578, 1340.0238037109375, 76.567802429199219, 7.523265361785889 ],
	"19" : [ 216.8619384765625, -37.10650634765625, 581.62042236328125, 84.091064453125, 1.544126987457275 ],
	"2" : [ 388.060699462890625, -39.630443572998047, 769.76824951171875, 10.66956901550293, 1.253877520561218 ],
	"20" : [ 261.2161865234375, -43.364669799804688, 940.66107177734375, 85.63519287109375, 1.962086200714111 ],
	"21" : [ 432.552947998046875, -46.418338775634766, 1009.52685546875, 87.597282409667969, 1.497687101364136 ],
	"22" : [ 585.84814453125, -43.660293579101562, 996.27301025390625, 89.094963073730469, 1.532516956329346 ],
	"23" : [ 213.115631103515625, -51.888698577880859, 1208.7744140625, 90.627479553222656, 3.378503322601318 ],
	"24" : [ 234.642578125, -45.226596832275391, 946.19842529296875, 94.005989074707031, 1.544126987457275 ],
	"25" : [ 324.187744140625, -50.812942504882812, 1279.2210693359375, 95.55010986328125, 3.633922815322876 ],
	"26" : [ 263.26165771484375, -49.239345550537109, 1097.7867431640625, 99.184036254882812, 7.511655330657959 ],
	"27" : [ 285.14593505859375, -30.552679061889648, 505.01617431640625, 106.695693969726562, 1.195827722549438 ],
	"28" : [ 200.991607666015625, -40.611263275146484, 603.9783935546875, 107.891517639160156, 1.451247215270996 ],
	"29" : [ 284.9195556640625, -29.180992126464844, 651.1370849609375, 109.342765808105469, 1.195827722549438 ],
	"3" : [ 351.87957763671875, -46.864410400390625, 1017.68402099609375, 11.923446655273438, 4.21442174911499 ],
	"30" : [ 262.71771240234375, -39.060390472412109, 627.11505126953125, 110.538597106933594, 4.504671096801758 ],
	"31" : [ 265.78668212890625, -31.658082962036133, 567.74639892578125, 115.043266296386719, 1.288707494735718 ],
	"32" : [ 270.07489013671875, -42.679878234863281, 743.41448974609375, 116.33197021484375, 4.040272235870361 ],
	"33" : [ 281.761444091796875, -42.617938995361328, 756.89593505859375, 120.372245788574219, 6.199728012084961 ],
	"34" : [ 315.272674560546875, -39.616458892822266, 745.51812744140625, 126.571975708007812, 2.449705123901367 ],
	"35" : [ 281.044677734375, -28.640684127807617, 530.1842041015625, 129.021682739257812, 1.184217691421509 ],
	"36" : [ 272.33282470703125, -35.793830871582031, 579.1278076171875, 130.205902099609375, 1.404807209968567 ],
	"37" : [ 269.14306640625, -32.80438232421875, 737.8563232421875, 131.610702514648438, 1.172607660293579 ],
	"38" : [ 230.351669311523438, -40.05145263671875, 664.37603759765625, 132.783309936523438, 4.446621417999268 ],
	"39" : [ 282.6297607421875, -29.596487045288086, 575.91259765625, 137.229934692382812, 1.184217691421509 ],
	"4" : [ 372.09320068359375, -41.830860137939453, 823.1011962890625, 16.137868881225586, 2.020136117935181 ],
	"40" : [ 254.597396850585938, -39.071365356445312, 613.75628662109375, 138.414154052734375, 4.063492298126221 ],
	"41" : [ 274.730499267578125, -38.409976959228516, 663.950927734375, 142.477645874023438, 3.22757363319397 ],
	"42" : [ 284.427337646484375, -31.810602188110352, 575.751220703125, 145.705215454101562, 1.172607660293579 ],
	"43" : [ 278.494232177734375, -43.546756744384766, 810.70245361328125, 146.877822875976562, 2.832834482192993 ],
	"44" : [ 325.177764892578125, -40.575927734375, 784.28497314453125, 149.710662841796875, 2.786394596099854 ],
	"45" : [ 153.122711181640625, -38.007770538330078, 610.19085693359375, 152.497055053710938, 1.242267608642578 ],
	"46" : [ 229.777969360351562, -38.74017333984375, 775.88555908203125, 153.73931884765625, 1.497687101364136 ],
	"47" : [ 283.078125, -29.484758377075195, 495.486297607421875, 155.23699951171875, 1.335147380828857 ],
	"48" : [ 274.943084716796875, -37.661083221435547, 635.8963623046875, 156.572158813476562, 1.799546480178833 ],
	"49" : [ 284.809295654296875, -31.094442367553711, 565.7171630859375, 158.3717041015625, 1.369977355003357 ],
	"5" : [ 473.98504638671875, -50.849102020263672, 1272.6533203125, 18.158004760742188, 13.978412628173828 ],
	"50" : [ 234.37554931640625, -38.780235290527344, 604.18670654296875, 159.741683959960938, 2.844444513320923 ],
	"51" : [ 248.048599243164062, -39.795734405517578, 674.6336669921875, 162.58612060546875, 3.274013519287109 ],
	"52" : [ 308.835906982421875, -40.215946197509766, 726.96197509765625, 165.860137939453125, 3.285623550415039 ],
	"53" : [ 322.323486328125, -39.767871856689453, 765.80865478515625, 169.145767211914062, 1.520907044410706 ],
	"54" : [ 279.18896484375, -40.782691955566406, 733.178466796875, 170.666671752929688, 1.799546480178833 ],
	"55" : [ 360.357757568359375, -43.781970977783203, 978.76873779296875, 172.466217041015625, 1.265487551689148 ],
	"56" : [ 280.062225341796875, -35.271369934082031, 642.65277099609375, 173.731704711914062, 1.474467158317566 ],
	"57" : [ 278.55548095703125, -43.631759643554688, 835.21630859375, 175.206161499023438, 3.308843612670898 ],
	"58" : [ 214.753250122070312, -27.292119979858398, 457.930328369140625, 178.5150146484375, 1.184217691421509 ],
	"59" : [ 220.640670776367188, -41.09246826171875, 669.791015625, 179.699234008789062, 3.274013519287109 ],
	"6" : [ 618.95721435546875, -46.871456146240234, 1175.474609375, 32.136417388916016, 2.414875268936157 ],
	"60" : [ 287.064697265625, -32.359951019287109, 570.90283203125, 182.973236083984375, 1.265487551689148 ],
	"61" : [ 276.57989501953125, -42.403369903564453, 746.44354248046875, 184.238723754882812, 2.229115724563599 ],
	"62" : [ 239.390380859375, -39.131103515625, 688.800537109375, 186.467849731445312, 3.982222318649292 ],
	"63" : [ 299.429534912109375, -39.871040344238281, 708.9134521484375, 190.4500732421875, 2.728344678878784 ],
	"64" : [ 293.5115966796875, -48.412776947021484, 1058.152587890625, 193.17840576171875, 4.191201686859131 ],
	"65" : [ 384.082305908203125, -37.755386352539062, 735.5220947265625, 197.369613647460938, 1.729886651039124 ],
	"66" : [ 374.210968017578125, -45.76800537109375, 924.6151123046875, 199.099502563476562, 3.552653074264526 ],
	"67" : [ 380.835906982421875, -42.406417846679688, 830.99078369140625, 202.65216064453125, 1.869206309318542 ],
	"68" : [ 351.4246826171875, -46.333755493164062, 937.97479248046875, 204.5213623046875, 3.355283498764038 ],
	"69" : [ 304.869354248046875, -44.058494567871094, 895.34942626953125, 207.87664794921875, 1.544126987457275 ],
	"7" : [ 607.2841796875, -55.626701354980469, 1703.2884521484375, 34.551292419433594, 5.549569129943848 ],
	"70" : [ 248.646820068359375, -49.828804016113281, 1104.6339111328125, 209.4207763671875, 3.517823219299316 ],
	"71" : [ 248.100509643554688, -39.824905395507812, 764.5313720703125, 212.9385986328125, 1.590566873550415 ],