{
	"0" : [ 254.312042236328125, -35.278648376464844, 1530.36328125, 7.233016014099121, 1.555737018585205 ],
	"1" : [ 221.986480712890625, -47.243900299072266, 3077.02197265625, 8.788752555847168, 3.866122484207153 ],
	"10" : [ 2266.7197265625, -27.343124389648438, 6173.52197265625, 32.705307006835938, 1.544126987457275 ],
	"11" : [ 203.97735595703125, -45.681243896484375, 4588.45947265625, 34.249431610107422, 1.660226702690125 ],
	"12" : [ 577.359375, -24.936643600463867, 1703.9437255859375, 35.909660339355469, 2.530975103378296 ],
	"13" : [ 2067.490966796875, -22.963380813598633, 4164.833984375, 38.440635681152344, 3.030204057693481 ],
	"14" : [ 1434.6121826171875, -42.36944580078125, 6425.537109375, 41.470840454101562, 1.857596397399902 ],
	"15" : [ 297.435333251953125, -45.418670654296875, 4059.130859375, 43.328433990478516, 1.532516956329346 ],
	"16" : [ 345.10272216796875, -39.651988983154297, 2667.435546875, 44.860954284667969, 1.625396847724915 ],
	"17" : [ 738.98944091796875, -24.992053985595703, 2669.224853515625, 46.486351013183594, 1.637006759643555 ],
	"18" : [ 397.42486572265625, -31.718408584594727, 1956.555908203125, 48.123355865478516, 1.973696112632751 ],
	"19" : [ 390.16094970703125, -35.907962799072266, 2770.071044921875, 50.097053527832031, 1.578956961631775 ],
	"2" : [ 262.768524169921875, -35.524566650390625, 2185.294677734375, 12.654875755310059, 3.250793695449829 ],
	"20" : [ 541.92205810546875, -33.391143798828125, 2197.424560546875, 51.676010131835938, 3.877732515335083 ],
	"21" : [ 685.47967529296875, -29.185821533203125, 2471.794921875, 55.553741455078125, 1.706666707992554 ],
	"22" : [ 432.49462890625, -45.900211334228516, 3442.2763671875, 57.260406494140625, 1.602176904678345 ],
	"23" : [ 1268.8497314453125, -15.588754653930664, 2704.196533203125, 58.862583160400391, 1.544126987457275 ],
	"24" : [ 1275.322998046875, -19.033817291259766, 2990.708251953125, 60.406711578369141, 1.590566873550415 ],
	"25" : [ 1693.513916015625, -21.662960052490234, 6000.98291015625, 61.997280120849609, 2.705124616622925 ],
	"26" : [ 228.979598999023438, -48.535285949707031, 4634.89404296875, 64.702400207519531, 5.003900051116943 ],
	"27" : [ 331.24957275390625, -33.897655487060547, 1808.5489501953125, 69.706306457519531, 5.236099720001221 ],
	"28" : [ 418.931732177734375, -30.101177215576172, 1846.055908203125, 74.942405700683594, 5.479909420013428 ],
	"29" : [ 371.838592529296875, -32.986503601074219, 1771.9390869140625, 80.422309875488281, 3.935782194137573 ],
	"3" : [ 264.889801025390625, -37.985252380371094, 2827.699951171875, 15.905669212341309, 4.527891159057617 ],
	"30" : [ 437.99609375, -31.370532989501953, 1796.6776123046875, 84.35809326171875, 1.753106594085693 ],
	"31" : [ 626.00030517578125, -24.449853897094727, 2307.965087890625, 86.111198425292969, 1.857596397399902 ],
	"32" : [ 494.63916015625, -28.986433029174805, 2359.935791015625, 87.968795776367188, 2.798004627227783 ],
	"33" : [ 572.74969482421875, -26.743953704833984, 2692.144287109375, 90.766799926757812, 1.660226702690125 ],
	"34" : [ 530.38214111328125, -24.715547561645508, 2420.821044921875, 92.427032470703125, 1.625396847724915 ],
	"35" : [ 349.74322509765625, -34.421382904052734, 2153.456787109375, 94.05242919921875, 14.547301292419434 ],
	"36" : [ 353.576263427734375, -30.97468376159668, 2406.803955078125, 108.5997314453125, 2.217505693435669 ],
	"37" : [ 471.21142578125, -29.404865264892578, 2140.341796875, 110.817230224609375, 4.388571262359619 ],
	"38" : [ 392.860931396484375, -34.692390441894531, 2757.2314453125, 115.205802917480469, 7.720634937286377 ],
	"39" : [ 603.30389404296875, -23.366153717041016, 1983.04443359375, 122.926437377929688, 1.555737018585205 ],
	"4" : [ 529.00689697265625, -29.43101692199707, 2483.120361328125, 20.433559417724609, 1.555737018585205 ],
	"40" : [ 444.957275390625, -24.774404525756836, 2045.524169921875, 124.482177734375, 1.544126987457275 ],
	"41" : [ 901.5753173828125, -16.208475112915039, 2307.160400390625, 126.02630615234375, 1.578956961631775 ],
	"42" : [ 873.084716796875, -25.826526641845703, 4932.83935546875, 127.605262756347656, 2.414875268936157 ],
	"43" : [ 188.47625732421875, -54.569190979003906, 5402.9521484375, 130.0201416015625, 2.496145009994507 ],
	"44" : [ 902.6063232421875, -16.59893798828125, 2239.126953125, 132.516281127929688, 1.602176904678345 ],
	"45" : [ 383.5556640625, -29.73371696472168, 2258.9501953125, 134.118453979492188, 2.461315155029297 ],
	"46" : [ 1564.5101318359375, -16.568473815917969, 3332.167236328125, 136.57977294921875, 1.555737018585205 ],
	"47" : [ 948.40386962890625, -43.158069610595703, 4254.41357421875, 138.135513305664062, 1.764716506004333 ],
	"48" : [ 318.474822998046875, -44.020069122314453, 3262.038330078125, 139.900222778320312, 1.962086200714111 ],
	"49" : [ 399.0921630859375, -44.218288421630859, 3294.6572265625, 141.862319946289062, 2.937324285507202 ],
	"5" : [ 336.10687255859375, -31.612142562866211, 1894.4305419921875, 21.989297866821289, 3.11147403717041 ],
	"50" : [ 337.551910400390625, -35.331520080566406, 3607.965576171875, 144.799636840820312, 1.578956961631775 ],
	"51" : [ 454.03485107421875, -36.698825836181641, 2540.233642578125, 146.37860107421875, 3.819682598114014 ],
	"52" : [ 431.820465087890625, -33.658794403076172, 2996.32373046875, 150.198272705078125, 1.520907044410706 ],
	"53" : [ 634.42840576171875, -22.959615707397461, 2116.82470703125, 151.71917724609375, 1.555737018585205 ],
	"54" : [ 668.8609619140625, -28.157403945922852, 2870.46337890625, 153.274917602539062, 1.567346930503845 ],
	"55" : [ 1331.23486328125, -22.306985855102539, 3117.4521484375, 154.842269897460938, 1.555737018585205 ],
	"56" : [ 732.20562744140625, -22.037397384643555, 2179.987060546875, 156.39801025390625, 1.532516956329346 ],
	"57" : [ 953.0615234375, -20.687713623046875, 2055.267822265625, 157.930526733398438, 1.695056676864624 ],
	"58" : [ 715.21923828125, -25.577930450439453, 2344.34033203125, 159.625579833984375, 1.718276619911194 ],
	"59" : [ 668.14227294921875, -30.627443313598633, 2714.81982421875, 161.343856811523438, 4.609160900115967 ],
	"6" : [ 378.27716064453125, -35.428428649902344, 4427.2392578125, 25.100770950317383, 1.520907044410706 ],
	"60" : [ 988.47930908203125, -20.731794357299805, 2644.333251953125, 165.953018188476562, 1.532516956329346 ],
	"61" : [ 1097.72705078125, -20.259567260742188, 2620.569580078125, 167.48553466796875, 1.532516956329346 ],
	"62" : [ 684.93988037109375, -28.917634963989258, 2169.53271484375, 169.018051147460938, 7.012426376342773 ],
	"63" : [ 648.35833740234375, -30.946384429931641, 2780.28564453125, 176.030471801757812, 1.892426252365112 ],
	"64" : [ 624.1422119140625, -26.127597808837891, 1847.38818359375, 177.922897338867188, 1.776326537132263 ],
	"65" : [ 706.9110107421875, -24.610710144042969, 1894.568359375, 179.699234008789062, 1.706666707992554 ],
	"66" : [ 631.46600341796875, -24.036334991455078, 2436.207275390625, 181.405899047851562, 1.648616790771484 ],
	"67" : [ 779.9390869140625, -26.048980712890625, 1755.732421875, 183.054519653320312, 4.574331283569336 ],
	"68" : [ 930.73675537109375, -22.168844223022461, 2360.5693359375, 187.62884521484375, 2.937324285507202 ],
	"69" : [ 934.545654296875, -19.185901641845703, 2477.479736328125, 190.566162109375, 1.625396847724915 ],
	"7" : [ 543.70684814453125, -35.268714904785156, 2875.333740234375, 26.621677398681641, 1.671836733818054 ],
	"70" : [ 830.28662109375, -26.811635971069336, 2950.50390625, 192.191558837890625, 1.625396847724915 ],
	"71" : [ 945.69500732421875, -19.136037826538086, 2348.64697265625, 193.81695556640625, 1.590566873550415 ],
	"72" : [ 839.7100830078125, -26.086711883544922, 2819.9287109375, 195.40753173828125, 2.635464906692505 ],
	"73" : [ 919.586181640625, -24.235815048217773, 3222.689208984375, 198.042999267578125, 1.555737018585205 ],
	"74" : [ 1083.9957275390625, -18.877267837524414, 3372.86279296875, 199.598724365234375, 1.625396847724915 ],