{
	"0" : [ 3412.51123046875, -59.857002258300781, 5443.10009765625, 2.12462592124939, 1.962086200714111 ],
	"1" : [ 3234.12744140625, -61.329998016357422, 5762.76123046875, 4.086711883544922, 14.8143310546875 ],
	"10" : [ 388.88909912109375, -40.259963989257812, 4309.65185546875, 70.170700073242188, 2.879274368286133 ],
	"11" : [ 3225.897705078125, -56.786930084228516, 5418.68017578125, 73.049980163574219, 6.629297256469727 ],
	"12" : [ 651.040283203125, -52.397178649902344, 4552.8330078125, 79.679275512695312, 8.835192680358887 ],
	"13" : [ 725.7034912109375, -44.268894195556641, 5010.90576171875, 88.51446533203125, 3.622313022613525 ],
	"14" : [ 2342.9560546875, -53.509822845458984, 5023.99853515625, 92.13677978515625, 28.374784469604492 ],
	"15" : [ 634.23040771484375, -26.495080947875977, 2664.0087890625, 120.511566162109375, 2.414875268936157 ],
	"16" : [ 2315.971923828125, -51.750770568847656, 4633.11962890625, 122.926437377929688, 3.088253974914551 ],
	"17" : [ 2966.572509765625, -56.737445831298828, 4999.796875, 126.014694213867188, 2.298775434494019 ],
	"18" : [ 351.885589599609375, -40.400985717773438, 2055.36181640625, 128.3134765625, 1.381587266921997 ],
	"19" : [ 353.125762939453125, -47.819507598876953, 3281.4287109375, 129.695053100585938, 2.043355941772461 ],
	"2" : [ 778.21746826171875, -41.949264526367188, 3216.69140625, 18.901042938232422, 2.368435382843018 ],
	"20" : [ 187.223129272460938, -40.996669769287109, 2563.34326171875, 131.738418579101562, 13.978412628173828 ],
	"21" : [ 4330.77294921875, -61.654361724853516, 5928.16015625, 145.716827392578125, 4.14476203918457 ],
	"22" : [ 3948.303466796875, -62.197639465332031, 5813.01953125, 149.861587524414062, 5.642448902130127 ],
	"23" : [ 286.07879638671875, -32.643112182617188, 1279.6849365234375, 155.504043579101562, 2.356825351715088 ],
	"24" : [ 459.27716064453125, -24.068187713623047, 3962.244140625, 157.860855102539062, 1.242267608642578 ],
	"25" : [ 295.133453369140625, -31.497812271118164, 1106.39208984375, 159.103134155273438, 2.484535217285156 ],
	"26" : [ 299.1524658203125, -24.881067276000977, 3483.9345703125, 161.587661743164062, 1.404807209968567 ],
	"27" : [ 278.222198486328125, -28.169401168823242, 1676.804443359375, 162.992477416992188, 1.242267608642578 ],
	"28" : [ 297.2880859375, -33.663986206054688, 2002.3822021484375, 164.2347412109375, 2.06657600402832 ],
	"29" : [ 303.424407958984375, -29.890815734863281, 2041.5635986328125, 166.301315307617188, 1.207437634468079 ],
	"3" : [ 867.72357177734375, -52.483715057373047, 4155.48291015625, 21.269477844238281, 2.229115724563599 ],
	"30" : [ 296.633148193359375, -32.243717193603516, 1116.245849609375, 167.508758544921875, 4.818140506744385 ],
	"31" : [ 360.8685302734375, -40.193737030029297, 2986.690673828125, 172.326889038085938, 3.030204057693481 ],
	"32" : [ 254.230194091796875, -32.099525451660156, 3082.4384765625, 175.357101440429688, 2.681904792785645 ],
	"33" : [ 221.651565551757812, -38.770557403564453, 2748.8134765625, 178.03900146484375, 5.294149875640869 ],
	"34" : [ 228.135055541992188, -35.433769226074219, 3369.34228515625, 183.333145141601562, 1.567346930503845 ],
	"35" : [ 243.526290893554688, -36.681034088134766, 3381.6044921875, 184.900497436523438, 1.486077070236206 ],
	"36" : [ 213.32855224609375, -34.340888977050781, 2509.96044921875, 186.386581420898438, 3.401723384857178 ],
	"37" : [ 227.179000854492188, -38.629665374755859, 3199.56640625, 189.788299560546875, 2.182675838470459 ],
	"38" : [ 580.295654296875, -38.885879516601562, 4818.88818359375, 191.970977783203125, 2.07818603515625 ],
	"39" : [ 774.46337890625, -26.498523712158203, 3481.849609375, 194.049163818359375, 1.474467158317566 ],
	"4" : [ 2962.799072265625, -58.019508361816406, 5335.72021484375, 23.498594284057617, 3.1695237159729 ],
	"40" : [ 762.299560546875, -19.268630981445312, 2394.277099609375, 195.52362060546875, 1.219047665596008 ],
	"41" : [ 3255.899169921875, -58.027294158935547, 5458.5068359375, 196.74267578125, 18.761722564697266 ],
	"42" : [ 3186.857421875, -57.888267517089844, 5188.55029296875, 215.50439453125, 10.588299751281738 ],
	"43" : [ 231.3154296875, -26.860797882080078, 1268.8944091796875, 226.092697143554688, 1.253877520561218 ],
	"44" : [ 3897.7763671875, -60.47760009765625, 5635.513671875, 227.346572875976562, 8.962902069091797 ],
	"45" : [ 5216.6484375, -61.123832702636719, 5646.41357421875, 236.309478759765625, 4.051882266998291 ],
	"46" : [ 2655.72705078125, -56.100471496582031, 4776.52587890625, 240.361358642578125, 4.609160900115967 ],
	"47" : [ 3416.17333984375, -59.399589538574219, 5392.548828125, 244.97052001953125, 3.006984233856201 ],
	"48" : [ 180.299560546875, -37.433208465576172, 1536.7353515625, 247.977508544921875, 4.643990993499756 ],
	"49" : [ 236.975830078125, -38.525260925292969, 2188.943359375, 252.621490478515625, 6.873106479644775 ],
	"5" : [ 3066.704833984375, -57.915401458740234, 5511.60595703125, 26.668117523193359, 3.529433012008667 ],
	"50" : [ 236.341995239257812, -24.438558578491211, 1203.2044677734375, 259.494598388671875, 1.230657577514648 ],
	"51" : [ 343.573577880859375, -41.442398071289062, 2766.485595703125, 260.725250244140625, 8.904852867126465 ],
	"52" : [ 3360.98193359375, -57.461410522460938, 5339.77880859375, 269.630126953125, 4.760090827941895 ],
	"53" : [ 762.05517578125, -46.480377197265625, 3582.407958984375, 274.39019775390625, 2.798004627227783 ],
	"54" : [ 688.01654052734375, -39.451526641845703, 4086.31103515625, 277.188201904296875, 2.589025020599365 ],
	"55" : [ 3083.572998046875, -58.939365386962891, 5007.705078125, 279.7772216796875, 7.291065692901611 ],
	"56" : [ 217.1470947265625, -31.350227355957031, 1738.2791748046875, 287.06829833984375, 1.288707494735718 ],
	"57" : [ 585.36468505859375, -33.134403228759766, 1720.8868408203125, 288.35699462890625, 1.265487551689148 ],
	"58" : [ 561.9459228515625, -38.379920959472656, 2358.1953125, 289.62249755859375, 1.369977355003357 ],
	"59" : [ 451.792083740234375, -51.034206390380859, 3639.0859375, 290.992462158203125, 8.045714378356934 ],
	"6" : [ 3213.052734375, -58.32464599609375, 5530.1875, 30.197551727294922, 3.378503322601318 ],
	"60" : [ 465.754638671875, -19.442342758178711, 1853.268310546875, 299.038177490234375, 1.195827722549438 ],
	"61" : [ 477.622528076171875, -26.16307258605957, 1955.2623291015625, 300.2340087890625, 1.207437634468079 ],
	"62" : [ 727.863037109375, -23.846973419189453, 2045.5372314453125, 301.441436767578125, 1.172607660293579 ],
	"63" : [ 691.28338623046875, -18.902645111083984, 2149.426025390625, 302.614044189453125, 1.311927437782288 ],
	"64" : [ 931.642578125, -16.596933364868164, 1992.43505859375, 303.925994873046875, 1.741496562957764 ],
	"65" : [ 926.8555908203125, -17.036121368408203, 2007.239013671875, 305.66748046875, 1.706666707992554 ],
	"66" : [ 933.79150390625, -12.942624092102051, 2010.552978515625, 307.3741455078125, 1.242267608642578 ],
	"67" : [ 683.66754150390625, -22.296743392944336, 3705.333984375, 308.616424560546875, 1.184217691421509 ],
	"68" : [ 961.20513916015625, -36.30877685546875, 2563.035888671875, 309.800628662109375, 1.277097463607788 ],
	"69" : [ 955.5657958984375, -39.298561096191406, 2859.62353515625, 311.077728271484375, 1.369977355003357 ],
	"7" : [ 3641.282470703125, -61.889553070068359, 6068.3359375, 33.576053619384766, 8.974512100219727 ],
	"70" : [ 959.9674072265625, -39.726829528808594, 3679.164794921875, 312.447723388671875, 2.612244844436646 ],
	"71" : [ 946.7109375, -43.303203582763672, 3220.63623046875, 315.059967041015625, 1.509297013282776 ],
	"72" : [ 968.58929443359375, -51.917842864990234, 4584.455078125, 316.569244384765625, 2.960544109344482 ],
	"73" : [ 774.2799072265625, -30.624427795410156, 2955.696533203125, 319.52978515625, 1.242267608642578 ],
	"74" : [ 671.60784912109375, -23.518924713134766, 2704.1708984375, 320.772064208984375, 1.219047665596008 ],