{
	"0" : [ 762.2418212890625, -34.143730163574219, 1918.9984130859375, 8.417233467102051, 5.050340175628662 ],
	"1" : [ 780.719482421875, -48.348312377929688, 3094.847412109375, 13.467574119567871, 3.726802825927734 ],
	"10" : [ 398.640167236328125, -44.825119018554688, 2299.062255859375, 48.529705047607422, 12.329795837402344 ],
	"11" : [ 666.87030029296875, -47.177524566650391, 2552.241455078125, 60.859500885009766, 7.128526210784912 ],
	"12" : [ 427.50250244140625, -30.996114730834961, 2260.01171875, 67.988029479980469, 3.738412618637085 ],
	"13" : [ 952.5302734375, -32.652214050292969, 2876.11376953125, 71.7264404296875, 6.153287887573242 ],
	"14" : [ 920.76763916015625, -42.564441680908203, 3145.72021484375, 77.879730224609375, 11.273287773132324 ],
	"15" : [ 844.37506103515625, -39.694183349609375, 2611.47802734375, 89.15301513671875, 5.793378829956055 ],
	"16" : [ 918.16339111328125, -22.300088882446289, 3490.44677734375, 94.946395874023438, 3.564263105392456 ],
	"17" : [ 492.10528564453125, -27.758369445800781, 1638.6883544921875, 98.510658264160156, 3.575872898101807 ],
	"18" : [ 586.90478515625, -39.128089904785156, 2058.389892578125, 102.086532592773438, 4.005442142486572 ],
	"19" : [ 634.54730224609375, -35.579250335693359, 2856.39306640625, 106.091972351074219, 3.900952339172363 ],
	"2" : [ 483.386138916015625, -50.848457336425781, 3045.765380859375, 17.194375991821289, 6.048798084259033 ],
	"20" : [ 601.67913818359375, -34.017921447753906, 1756.4228515625, 109.992927551269531, 3.529433012008667 ],
	"21" : [ 461.567352294921875, -39.631923675537109, 1603.3157958984375, 113.522361755371094, 3.517823219299316 ],
	"22" : [ 883.1697998046875, -50.407718658447266, 2910.329833984375, 117.040184020996094, 7.140136241912842 ],
	"23" : [ 870.7840576171875, -25.680654525756836, 2169.577880859375, 124.180320739746094, 3.517823219299316 ],
	"24" : [ 1030.3372802734375, -25.851289749145508, 2583.941650390625, 127.698143005371094, 3.552653074264526 ],
	"25" : [ 515.5076904296875, -33.279827117919922, 2130.0625, 131.25079345703125, 4.469841480255127 ],
	"26" : [ 630.98291015625, -45.473453521728516, 2431.84228515625, 135.72064208984375, 3.831292629241943 ],
	"27" : [ 779.12969970703125, -45.537399291992188, 2818.583251953125, 139.551925659179688, 8.44045352935791 ],
	"28" : [ 1029.584228515625, -25.162883758544922, 2560.290283203125, 147.992385864257812, 3.575872898101807 ],
	"29" : [ 982.43475341796875, -20.760974884033203, 1925.9595947265625, 151.568252563476562, 3.517823219299316 ],
	"3" : [ 1239.8289794921875, -40.767169952392578, 2942.117919921875, 23.243175506591797, 3.633922815322876 ],
	"30" : [ 934.91119384765625, -23.531551361083984, 2841.35693359375, 155.086074829101562, 3.506213188171387 ],
	"31" : [ 659.3331298828125, -42.281768798828125, 1989.3399658203125, 158.59228515625, 3.715192794799805 ],
	"32" : [ 435.2816162109375, -35.259281158447266, 1109.662841796875, 162.307479858398438, 3.610702991485596 ],
	"33" : [ 373.802978515625, -46.394733428955078, 2728.63525390625, 165.918182373046875, 7.616145133972168 ],
	"34" : [ 745.40911865234375, -37.61761474609375, 3069.1044921875, 173.534332275390625, 3.587482929229736 ],
	"35" : [ 396.89434814453125, -38.107933044433594, 1814.79443359375, 177.121810913085938, 6.559637069702148 ],
	"36" : [ 406.065673828125, -41.847732543945312, 1493.255615234375, 183.68145751953125, 7.163355827331543 ],
	"37" : [ 825.1146240234375, -23.685073852539062, 2961.8203125, 190.844802856445312, 3.506213188171387 ],
	"38" : [ 831.40411376953125, -22.247341156005859, 2556.031982421875, 194.35101318359375, 3.552653074264526 ],
	"39" : [ 891.713134765625, -22.156585693359375, 1965.127197265625, 197.903671264648438, 3.506213188171387 ],
	"4" : [ 1106.1875, -28.648530960083008, 2003.21728515625, 26.877098083496094, 3.517823219299316 ],
	"40" : [ 874.95977783203125, -26.827127456665039, 2226.69482421875, 201.409881591796875, 3.506213188171387 ],
	"41" : [ 1016.65594482421875, -51.605648040771484, 3548.1103515625, 204.916107177734375, 7.894784450531006 ],
	"42" : [ 588.1888427734375, -25.794132232666016, 1831.412109375, 212.810882568359375, 3.587482929229736 ],
	"43" : [ 1085.8494873046875, -20.711763381958008, 3150.501953125, 216.398361206054688, 3.657142877578735 ],
	"44" : [ 1264.6929931640625, -16.614109039306641, 2689.677734375, 220.055511474609375, 3.575872898101807 ],
	"45" : [ 768.00018310546875, -29.956464767456055, 2316.9501953125, 223.631378173828125, 3.657142877578735 ],
	"46" : [ 575.65008544921875, -37.560901641845703, 1878.272216796875, 227.288528442382812, 4.365351676940918 ],
	"47" : [ 371.226104736328125, -27.322088241577148, 2208.53564453125, 231.653884887695312, 3.494603157043457 ],
	"48" : [ 692.0499267578125, -39.05645751953125, 2150.914794921875, 235.148483276367188, 4.318911552429199 ],
	"49" : [ 815.22381591796875, -26.991489410400391, 2200.673583984375, 239.467391967773438, 3.599092960357666 ],
	"5" : [ 1068.4129638671875, -26.023704528808594, 1848.8731689453125, 30.394920349121094, 3.494603157043457 ],
	"50" : [ 1180.1656494140625, -50.65118408203125, 3652.748779296875, 243.066482543945312, 3.657142877578735 ],
	"51" : [ 932.0919189453125, -30.666297912597656, 2912.13525390625, 246.7236328125, 3.529433012008667 ],
	"52" : [ 826.41375732421875, -43.400485992431641, 2598.66552734375, 250.253067016601562, 6.501587390899658 ],
	"53" : [ 557.343994140625, -42.392131805419922, 2778.52587890625, 256.754638671875, 3.715192794799805 ],
	"54" : [ 851.70062255859375, -24.418132781982422, 1747.5943603515625, 260.4698486328125, 3.552653074264526 ],
	"55" : [ 747.742919921875, -28.258172988891602, 2891.706298828125, 264.022491455078125, 3.552653074264526 ],
	"56" : [ 603.6363525390625, -30.31297492980957, 3243.181640625, 267.57513427734375, 3.889342308044434 ],
	"57" : [ 717.53594970703125, -42.337936401367188, 3649.197998046875, 271.4644775390625, 5.723718643188477 ],
	"58" : [ 673.19873046875, -40.955780029296875, 2126.7431640625, 277.188201904296875, 4.167981624603271 ],
	"59" : [ 989.46826171875, -17.497779846191406, 2221.352783203125, 281.356201171875, 3.575872898101807 ],
	"6" : [ 1063.791748046875, -25.772777557373047, 1699.6795654296875, 33.889522552490234, 3.645532846450806 ],
	"60" : [ 558.524658203125, -34.616706848144531, 1816.6826171875, 284.93206787109375, 4.539501190185547 ],
	"61" : [ 395.048126220703125, -34.319828033447266, 1341.793212890625, 289.4715576171875, 4.040272235870361 ],
	"62" : [ 293.70159912109375, -45.864284515380859, 2411.041259765625, 293.5118408203125, 6.234557628631592 ],
	"63" : [ 496.839752197265625, -43.193275451660156, 2039.37939453125, 299.74639892578125, 3.517823219299316 ],
	"64" : [ 854.048583984375, -54.254135131835938, 2849.052734375, 303.26422119140625, 9.531791687011719 ],
	"65" : [ 801.69451904296875, -53.780414581298828, 3331.053955078125, 312.7960205078125, 5.584399223327637 ],
	"66" : [ 708.24822998046875, -40.497848510742188, 2576.763671875, 318.380401611328125, 4.435011386871338 ],
	"67" : [ 389.639373779296875, -46.936408996582031, 1931.5283203125, 322.8154296875, 7.186575889587402 ],
	"68" : [ 906.60650634765625, -26.908857345581055, 2266.419189453125, 330.001983642578125, 3.552653074264526 ],
	"69" : [ 1384.8359375, -16.333314895629883, 3235.55859375, 333.554656982421875, 3.610702991485596 ],
	"7" : [ 1065.4053955078125, -32.552230834960938, 2010.31640625, 37.535057067871094, 3.668752908706665 ],
	"70" : [ 396.0184326171875, -30.418441772460938, 1722.4644775390625, 337.16534423828125, 3.541043043136597 ],
	"71" : [ 396.26739501953125, -38.702789306640625, 1553.2982177734375, 340.706390380859375, 4.121541976928711 ],
	"72" : [ 562.5467529296875, -29.769596099853516, 1493.7080078125, 344.82794189453125, 3.866122484207153 ],
	"73" : [ 820.56158447265625, -28.277433395385742, 1889.8245849609375, 348.694061279296875, 3.715192794799805 ],
	"74" : [ 899.0965576171875, -29.9720458984375, 2219.905029296875, 352.40924072265625, 4.771700859069824 ],