{
	"0" : [ 128.676284790039062, -64.89154052734375, 5452.93359375, 10.39093017578125, 48.274284362792969 ],
	"1" : [ 217.926605224609375, -63.106460571289062, 5455.4306640625, 58.665214538574219, 22.848434448242188 ],
	"10" : [ 308.945526123046875, -57.924053192138672, 5388.2568359375, 108.12371826171875, 3.401723384857178 ],
	"11" : [ 325.723876953125, -58.877513885498047, 5355.1298828125, 111.525444030761719, 1.544126987457275 ],
	"12" : [ 210.715576171875, -61.113773345947266, 5239.66552734375, 113.069572448730469, 2.867664337158203 ],
	"13" : [ 214.718841552734375, -62.666889190673828, 6141.2529296875, 115.937232971191406, 1.393197298049927 ],
	"14" : [ 236.354537963867188, -60.542091369628906, 5933.6748046875, 117.330429077148438, 1.335147380828857 ],
	"15" : [ 202.983901977539062, -57.871372222900391, 5638.8818359375, 118.665580749511719, 1.439637184143066 ],
	"16" : [ 233.385696411132812, -62.868423461914062, 5919.23828125, 120.105216979980469, 1.706666707992554 ],
	"17" : [ 314.314300537109375, -58.388496398925781, 5144.50830078125, 121.811882019042969, 2.414875268936157 ],
	"18" : [ 302.5728759765625, -57.987556457519531, 5032.95263671875, 124.226760864257812, 3.15791392326355 ],
	"19" : [ 394.473785400390625, -58.244026184082031, 5772.0263671875, 127.384674072265625, 1.184217691421509 ],
	"2" : [ 172.04241943359375, -65.079750061035156, 5667.53466796875, 81.513648986816406, 4.783310890197754 ],
	"20" : [ 928.02471923828125, -42.374046325683594, 4351.2529296875, 128.568893432617188, 1.265487551689148 ],
	"21" : [ 260.395965576171875, -62.942741394042969, 5274.2265625, 129.834381103515625, 1.729886651039124 ],
	"22" : [ 199.08685302734375, -64.819503784179688, 5904.64697265625, 131.56427001953125, 2.008526086807251 ],
	"23" : [ 223.675827026367188, -63.002613067626953, 5798.5419921875, 133.572784423828125, 1.578956961631775 ],
	"24" : [ 375.861541748046875, -56.372055053710938, 5348.169921875, 135.151748657226562, 2.06657600402832 ],
	"25" : [ 320.163421630859375, -52.842868804931641, 4741.58740234375, 137.21832275390625, 2.19428563117981 ],
	"26" : [ 199.44903564453125, -63.31494140625, 5784.7265625, 139.412612915039062, 1.834376454353333 ],
	"27" : [ 252.533248901367188, -60.352191925048828, 5074.25341796875, 141.246978759765625, 1.811156511306763 ],
	"28" : [ 382.78582763671875, -57.441947937011719, 4898.2265625, 143.058135986328125, 1.962086200714111 ],
	"29" : [ 1041.0960693359375, -19.14567756652832, 4957.98583984375, 145.020233154296875, 1.230657577514648 ],
	"3" : [ 251.552764892578125, -62.843151092529297, 5946.61328125, 86.296958923339844, 3.448163270950317 ],
	"30" : [ 188.824951171875, -65.716819763183594, 5410.041015625, 146.250885009765625, 32.391838073730469 ],
	"31" : [ 157.328216552734375, -64.637153625488281, 5370.87451171875, 178.642715454101562, 12.654875755310059 ],
	"32" : [ 138.39874267578125, -64.590690612792969, 5635.470703125, 191.297592163085938, 10.495419502258301 ],
	"33" : [ 179.742385864257812, -61.504035949707031, 5416.6181640625, 201.793014526367188, 8.219863891601562 ],
	"34" : [ 120.011543273925781, -66.419868469238281, 5849.47509765625, 210.01287841796875, 5.758548736572266 ],
	"35" : [ 147.427139282226562, -62.738945007324219, 5664.61181640625, 215.77142333984375, 8.243083953857422 ],
	"36" : [ 366.734100341796875, -21.249790191650391, 4540.91064453125, 224.014511108398438, 1.172607660293579 ],
	"37" : [ 130.808685302734375, -64.785209655761719, 5877.41650390625, 225.187118530273438, 5.886258602142334 ],
	"38" : [ 239.134719848632812, -57.287345886230469, 5029.64404296875, 231.073379516601562, 6.977596282958984 ],
	"39" : [ 407.002471923828125, -25.820510864257812, 2825.44140625, 238.050979614257812, 1.195827722549438 ],
	"4" : [ 336.8687744140625, -58.567184448242188, 4720.91259765625, 89.745124816894531, 1.962086200714111 ],
	"40" : [ 145.347991943359375, -64.3868408203125, 5702.86572265625, 239.246795654296875, 6.176507949829102 ],
	"41" : [ 153.357452392578125, -63.032634735107422, 5663.12060546875, 245.423309326171875, 6.38548755645752 ],
	"42" : [ 137.029388427734375, -64.214698791503906, 5857.4921875, 251.808792114257812, 6.327437877655029 ],
	"43" : [ 159.433624267578125, -63.074043273925781, 5781.80029296875, 258.13623046875, 5.34058952331543 ],
	"44" : [ 140.396697998046875, -61.972259521484375, 5693.873046875, 263.476837158203125, 5.677278995513916 ],
	"45" : [ 150.426300048828125, -62.480674743652344, 5778.833984375, 269.15411376953125, 5.584399223327637 ],
	"46" : [ 145.876388549804688, -63.576690673828125, 5745.95166015625, 274.738494873046875, 5.677278995513916 ],
	"47" : [ 145.240402221679688, -63.163139343261719, 5724.333984375, 280.415771484375, 5.607619285583496 ],
	"48" : [ 138.57440185546875, -63.814647674560547, 5731.83837890625, 286.023406982421875, 5.27092981338501 ],
	"5" : [ 149.564743041992188, -64.043159484863281, 5557.60009765625, 91.70721435546875, 2.008526086807251 ],
	"6" : [ 177.855743408203125, -65.032974243164062, 5768.0546875, 93.715736389160156, 4.318911552429199 ],
	"7" : [ 221.442413330078125, -61.737934112548828, 5753.669921875, 98.034645080566406, 4.806530475616455 ],
	"8" : [ 246.1759033203125, -60.428024291992188, 5286.33837890625, 102.841178894042969, 2.356825351715088 ],
	"9" : [ 155.583084106445312, -66.044326782226562, 5773.6015625, 105.198005676269531, 2.925714254379272 ]
}
