{
	"0" : [ 410.849761962890625, -9.948125839233398, 2041.8634033203125, 1.137777805328369, 3.610702991485596 ],
	"1" : [ 160.580276489257812, -42.613029479980469, 826.66217041015625, 4.748480796813965, 32.937503814697266 ],
	"10" : [ 385.305877685546875, -28.416965484619141, 1490.89453125, 85.937049865722656, 3.541043043136597 ],
	"11" : [ 339.11798095703125, -22.830083847045898, 1217.7578125, 89.478096008300781, 3.680362701416016 ],
	"12" : [ 333.13818359375, -34.149204254150391, 1184.271728515625, 93.158454895019531, 4.318911552429199 ],
	"13" : [ 330.17657470703125, -37.133167266845703, 1252.6826171875, 97.477371215820312, 5.955918312072754 ],
	"14" : [ 412.2275390625, -17.92265510559082, 1351.6923828125, 103.43328857421875, 3.529433012008667 ],
	"15" : [ 328.5517578125, -37.194255828857422, 1539.0628662109375, 106.962722778320312, 4.469841480255127 ],
	"16" : [ 388.755645751953125, -30.755472183227539, 1247.4951171875, 111.432563781738281, 3.761632680892944 ],
	"17" : [ 481.43792724609375, -35.402065277099609, 1188.094970703125, 115.194198608398438, 3.587482929229736 ],
	"18" : [ 401.347198486328125, -40.104793548583984, 1158.4722900390625, 118.78167724609375, 5.619228839874268 ],
	"19" : [ 154.012969970703125, -19.116043090820312, 651.70263671875, 124.400909423828125, 3.564263105392456 ],
	"2" : [ 178.226547241210938, -40.655429840087891, 759.62091064453125, 37.685985565185547, 8.347573280334473 ],
	"20" : [ 159.986068725585938, -34.001361846923828, 1051.513427734375, 127.965171813964844, 4.086711883544922 ],
	"21" : [ 257.12921142578125, -26.453136444091797, 947.19158935546875, 132.0518798828125, 3.494603157043457 ],
	"22" : [ 280.1619873046875, -28.183012008666992, 980.0643310546875, 135.546478271484375, 3.773242712020874 ],
	"23" : [ 269.183837890625, -25.917041778564453, 974.8583984375, 139.319732666015625, 3.506213188171387 ],
	"24" : [ 261.79876708984375, -32.350955963134766, 1015.65667724609375, 142.825942993164062, 3.819682598114014 ],
	"25" : [ 291.667877197265625, -26.586740493774414, 992.91552734375, 146.6456298828125, 5.038730144500732 ],
	"26" : [ 288.00543212890625, -26.06825065612793, 1103.325439453125, 151.684356689453125, 3.599092960357666 ],
	"27" : [ 279.020599365234375, -34.541213989257812, 1229.8282470703125, 155.283447265625, 4.051882266998291 ],
	"28" : [ 317.604248046875, -24.333942413330078, 1162.49658203125, 159.3353271484375, 3.633922815322876 ],
	"29" : [ 234.679901123046875, -29.816219329833984, 1079.40283203125, 162.969253540039062, 3.808072566986084 ],
	"3" : [ 183.229660034179688, -38.707889556884766, 809.3033447265625, 46.033561706542969, 5.503129482269287 ],
	"30" : [ 266.654266357421875, -32.323257446289062, 1195.625732421875, 166.777328491210938, 4.040272235870361 ],
	"31" : [ 422.697357177734375, -31.91145133972168, 1294.237060546875, 170.817596435546875, 3.935782194137573 ],
	"32" : [ 402.222381591796875, -15.059622764587402, 1201.8887939453125, 174.753372192382812, 3.541043043136597 ],
	"33" : [ 321.733795166015625, -23.30012321472168, 1242.794677734375, 178.294418334960938, 4.249251842498779 ],
	"34" : [ 482.375732421875, -24.401878356933594, 1342.500244140625, 182.543670654296875, 3.541043043136597 ],
	"35" : [ 327.41448974609375, -22.243806838989258, 1288.489990234375, 186.084716796875, 4.690430641174316 ],
	"36" : [ 427.077972412109375, -32.320472717285156, 1411.9876708984375, 190.775146484375, 3.506213188171387 ],
	"37" : [ 451.459808349609375, -13.702961921691895, 1121.8836669921875, 194.281356811523438, 3.541043043136597 ],
	"38" : [ 382.748992919921875, -42.925823211669922, 1121.8577880859375, 197.822402954101562, 4.446621417999268 ],
	"39" : [ 354.294769287109375, -23.496889114379883, 1295.322509765625, 202.269027709960938, 3.599092960357666 ],
	"4" : [ 240.344589233398438, -36.381412506103516, 971.106201171875, 51.536689758300781, 7.441995620727539 ],
	"40" : [ 353.992340087890625, -14.53071403503418, 1300.884521484375, 205.868118286132812, 3.610702991485596 ],
	"41" : [ 298.969970703125, -32.695762634277344, 1499.0218505859375, 209.47882080078125, 3.912562370300293 ],
	"42" : [ 705.866943359375, -13.693447113037109, 1251.4532470703125, 213.391387939453125, 3.529433012008667 ],
	"43" : [ 565.249267578125, -15.573816299438477, 1077.0548095703125, 216.920822143554688, 3.494603157043457 ],
	"44" : [ 476.68780517578125, -15.008160591125488, 1351.9359130859375, 220.415420532226562, 3.517823219299316 ],
	"45" : [ 385.582763671875, -15.181410789489746, 1411.6796875, 223.933242797851562, 3.506213188171387 ],
	"46" : [ 516.73834228515625, -15.125811576843262, 1146.6038818359375, 227.439453125, 3.599092960357666 ],
	"47" : [ 417.8291015625, -17.444337844848633, 1053.591796875, 231.038543701171875, 3.703582763671875 ],
	"48" : [ 442.34051513671875, -16.438983917236328, 1219.280029296875, 234.74212646484375, 3.506213188171387 ],
	"49" : [ 298.329803466796875, -18.945762634277344, 958.2584228515625, 238.24835205078125, 3.529433012008667 ],
	"5" : [ 210.244125366210938, -38.818588256835938, 1046.72998046875, 58.978683471679688, 6.884716510772705 ],
	"50" : [ 449.980926513671875, -15.726503372192383, 1360.5772705078125, 241.77777099609375, 3.541043043136597 ],
	"51" : [ 373.324951171875, -16.487512588500977, 1072.525146484375, 245.318817138671875, 3.494603157043457 ],
	"52" : [ 280.952789306640625, -17.214479446411133, 1027.910400390625, 248.813430786132812, 3.517823219299316 ],
	"53" : [ 156.1182861328125, -43.925907135009766, 845.93408203125, 252.331253051757812, 28.792743682861328 ],
	"54" : [ 280.395263671875, -50.6575927734375, 1228.685546875, 281.123992919921875, 8.219863891601562 ],
	"55" : [ 204.399856567382812, -26.215644836425781, 501.25714111328125, 289.343841552734375, 3.494603157043457 ],
	"56" : [ 224.7174072265625, -23.764148712158203, 495.085662841796875, 292.838470458984375, 3.657142877578735 ],
	"57" : [ 191.045806884765625, -33.20330810546875, 576.3114013671875, 296.49560546875, 3.541043043136597 ],
	"58" : [ 222.512969970703125, -25.879222869873047, 552.5860595703125, 300.036651611328125, 3.494603157043457 ],
	"6" : [ 390.848968505859375, -34.666690826416016, 1005.01043701171875, 65.8634033203125, 6.803446769714355 ],
	"7" : [ 398.001007080078125, -32.893917083740234, 1044.65869140625, 72.666847229003906, 6.199728012084961 ],
	"8" : [ 263.622406005859375, -30.851461410522461, 1046.510498046875, 78.8665771484375, 3.506213188171387 ],
	"9" : [ 368.499664306640625, -31.553640365600586, 1117.32958984375, 82.372787475585938, 3.564263105392456 ]
}
