{
	"0" : [ 62.213027954101562, 7.852789402008057, 197.428024291992188, 2.368435382843018, 7.685804843902588 ],
	"1" : [ 83.469955444335938, 3.253761529922485, 299.7774658203125, 10.054240226745605, 8.45206356048584 ],
	"10" : [ 69.759353637695312, 3.229259967803955, 154.140045166015625, 79.168434143066406, 6.977596282958984 ],
	"11" : [ 66.16827392578125, 5.033215999603271, 260.78033447265625, 86.146034240722656, 7.790294647216797 ],
	"12" : [ 100.057594299316406, 2.012686491012573, 283.17633056640625, 93.936325073242188, 7.360725402832031 ],
	"13" : [ 107.298088073730469, 2.353524446487427, 185.825180053710938, 101.297050476074219, 8.672653198242188 ],
	"14" : [ 134.4237060546875, 3.15560507774353, 340.737823486328125, 109.969703674316406, 7.047256469726562 ],
	"15" : [ 240.7452392578125, 3.052188396453857, 239.19659423828125, 117.016960144042969, 8.893242835998535 ],
	"16" : [ 148.967697143554688, 8.57915210723877, 343.89703369140625, 125.910202026367188, 16.753196716308594 ],
	"17" : [ 72.814064025878906, 6.44063663482666, 211.8447265625, 142.663406372070312, 10.820498466491699 ],
	"18" : [ 128.687545776367188, 3.421554327011108, 293.3741455078125, 153.483901977539062, 14.605351448059082 ],
	"19" : [ 116.649406433105469, 2.575754404067993, 327.12457275390625, 168.089248657226562, 9.996190071105957 ],
	"2" : [ 78.56097412109375, 3.970043897628784, 271.53656005859375, 18.506303787231445, 7.024036407470703 ],
	"20" : [ 287.703704833984375, 3.5339674949646, 248.645828247070312, 178.08544921875, 7.186575889587402 ],
	"21" : [ 225.404510498046875, 4.209347724914551, 207.44342041015625, 185.272018432617188, 17.693605422973633 ],
	"22" : [ 236.410140991210938, 6.789844512939453, 389.965087890625, 202.965621948242188, 11.528707504272461 ],
	"23" : [ 235.215744018554688, 6.602448463439941, 363.9578857421875, 214.49432373046875, 7.000816345214844 ],
	"24" : [ 119.259017944335938, 3.477869272232056, 501.08099365234375, 221.495147705078125, 6.977596282958984 ],
	"25" : [ 65.171234130859375, 1.491121411323547, 189.596939086914062, 228.472747802734375, 7.000816345214844 ],
	"26" : [ 64.589607238769531, 2.202853202819824, 277.197906494140625, 235.473556518554688, 6.977596282958984 ],
	"27" : [ 170.102798461914062, 1.535245656967163, 251.758956909179688, 242.451156616210938, 7.000816345214844 ],
	"28" : [ 174.97857666015625, 3.585190296173096, 283.870635986328125, 249.45196533203125, 7.024036407470703 ],
	"29" : [ 92.9945068359375, 3.084177732467651, 220.641769409179688, 256.47601318359375, 9.787210464477539 ],
	"3" : [ 112.552497863769531, 2.400179147720337, 317.52490234375, 25.530340194702148, 7.209795951843262 ],
	"4" : [ 87.37762451171875, 1.916423916816711, 272.064544677734375, 32.740135192871094, 7.000816345214844 ],
	"5" : [ 80.145347595214844, 5.67594575881958, 119.458274841308594, 39.740951538085938, 8.649433135986328 ],
	"6" : [ 95.341796875, 4.860550880432129, 183.496017456054688, 48.390384674072266, 7.000816345214844 ],
	"7" : [ 83.241691589355469, 2.81790018081665, 166.961578369140625, 55.391201019287109, 7.024036407470703 ],
	"8" : [ 88.494659423828125, 2.9208083152771, 250.053634643554688, 62.415237426757812, 8.719093322753906 ],
	"9" : [ 49.911708831787109, 3.002604246139526, 248.536529541015625, 71.134330749511719, 8.034104347229004 ]
}
