{
	"0" : [ 435.7891845703125, -46.357398986816406, 4359.4619140625, 2.809614419937134, 1.822766423225403 ],
	"1" : [ 435.232421875, -48.927379608154297, 4156.90478515625, 4.632380962371826, 1.776326537132263 ],
	"10" : [ 443.17138671875, -44.784282684326172, 3812.36865234375, 21.141769409179688, 1.799546480178833 ],
	"11" : [ 435.704986572265625, -44.971572875976562, 4787.4345703125, 22.941314697265625, 1.915646314620972 ],
	"12" : [ 434.5341796875, -46.600852966308594, 4130.73291015625, 24.856962203979492, 2.089795827865601 ],
	"13" : [ 434.57635498046875, -50.576519012451172, 4533.5478515625, 26.946758270263672, 1.915646314620972 ],
	"14" : [ 433.7996826171875, -46.344612121582031, 4673.77294921875, 28.862403869628906, 1.834376454353333 ],
	"15" : [ 438.983184814453125, -44.634052276611328, 3912.888916015625, 30.696779251098633, 1.799546480178833 ],
	"16" : [ 330.520263671875, -53.244918823242188, 4636.134765625, 32.496326446533203, 2.391655445098877 ],
	"17" : [ 431.832183837890625, -45.925003051757812, 4799.0810546875, 34.887981414794922, 1.764716506004333 ],
	"18" : [ 313.12567138671875, -50.944766998291016, 5298.408203125, 36.652698516845703, 2.449705123901367 ],
	"19" : [ 173.005111694335938, -62.597434997558594, 5425.03271484375, 39.102401733398438, 4.249251842498779 ],
	"2" : [ 435.52679443359375, -46.529323577880859, 4130.31103515625, 6.408707618713379, 1.799546480178833 ],
	"20" : [ 129.155120849609375, -64.396759033203125, 5710.98681640625, 43.351654052734375, 7.929614543914795 ],
	"21" : [ 176.670272827148438, -63.647487640380859, 5574.388671875, 51.281269073486328, 2.809614419937134 ],
	"22" : [ 128.265457153320312, -64.5911865234375, 5800.541015625, 54.090885162353516, 6.211338043212891 ],
	"23" : [ 169.934829711914062, -63.255741119384766, 5513.6943359375, 60.302223205566406, 2.507755041122437 ],
	"24" : [ 119.949592590332031, -65.964073181152344, 6084.205078125, 62.809978485107422, 21.223037719726562 ],
	"25" : [ 339.05767822265625, -52.636608123779297, 4720.2646484375, 84.033012390136719, 1.811156511306763 ],
	"26" : [ 335.58966064453125, -51.268035888671875, 5284.60400390625, 85.844169616699219, 1.904036283493042 ],
	"27" : [ 396.49652099609375, -49.146533966064453, 3964.65478515625, 87.748207092285156, 2.020136117935181 ],
	"28" : [ 426.679473876953125, -51.201889038085938, 4373.3603515625, 89.768341064453125, 1.753106594085693 ],
	"29" : [ 370.193572998046875, -50.852210998535156, 4243.78759765625, 91.521453857421875, 1.950476169586182 ],
	"3" : [ 439.1160888671875, -45.196533203125, 4506.69580078125, 8.208253860473633, 1.845986366271973 ],
	"30" : [ 438.673126220703125, -50.269329071044922, 4371.87890625, 93.471923828125, 1.811156511306763 ],
	"31" : [ 318.2265625, -51.657978057861328, 5034.84912109375, 95.2830810546875, 2.020136117935181 ],
	"32" : [ 405.296600341796875, -45.587261199951172, 4092.83447265625, 97.30322265625, 1.787936449050903 ],
	"33" : [ 375.3299560546875, -49.491634368896484, 4330.8408203125, 99.091156005859375, 2.14784574508667 ],
	"34" : [ 395.84130859375, -47.723461151123047, 3825.126953125, 101.239006042480469, 1.892426252365112 ],
	"35" : [ 341.710906982421875, -51.864891052246094, 4593.474609375, 103.131431579589844, 1.753106594085693 ],
	"36" : [ 435.061798095703125, -49.388450622558594, 4064.839599609375, 104.884536743164062, 1.811156511306763 ],
	"37" : [ 432.229217529296875, -50.831127166748047, 3878.538818359375, 106.695693969726562, 1.857596397399902 ],
	"38" : [ 429.802459716796875, -52.341716766357422, 4279.95166015625, 108.553291320800781, 1.753106594085693 ],
	"39" : [ 426.120330810546875, -49.684711456298828, 4380.78759765625, 110.306396484375, 1.845986366271973 ],
	"4" : [ 354.8214111328125, -48.138992309570312, 4327.54833984375, 10.054240226745605, 1.834376454353333 ],
	"40" : [ 432.973724365234375, -48.233345031738281, 4094.693603515625, 112.152381896972656, 1.845986366271973 ],
	"41" : [ 433.78857421875, -48.291305541992188, 4885.185546875, 113.998367309570312, 1.764716506004333 ],
	"42" : [ 343.427703857421875, -49.596790313720703, 4215.07666015625, 115.763084411621094, 1.799546480178833 ],
	"43" : [ 413.758148193359375, -51.924388885498047, 4630.62060546875, 117.562629699707031, 1.845986366271973 ],
	"44" : [ 407.720001220703125, -50.602359771728516, 4402.75, 119.408615112304688, 1.996916055679321 ],
	"45" : [ 432.293365478515625, -48.322925567626953, 4425.1416015625, 121.405532836914062, 1.927256226539612 ],
	"46" : [ 437.46051025390625, -49.110191345214844, 3715.705322265625, 123.332786560058594, 1.764716506004333 ],
	"47" : [ 433.001922607421875, -48.884860992431641, 4128.82080078125, 125.097503662109375, 1.799546480178833 ],
	"48" : [ 433.781829833984375, -49.11456298828125, 4733.36865234375, 126.897048950195312, 1.811156511306763 ],
	"49" : [ 434.194305419921875, -50.414543151855469, 4043.61767578125, 128.708206176757812, 1.834376454353333 ],
	"5" : [ 435.322174072265625, -45.900691986083984, 4347.44921875, 11.888616561889648, 1.915646314620972 ],
	"50" : [ 385.24273681640625, -51.559658050537109, 4319.47705078125, 130.542587280273438, 1.834376454353333 ],
	"51" : [ 437.851409912109375, -52.3812255859375, 4364.2939453125, 132.376968383789062, 1.938866257667542 ],
	"52" : [ 278.125396728515625, -57.796703338623047, 4812.61572265625, 134.315826416015625, 2.06657600402832 ],
	"53" : [ 434.99578857421875, -53.363166809082031, 4452.75341796875, 136.382400512695312, 1.764716506004333 ],
	"54" : [ 436.7139892578125, -51.682506561279297, 4453.60009765625, 138.147125244140625, 2.07818603515625 ],
	"55" : [ 359.361419677734375, -52.667697906494141, 4450.81494140625, 140.225311279296875, 1.915646314620972 ],
	"56" : [ 440.731964111328125, -50.719528198242188, 4574.466796875, 142.140945434570312, 1.799546480178833 ],
	"57" : [ 321.253265380859375, -52.5594482421875, 4962.18994140625, 143.940505981445312, 1.962086200714111 ],
	"58" : [ 5136.92578125, -51.822547912597656, 6657.689453125, 145.902587890625, 1.857596397399902 ],
	"59" : [ 185.4176025390625, -61.390293121337891, 5760.8193359375, 147.760177612304688, 5.294149875640869 ],
	"6" : [ 436.45001220703125, -47.262557983398438, 3887.46630859375, 13.804263114929199, 1.764716506004333 ],
	"60" : [ 206.079803466796875, -60.990058898925781, 5393.26416015625, 153.054336547851562, 5.31736946105957 ],
	"61" : [ 226.019607543945312, -60.147438049316406, 5423.4580078125, 158.3717041015625, 3.924172401428223 ],
	"62" : [ 250.63470458984375, -59.111843109130859, 5544.05712890625, 162.295867919921875, 2.995374202728271 ],
	"63" : [ 268.132415771484375, -57.197483062744141, 5480.884765625, 165.291244506835938, 1.776326537132263 ],
	"64" : [ 169.212066650390625, -61.958663940429688, 5817.52783203125, 167.067581176757812, 2.020136117935181 ],
	"65" : [ 325.030517578125, -55.837696075439453, 5088.31591796875, 169.08770751953125, 1.950476169586182 ],
	"66" : [ 259.57281494140625, -59.755435943603516, 5461.97998046875, 171.038192749023438, 1.834376454353333 ],
	"67" : [ 302.418975830078125, -56.495964050292969, 5431.11962890625, 172.87255859375, 2.008526086807251 ],
	"68" : [ 426.9326171875, -52.647914886474609, 5038.1044921875, 174.881088256835938, 1.799546480178833 ],
	"69" : [ 361.13055419921875, -52.171497344970703, 5020.73974609375, 176.680633544921875, 1.787936449050903 ],
	"7" : [ 433.9775390625, -44.362735748291016, 4441.953125, 15.568979263305664, 1.915646314620972 ],
	"70" : [ 381.38446044921875, -52.394611358642578, 5467.71630859375, 178.46856689453125, 1.857596397399902 ],
	"8" : [ 435.868927001953125, -45.232593536376953, 4583.03515625, 17.484626770019531, 1.822766423225403 ],
	"9" : [ 437.947540283203125, -45.267864227294922, 3963.510009765625, 19.307392120361328, 1.834376454353333 ]
}
