{
	"0" : [ 676.7589111328125, -26.693958282470703, 2378.689208984375, 5.166440010070801, 2.751564741134644 ],
	"1" : [ 620.29815673828125, -32.189231872558594, 2171.6162109375, 7.918004512786865, 2.484535217285156 ],
	"10" : [ 1075.5277099609375, -18.790435791015625, 1990.713623046875, 31.346939086914062, 2.577414989471436 ],
	"11" : [ 616.32196044921875, -41.322360992431641, 2379.774658203125, 33.924354553222656, 18.192834854125977 ],
	"12" : [ 624.770751953125, -39.188514709472656, 2564.69580078125, 52.1171875, 3.018594026565552 ],
	"13" : [ 696.22467041015625, -28.212060928344727, 2195.836669921875, 55.135784149169922, 2.705124616622925 ],
	"14" : [ 759.85101318359375, -23.653287887573242, 1958.646728515625, 57.840908050537109, 2.426485300064087 ],
	"15" : [ 893.429931640625, -20.996780395507812, 2101.036376953125, 60.267391204833984, 2.333605527877808 ],
	"16" : [ 1194.46630859375, -15.329333305358887, 2206.37646484375, 62.600997924804688, 2.519365072250366 ],
	"17" : [ 635.89349365234375, -29.164192199707031, 2526.53955078125, 65.120361328125, 2.693514823913574 ],
	"18" : [ 637.81744384765625, -36.75469970703125, 2704.71484375, 67.813880920410156, 4.27247142791748 ],
	"19" : [ 652.92059326171875, -34.522365570068359, 2520.63525390625, 72.086349487304688, 11.70285701751709 ],
	"2" : [ 656.9869384765625, -26.893667221069336, 2260.860595703125, 10.402539253234863, 2.391655445098877 ],
	"20" : [ 754.6817626953125, -26.19282341003418, 2205.828125, 83.789207458496094, 2.333605527877808 ],
	"21" : [ 790.449951171875, -26.483066558837891, 2505.48193359375, 86.122810363769531, 2.345215320587158 ],
	"22" : [ 1037.5904541015625, -15.668136596679688, 2077.9609375, 88.468025207519531, 2.333605527877808 ],
	"23" : [ 1084.6553955078125, -17.640785217285156, 2268.6708984375, 90.8016357421875, 2.345215320587158 ],
	"24" : [ 938.6136474609375, -20.529548645019531, 1932.01708984375, 93.1468505859375, 2.345215320587158 ],
	"25" : [ 888.50396728515625, -20.031902313232422, 2340.668701171875, 95.4920654296875, 2.356825351715088 ],
	"26" : [ 1622.577880859375, -13.613739013671875, 2423.366943359375, 97.848892211914062, 2.426485300064087 ],
	"27" : [ 1584.0828857421875, -34.094532012939453, 2682.736572265625, 100.275375366210938, 2.809614419937134 ],
	"28" : [ 836.65936279296875, -25.295082092285156, 2241.316162109375, 103.084991455078125, 2.705124616622925 ],
	"29" : [ 822.0970458984375, -21.577558517456055, 3011.10986328125, 105.790115356445312, 2.368435382843018 ],
	"3" : [ 718.5877685546875, -29.187135696411133, 2284.8486328125, 12.794195175170898, 3.657142877578735 ],
	"30" : [ 837.12109375, -26.493017196655273, 2286.252685546875, 108.158546447753906, 3.517823219299316 ],
	"31" : [ 840.41021728515625, -24.660316467285156, 2013.862548828125, 111.676368713378906, 2.414875268936157 ],
	"32" : [ 827.0826416015625, -32.099143981933594, 1951.2291259765625, 114.09124755859375, 3.14630389213562 ],
	"33" : [ 946.011474609375, -24.934133529663086, 2460.40478515625, 117.237548828125, 2.333605527877808 ],
	"34" : [ 879.91473388671875, -25.107715606689453, 2186.914306640625, 119.571159362792969, 2.600634813308716 ],
	"35" : [ 848.2738037109375, -22.355134963989258, 2309.044677734375, 122.171791076660156, 2.449705123901367 ],
	"36" : [ 1536.301025390625, -17.655174255371094, 2523.198974609375, 124.621498107910156, 2.739954710006714 ],
	"37" : [ 1908.476806640625, -19.701419830322266, 2880.424560546875, 127.3614501953125, 2.519365072250366 ],
	"38" : [ 1882.322509765625, -31.418676376342773, 2922.865966796875, 129.880813598632812, 2.380045413970947 ],
	"39" : [ 1843.001220703125, -17.053871154785156, 2734.19921875, 132.2608642578125, 2.356825351715088 ],
	"4" : [ 685.61236572265625, -33.25054931640625, 2708.00537109375, 16.451337814331055, 2.472925186157227 ],
	"40" : [ 1398.2681884765625, -16.626766204833984, 2743.50537109375, 134.617691040039062, 2.356825351715088 ],
	"41" : [ 1385.5667724609375, -16.571905136108398, 2699.991943359375, 136.974517822265625, 2.345215320587158 ],
	"42" : [ 985.3033447265625, -26.394411087036133, 2557.407470703125, 139.319732666015625, 3.15791392326355 ],
	"43" : [ 953.2001953125, -15.894655227661133, 1750.502197265625, 142.477645874023438, 2.356825351715088 ],
	"44" : [ 1087.0579833984375, -17.732843399047852, 2286.995361328125, 144.83447265625, 2.403265237808228 ],
	"45" : [ 901.32611083984375, -19.428600311279297, 2074.798828125, 147.23773193359375, 2.414875268936157 ],
	"46" : [ 719.825439453125, -27.05097770690918, 2158.68505859375, 149.652603149414062, 2.449705123901367 ],
	"47" : [ 694.1390380859375, -33.529712677001953, 2323.277099609375, 152.102310180664062, 2.600634813308716 ],
	"48" : [ 700.9576416015625, -38.661857604980469, 2158.373046875, 154.70294189453125, 3.343673467636108 ],
	"49" : [ 640.58209228515625, -32.183456420898438, 1925.2784423828125, 158.046615600585938, 3.436553239822388 ],
	"5" : [ 772.36163330078125, -22.361196517944336, 2109.428955078125, 18.924263000488281, 2.356825351715088 ],
	"50" : [ 621.38836669921875, -41.936733245849609, 2512.322509765625, 161.483169555664062, 6.257777690887451 ],
	"51" : [ 798.9693603515625, -29.525180816650391, 2090.24755859375, 167.740951538085938, 2.345215320587158 ],
	"52" : [ 910.48150634765625, -24.072530746459961, 2429.02587890625, 170.086166381835938, 2.565804958343506 ],
	"53" : [ 939.4281005859375, -39.177036285400391, 2667.89990234375, 172.6519775390625, 3.448163270950317 ],
	"54" : [ 923.12664794921875, -19.373668670654297, 1945.1492919921875, 176.100143432617188, 2.380045413970947 ],
	"55" : [ 949.89276123046875, -38.665763854980469, 2405.353271484375, 178.480178833007812, 3.065033912658691 ],
	"56" : [ 994.7464599609375, -19.670181274414062, 1831.53662109375, 181.545211791992188, 2.403265237808228 ],
	"57" : [ 954.18646240234375, -33.1534423828125, 2184.35986328125, 183.948486328125, 3.900952339172363 ],
	"58" : [ 928.0523681640625, -25.447090148925781, 1713.736083984375, 187.84942626953125, 2.380045413970947 ],
	"59" : [ 938.856689453125, -22.006929397583008, 1811.091796875, 190.229476928710938, 2.414875268936157 ],
	"6" : [ 752.54937744140625, -26.554325103759766, 2241.78759765625, 21.281087875366211, 2.449705123901367 ],
	"60" : [ 1207.540283203125, -21.586048126220703, 2453.9560546875, 192.64434814453125, 2.333605527877808 ],
	"61" : [ 1701.0294189453125, -18.860269546508789, 3053.233154296875, 194.97796630859375, 2.391655445098877 ],
	"62" : [ 1956.694580078125, -13.866633415222168, 3378.950927734375, 197.369613647460938, 2.380045413970947 ],
	"63" : [ 1432.748046875, -20.389938354492188, 2582.849365234375, 199.749664306640625, 2.426485300064087 ],
	"64" : [ 1069.28564453125, -36.233001708984375, 2882.099609375, 202.1761474609375, 9.578230857849121 ],
	"65" : [ 1403.65283203125, -26.133096694946289, 3139.924072265625, 211.754379272460938, 4.992290019989014 ],
	"66" : [ 779.86859130859375, -46.459522247314453, 3567.576904296875, 216.746673583984375, 3.053424119949341 ],
	"67" : [ 896.11181640625, -41.181175231933594, 2787.097412109375, 219.800094604492188, 6.037188053131104 ],
	"68" : [ 936.950927734375, -28.429000854492188, 2522.263916015625, 225.8372802734375, 3.610702991485596 ],
	"69" : [ 869.14788818359375, -33.522830963134766, 3224.81005859375, 229.447982788085938, 4.864580631256104 ],
	"7" : [ 757.99822998046875, -25.334692001342773, 2197.52978515625, 23.730792999267578, 2.879274368286133 ],
	"70" : [ 1224.6114501953125, -20.861570358276367, 2907.0380859375, 234.31256103515625, 2.403265237808228 ],
	"71" : [ 1008.59637451171875, -24.761905670166016, 2538.98681640625, 236.7158203125, 2.937324285507202 ],
	"72" : [ 1001.4266357421875, -25.196416854858398, 2600.738037109375, 239.653152465820312, 2.368435382843018 ],
	"73" : [ 868.9212646484375, -33.677970886230469, 3070.756591796875, 242.021591186523438, 2.600634813308716 ],
	"74" : [ 1082.8380126953125, -27.035856246948242, 3025.17431640625, 244.622222900390625, 2.414875268936157 ],