{
	"0" : [ 372.76806640625, -47.872226715087891, 933.66851806640625, 0.673378705978394, 9.729161262512207 ],
	"1" : [ 373.0262451171875, -38.682792663574219, 793.1873779296875, 10.402539253234863, 8.498503684997559 ],
	"10" : [ 317.761688232421875, -50.063213348388672, 1197.6767578125, 76.950927734375, 9.380861282348633 ],
	"11" : [ 433.456451416015625, -57.497772216796875, 1510.0941162109375, 86.331794738769531, 6.072018146514893 ],
	"12" : [ 258.549468994140625, -35.75006103515625, 1049.2369384765625, 92.40380859375, 6.339047431945801 ],
	"13" : [ 222.45257568359375, -42.348201751708984, 695.71258544921875, 98.74285888671875, 6.29260778427124 ],
	"14" : [ 295.001861572265625, -36.845905303955078, 776.31622314453125, 105.03546142578125, 6.095238208770752 ],
	"15" : [ 205.09002685546875, -45.758201599121094, 1098.69384765625, 111.130699157714844, 10.53024959564209 ],
	"16" : [ 514.8206787109375, -51.335918426513672, 1670.608154296875, 121.66094970703125, 5.979138374328613 ],
	"17" : [ 546.719482421875, -56.525123596191406, 1703.1737060546875, 127.640090942382812, 9.566621780395508 ],
	"18" : [ 330.850006103515625, -47.856372833251953, 1149.0443115234375, 137.206710815429688, 8.161813735961914 ],
	"19" : [ 312.621856689453125, -44.257942199707031, 826.458740234375, 145.3685302734375, 9.218321800231934 ],
	"2" : [ 346.8251953125, -40.291923522949219, 681.99591064453125, 18.901042938232422, 7.233016014099121 ],
	"20" : [ 341.166595458984375, -54.422782897949219, 1556.780029296875, 154.58685302734375, 13.63011360168457 ],
	"21" : [ 311.416229248046875, -41.110187530517578, 1118.8328857421875, 168.216964721679688, 5.828208446502686 ],
	"22" : [ 257.7470703125, -37.311077117919922, 624.826171875, 174.045166015625, 5.863038539886475 ],
	"23" : [ 284.075042724609375, -41.913478851318359, 676.93182373046875, 179.908203125, 6.43192720413208 ],
	"24" : [ 299.438720703125, -43.930908203125, 1171.3497314453125, 186.340133666992188, 15.441269874572754 ],
	"25" : [ 349.383270263671875, -35.609268188476562, 1271.9840087890625, 201.781402587890625, 5.828208446502686 ],
	"26" : [ 319.245880126953125, -44.668838500976562, 1029.3831787109375, 207.609619140625, 10.147120475769043 ],
	"27" : [ 286.338897705078125, -32.438766479492188, 996.28778076171875, 217.756729125976562, 6.757006645202637 ],
	"28" : [ 291.794403076171875, -37.606151580810547, 738.1829833984375, 224.513748168945312, 6.617687225341797 ],
	"29" : [ 212.12060546875, -37.108291625976562, 928.036865234375, 231.131423950195312, 5.863038539886475 ],
	"3" : [ 294.676361083984375, -46.437728881835938, 987.2469482421875, 26.134059906005859, 11.006258964538574 ],
	"4" : [ 359.30322265625, -44.231647491455078, 949.8740234375, 37.140316009521484, 6.176507949829102 ],
	"5" : [ 375.3292236328125, -47.470531463623047, 1118.103515625, 43.316825866699219, 8.185033798217773 ],
	"6" : [ 248.18304443359375, -37.082859039306641, 674.9921875, 51.501857757568359, 5.863038539886475 ],
	"7" : [ 382.08966064453125, -36.299545288085938, 710.2987060546875, 57.364898681640625, 5.863038539886475 ],
	"8" : [ 321.701385498046875, -34.505401611328125, 770.363525390625, 63.227935791015625, 6.675736904144287 ],
	"9" : [ 330.0628662109375, -51.136936187744141, 1204.4659423828125, 69.903671264648438, 7.047256469726562 ]
}
