{
	"0" : [ 361.137054443359375, -42.623325347900391, 848.21966552734375, 5.131609916687012, 6.838276863098145 ],
	"1" : [ 468.27825927734375, -49.628391265869141, 1239.7982177734375, 11.969886779785156, 29.721542358398438 ],
	"10" : [ 268.90386962890625, -39.958446502685547, 679.9622802734375, 115.078094482421875, 5.34058952331543 ],
	"11" : [ 281.743072509765625, -42.599803924560547, 749.49493408203125, 120.418685913085938, 6.199728012084961 ],
	"12" : [ 315.32305908203125, -39.691181182861328, 721.8812255859375, 126.618415832519531, 2.414875268936157 ],
	"13" : [ 276.627960205078125, -33.659809112548828, 573.51812744140625, 129.033294677734375, 3.332063436508179 ],
	"14" : [ 232.516082763671875, -38.639472961425781, 648.00909423828125, 132.3653564453125, 4.864580631256104 ],
	"15" : [ 284.064422607421875, -36.894321441650391, 604.06610107421875, 137.229934692382812, 5.305759429931641 ],
	"16" : [ 274.784820556640625, -38.377235412597656, 665.60577392578125, 142.535690307617188, 3.19274377822876 ],
	"17" : [ 280.6650390625, -40.141670227050781, 738.78082275390625, 145.728439331054688, 3.982222318649292 ],
	"18" : [ 282.378173828125, -39.488613128662109, 718.64776611328125, 149.710662841796875, 4.1563720703125 ],
	"19" : [ 249.26556396484375, -35.665264129638672, 633.7972412109375, 153.867034912109375, 4.551111221313477 ],
	"2" : [ 255.378860473632812, -47.948154449462891, 987.0006103515625, 41.691429138183594, 5.236099720001221 ],
	"20" : [ 247.325775146484375, -36.291770935058594, 588.15966796875, 158.418136596679688, 4.21442174911499 ],
	"21" : [ 248.273773193359375, -39.742286682128906, 683.13714599609375, 162.632568359375, 3.274013519287109 ],
	"22" : [ 308.860565185546875, -40.207283020019531, 732.1348876953125, 165.906570434570312, 3.343673467636108 ],
	"23" : [ 312.41326904296875, -41.301624298095703, 798.45684814453125, 169.250244140625, 4.504671096801758 ],
	"24" : [ 278.95623779296875, -41.021430969238281, 767.66455078125, 173.754913330078125, 4.771700859069824 ],
	"25" : [ 221.31378173828125, -37.379348754882812, 613.955322265625, 178.526626586914062, 4.493061065673828 ],
	"26" : [ 280.616424560546875, -38.678707122802734, 667.557373046875, 183.019683837890625, 3.494603157043457 ],
	"27" : [ 238.840301513671875, -39.166976928710938, 684.37628173828125, 186.5142822265625, 3.947392225265503 ],
	"28" : [ 299.65966796875, -39.782207489013672, 710.30230712890625, 190.461685180664062, 2.739954710006714 ],
	"29" : [ 293.453582763671875, -48.438064575195312, 1055.6346435546875, 193.201629638671875, 4.179591655731201 ],
	"3" : [ 222.290084838867188, -46.797462463378906, 944.001953125, 46.927528381347656, 20.503219604492188 ],
	"30" : [ 374.071563720703125, -44.016414642333984, 873.44476318359375, 197.3812255859375, 12.074376106262207 ],
	"31" : [ 257.2484130859375, -45.949882507324219, 936.15869140625, 209.455596923828125, 13.455964088439941 ],
	"32" : [ 419.25933837890625, -44.58203125, 1003.9508056640625, 222.91156005859375, 4.27247142791748 ],
	"33" : [ 250.3006591796875, -48.32000732421875, 1029.0540771484375, 227.184036254882812, 4.887800216674805 ],
	"34" : [ 192.719131469726562, -40.534507751464844, 683.456787109375, 232.07183837890625, 3.274013519287109 ],
	"35" : [ 225.072998046875, -38.103557586669922, 644.16534423828125, 235.345855712890625, 5.17805004119873 ],
	"36" : [ 257.86834716796875, -40.216796875, 736.470947265625, 240.523895263671875, 3.506213188171387 ],
	"37" : [ 238.990951538085938, -43.058891296386719, 887.8094482421875, 244.030120849609375, 2.798004627227783 ],
	"38" : [ 411.997894287109375, -43.322608947753906, 917.5740966796875, 246.828125, 4.713650703430176 ],
	"39" : [ 397.432861328125, -46.534400939941406, 1039.5323486328125, 251.541763305664062, 5.41024923324585 ],
	"4" : [ 176.890792846679688, -42.142898559570312, 682.91162109375, 67.430747985839844, 4.725260734558105 ],
	"40" : [ 277.619110107421875, -52.137504577636719, 1395.646728515625, 256.9520263671875, 6.954376220703125 ],
	"41" : [ 263.069244384765625, -46.543025970458984, 959.31768798828125, 263.906402587890625, 6.919546604156494 ],
	"42" : [ 278.471893310546875, -39.790489196777344, 706.6978759765625, 270.825927734375, 3.21596360206604 ],
	"43" : [ 288.3128662109375, -37.396358489990234, 610.87261962890625, 274.041900634765625, 5.863038539886475 ],
	"44" : [ 271.588623046875, -43.271411895751953, 774.6773681640625, 279.904937744140625, 4.167981624603271 ],
	"45" : [ 233.66790771484375, -39.286685943603516, 662.1971435546875, 284.07293701171875, 3.715192794799805 ],
	"46" : [ 269.872344970703125, -38.518455505371094, 693.912109375, 287.788116455078125, 4.771700859069824 ],
	"47" : [ 295.68194580078125, -40.348472595214844, 702.7723388671875, 292.559814453125, 4.342131614685059 ],
	"5" : [ 278.8394775390625, -51.717559814453125, 1180.615478515625, 72.156005859375, 11.946666717529297 ],
	"6" : [ 277.69879150390625, -46.977886199951172, 1039.8192138671875, 84.102676391601562, 15.081360816955566 ],
	"7" : [ 263.61529541015625, -49.209705352783203, 1098.349853515625, 99.184036254882812, 7.523265361785889 ],
	"8" : [ 230.767898559570312, -36.075229644775391, 605.22857666015625, 106.707298278808594, 3.065033912658691 ],
	"9" : [ 271.0113525390625, -36.969200134277344, 603.93212890625, 109.7723388671875, 5.305759429931641 ]
}
