{
	"0" : [ 650.46429443359375, -38.418647766113281, 1779.878173828125, 8.870022773742676, 7.604535102844238 ],
	"1" : [ 660.810546875, -24.271177291870117, 1642.8192138671875, 16.474557876586914, 1.671836733818054 ],
	"10" : [ 688.65814208984375, -24.432619094848633, 1548.9708251953125, 57.957008361816406, 1.578956961631775 ],
	"11" : [ 796.03228759765625, -16.175754547119141, 1483.7108154296875, 59.535964965820312, 1.532516956329346 ],
	"12" : [ 770.0697021484375, -38.896385192871094, 2347.102294921875, 61.0684814453125, 1.718276619911194 ],
	"13" : [ 881.699951171875, -16.671115875244141, 1524.923095703125, 62.786758422851562, 1.520907044410706 ],
	"14" : [ 889.0157470703125, -30.318220138549805, 2229.503173828125, 64.307662963867188, 2.229115724563599 ],
	"15" : [ 936.86724853515625, -21.912736892700195, 1338.8087158203125, 66.536781311035156, 1.555737018585205 ],
	"16" : [ 945.4771728515625, -13.615187644958496, 1380.9248046875, 68.092514038085938, 1.555737018585205 ],
	"17" : [ 952.8597412109375, -19.687126159667969, 2057.664794921875, 69.64825439453125, 1.811156511306763 ],
	"18" : [ 850.7764892578125, -17.656047821044922, 1484.873779296875, 71.45941162109375, 1.648616790771484 ],
	"19" : [ 690.16571044921875, -30.874794006347656, 1712.359375, 73.108024597167969, 4.191201686859131 ],
	"2" : [ 741.59564208984375, -22.616846084594727, 1659.341552734375, 18.146394729614258, 1.637006759643555 ],
	"20" : [ 697.51287841796875, -46.316799163818359, 3313.553466796875, 77.299232482910156, 4.353741645812988 ],
	"21" : [ 739.45867919921875, -25.8101806640625, 1320.908447265625, 81.652969360351562, 1.671836733818054 ],
	"22" : [ 749.440673828125, -21.484928131103516, 1560.6080322265625, 83.324806213378906, 1.555737018585205 ],
	"23" : [ 660.47064208984375, -24.700973510742188, 1435.0260009765625, 84.880546569824219, 1.706666707992554 ],
	"24" : [ 531.36334228515625, -24.81498908996582, 1243.5133056640625, 86.587211608886719, 2.507755041122437 ],
	"25" : [ 520.68756103515625, -47.917732238769531, 2990.587158203125, 89.094963073730469, 4.342131614685059 ],
	"26" : [ 467.25384521484375, -50.579765319824219, 3473.21484375, 93.437095642089844, 6.629297256469727 ],
	"27" : [ 519.8687744140625, -28.762832641601562, 1294.0306396484375, 100.066390991210938, 1.567346930503845 ],
	"28" : [ 536.8570556640625, -29.891958236694336, 1636.0133056640625, 101.633743286132812, 1.555737018585205 ],
	"29" : [ 411.474578857421875, -54.096858978271484, 3862.240478515625, 103.189476013183594, 5.433469295501709 ],
	"3" : [ 518.39984130859375, -50.800273895263672, 3839.0947265625, 19.783401489257812, 5.770158767700195 ],
	"30" : [ 525.1900634765625, -25.875730514526367, 1502.4482421875, 108.622947692871094, 1.602176904678345 ],
	"31" : [ 512.02850341796875, -30.630538940429688, 1258.817626953125, 110.225128173828125, 1.741496562957764 ],
	"32" : [ 288.3311767578125, -61.246150970458984, 4948.53662109375, 111.966621398925781, 4.736870765686035 ],
	"33" : [ 353.61956787109375, -45.017875671386719, 2431.333740234375, 116.7034912109375, 14.257052421569824 ],
	"34" : [ 329.782257080078125, -32.729434967041016, 1021.1573486328125, 130.960540771484375, 4.934240341186523 ],
	"35" : [ 411.079071044921875, -24.559665679931641, 1586.8193359375, 135.894790649414062, 1.544126987457275 ],
	"36" : [ 328.140716552734375, -49.756858825683594, 3156.181884765625, 137.438919067382812, 9.880090713500977 ],
	"37" : [ 959.78350830078125, -17.591363906860352, 1777.1158447265625, 147.319000244140625, 1.590566873550415 ],
	"38" : [ 1015.1915283203125, -24.955375671386719, 2078.164794921875, 148.909576416015625, 1.869206309318542 ],
	"39" : [ 1133.5303955078125, -18.255580902099609, 2204.24169921875, 150.778778076171875, 1.567346930503845 ],
	"4" : [ 577.58929443359375, -30.219209671020508, 1287.9853515625, 25.553560256958008, 2.438095331192017 ],
	"40" : [ 1192.787841796875, -27.068071365356445, 2833.440673828125, 152.346115112304688, 1.648616790771484 ],
	"41" : [ 1260.3173828125, -25.834941864013672, 2325.8994140625, 153.994735717773438, 1.520907044410706 ],
	"42" : [ 1257.5355224609375, -23.46092414855957, 2242.25146484375, 155.515640258789062, 1.520907044410706 ],
	"43" : [ 1267.2200927734375, -23.632518768310547, 2611.17431640625, 157.03656005859375, 1.544126987457275 ],
	"44" : [ 1043.39208984375, -18.519174575805664, 1660.1837158203125, 158.580673217773438, 1.555737018585205 ],
	"45" : [ 939.9481201171875, -50.745338439941406, 4250.0166015625, 160.13641357421875, 3.691972732543945 ],
	"46" : [ 1618.2230224609375, -16.033222198486328, 2416.771728515625, 163.828384399414062, 1.544126987457275 ],
	"47" : [ 1519.0316162109375, -19.368291854858398, 2535.239990234375, 165.372512817382812, 1.590566873550415 ],
	"48" : [ 1212.7943115234375, -35.273544311523438, 2686.185546875, 166.963088989257812, 1.555737018585205 ],
	"49" : [ 1408.9796142578125, -19.60975456237793, 2213.5849609375, 168.518814086914062, 1.602176904678345 ],
	"5" : [ 486.639068603515625, -40.469551086425781, 2086.844482421875, 27.991655349731445, 6.954376220703125 ],
	"50" : [ 1619.5631103515625, -19.511161804199219, 2593.48095703125, 170.121002197265625, 1.590566873550415 ],
	"51" : [ 1635.245361328125, -16.629743576049805, 2869.1328125, 171.711563110351562, 1.578956961631775 ],
	"52" : [ 1461.9161376953125, -27.324325561523438, 2933.581298828125, 173.29052734375, 1.532516956329346 ],
	"53" : [ 1258.556396484375, -35.327964782714844, 2734.12060546875, 174.823043823242188, 4.22603178024292 ],
	"54" : [ 1123.0853271484375, -33.656421661376953, 1694.34765625, 179.049072265625, 2.1594557762146 ],
	"55" : [ 1150.5653076171875, -26.886539459228516, 1680.2540283203125, 181.208526611328125, 1.567346930503845 ],
	"56" : [ 1294.1612548828125, -16.968626022338867, 1953.6693115234375, 182.77587890625, 1.544126987457275 ],
	"57" : [ 1018.799560546875, -32.292564392089844, 1771.6103515625, 184.32000732421875, 2.972154140472412 ],
	"58" : [ 901.0133056640625, -42.282962799072266, 2842.10986328125, 187.292160034179688, 1.985306143760681 ],
	"59" : [ 999.00384521484375, -21.987957000732422, 1571.715087890625, 189.2774658203125, 1.567346930503845 ],
	"6" : [ 480.244964599609375, -34.121944427490234, 1104.3797607421875, 34.946033477783203, 5.154829978942871 ],
	"60" : [ 1066.2593994140625, -15.649264335632324, 1712.337890625, 190.844802856445312, 1.544126987457275 ],
	"61" : [ 911.25994873046875, -21.324066162109375, 1473.703125, 192.388931274414062, 1.578956961631775 ],
	"62" : [ 783.26953125, -49.045795440673828, 3904.5595703125, 193.9678955078125, 5.967528343200684 ],
	"63" : [ 695.55316162109375, -32.393939971923828, 1530.8271484375, 199.9354248046875, 3.14630389213562 ],
	"64" : [ 664.432861328125, -49.747337341308594, 4107.3330078125, 203.08172607421875, 10.924988746643066 ],
	"65" : [ 533.2626953125, -42.090335845947266, 2689.67333984375, 214.0067138671875, 8.254693984985352 ],
	"66" : [ 477.871551513671875, -47.477043151855469, 3405.116943359375, 222.261398315429688, 7.267845630645752 ],
	"67" : [ 526.91766357421875, -32.158859252929688, 1460.7939453125, 229.529251098632812, 2.670294761657715 ],
	"68" : [ 472.711517333984375, -57.149349212646484, 4654.29248046875, 232.199539184570312, 4.22603178024292 ],
	"69" : [ 500.91424560546875, -29.954681396484375, 1522.6939697265625, 236.425582885742188, 1.648616790771484 ],
	"7" : [ 530.78436279296875, -52.540458679199219, 3850.9697265625, 40.100860595703125, 10.448979377746582 ],
	"70" : [ 397.815643310546875, -56.902633666992188, 4446.89697265625, 238.074188232421875, 5.456689357757568 ],
	"71" : [ 329.71942138671875, -33.360034942626953, 941.00982666015625, 243.5308837890625, 2.647074937820435 ],
	"72" : [ 462.9989013671875, -29.375968933105469, 1892.1624755859375, 246.177963256835938, 1.904036283493042 ],
	"73" : [ 464.525238037109375, -43.934307098388672, 2694.887451171875, 248.082000732421875, 13.165714263916016 ],