{
	"0" : [ 265.1275634765625, -52.115669250488281, 1582.092529296875, 31.753288269042969, 38.986305236816406 ],
	"1" : [ 268.26751708984375, -47.780525207519531, 1425.6954345703125, 70.739593505859375, 38.045894622802734 ],
	"10" : [ 346.787139892578125, -35.727840423583984, 1610.9652099609375, 151.312835693359375, 2.902494430541992 ],
	"11" : [ 383.970550537109375, -41.348781585693359, 1710.2489013671875, 154.21533203125, 3.204353809356689 ],
	"12" : [ 582.622802734375, -28.938465118408203, 1767.3309326171875, 157.419677734375, 1.857596397399902 ],
	"13" : [ 754.10137939453125, -41.400539398193359, 3185.458251953125, 159.27728271484375, 5.166440010070801 ],
	"14" : [ 964.88226318359375, -20.639572143554688, 2369.62841796875, 164.4437255859375, 1.520907044410706 ],
	"15" : [ 291.50225830078125, -47.687870025634766, 2204.066650390625, 165.964630126953125, 9.450521469116211 ],
	"16" : [ 702.46453857421875, -33.150707244873047, 1868.5750732421875, 175.415145874023438, 2.240725517272949 ],
	"17" : [ 440.4752197265625, -37.935783386230469, 2005.1920166015625, 177.655868530273438, 4.469841480255127 ],
	"18" : [ 443.221466064453125, -32.897384643554688, 1733.667236328125, 182.125717163085938, 3.668752908706665 ],
	"19" : [ 456.882110595703125, -40.469631195068359, 2789.329345703125, 185.794464111328125, 7.604535102844238 ],
	"2" : [ 456.9432373046875, -35.316066741943359, 1637.1158447265625, 108.785484313964844, 2.182675838470459 ],
	"20" : [ 504.6595458984375, -37.399688720703125, 2595.008056640625, 193.399002075195312, 2.333605527877808 ],
	"21" : [ 409.146392822265625, -30.398551940917969, 2674.1796875, 195.73260498046875, 1.555737018585205 ],
	"22" : [ 368.795196533203125, -43.381710052490234, 2018.5924072265625, 197.288345336914062, 3.378503322601318 ],
	"23" : [ 634.01141357421875, -28.938690185546875, 1602.6746826171875, 200.666854858398438, 1.787936449050903 ],
	"24" : [ 398.74273681640625, -35.426811218261719, 2057.131591796875, 202.454788208007812, 3.041814088821411 ],
	"25" : [ 800.2923583984375, -36.489009857177734, 3168.568603515625, 205.496597290039062, 4.28408145904541 ],
	"26" : [ 501.685333251953125, -35.317676544189453, 1965.2169189453125, 209.780685424804688, 2.925714254379272 ],
	"27" : [ 266.115142822265625, -39.723560333251953, 1314.2047119140625, 212.706390380859375, 5.166440010070801 ],
	"28" : [ 448.232666015625, -42.547454833984375, 1900.901123046875, 217.872833251953125, 5.24770975112915 ],
	"29" : [ 583.21746826171875, -38.791294097900391, 2602.119384765625, 223.12054443359375, 3.15791392326355 ],
	"3" : [ 387.204620361328125, -37.225788116455078, 1453.0966796875, 110.968162536621094, 2.763174533843994 ],
	"30" : [ 372.9364013671875, -51.295978546142578, 1916.3779296875, 226.278457641601562, 37.453784942626953 ],
	"31" : [ 715.87493896484375, -26.376382827758789, 2157.4560546875, 263.73223876953125, 1.555737018585205 ],
	"32" : [ 647.55401611328125, -33.429862976074219, 2138.347900390625, 265.287994384765625, 1.869206309318542 ],
	"33" : [ 769.80535888671875, -28.45067024230957, 2203.45361328125, 267.157196044921875, 3.459773302078247 ],
	"34" : [ 835.398193359375, -33.080944061279297, 2199.114501953125, 270.616973876953125, 5.828208446502686 ],
	"4" : [ 552.9547119140625, -43.699527740478516, 1574.691162109375, 113.731338500976562, 10.762449264526367 ],
	"5" : [ 444.577056884765625, -52.849704742431641, 2229.73828125, 124.493789672851562, 11.67963695526123 ],
	"6" : [ 484.613983154296875, -40.949398040771484, 1991.3492431640625, 136.173431396484375, 3.529433012008667 ],
	"7" : [ 451.280029296875, -46.742420196533203, 2089.667236328125, 139.702850341796875, 2.368435382843018 ],
	"8" : [ 571.4044189453125, -39.942977905273438, 2416.2705078125, 142.0712890625, 5.967528343200684 ],
	"9" : [ 427.682403564453125, -39.430229187011719, 2327.68505859375, 148.038818359375, 3.274013519287109 ]
}
