{
	"0" : [ 435.7913818359375, -55.467376708984375, 4355.97900390625, 2.809614419937134, 1.822766423225403 ],
	"1" : [ 434.16790771484375, -57.594829559326172, 4256.599609375, 4.632380962371826, 1.857596397399902 ],
	"10" : [ 437.0733642578125, -54.814933776855469, 4196.50927734375, 22.186666488647461, 1.776326537132263 ],
	"11" : [ 437.8096923828125, -53.177970886230469, 4751.60546875, 23.962993621826172, 1.764716506004333 ],
	"12" : [ 344.47406005859375, -61.182926177978516, 4135.41455078125, 25.72770881652832, 1.857596397399902 ],
	"13" : [ 431.618255615234375, -55.905227661132812, 4930.1728515625, 27.585306167602539, 1.764716506004333 ],
	"14" : [ 438.379180908203125, -54.155982971191406, 4368.07275390625, 29.35002326965332, 1.915646314620972 ],
	"15" : [ 439.281463623046875, -54.524204254150391, 3792.1591796875, 31.265668869018555, 1.822766423225403 ],
	"16" : [ 307.902191162109375, -63.974445343017578, 4606.1513671875, 33.088436126708984, 1.857596397399902 ],
	"17" : [ 432.132659912109375, -54.832489013671875, 4556.53271484375, 34.946033477783203, 2.07818603515625 ],
	"18" : [ 290.68011474609375, -61.302379608154297, 5409.7685546875, 37.024219512939453, 2.321995496749878 ],
	"19" : [ 131.295135498046875, -73.417144775390625, 5799.11328125, 39.346214294433594, 47.182949066162109 ],
	"2" : [ 436.572906494140625, -55.330806732177734, 4123.74169921875, 6.489977359771729, 2.03174614906311 ],
	"20" : [ 352.619873046875, -59.308746337890625, 4519.880859375, 86.529159545898438, 2.12462592124939 ],
	"21" : [ 359.837310791015625, -59.680034637451172, 4542.10498046875, 88.653785705566406, 1.938866257667542 ],
	"22" : [ 385.085601806640625, -58.449234008789062, 3860.37841796875, 90.5926513671875, 2.03174614906311 ],
	"23" : [ 438.32135009765625, -61.022918701171875, 4701.91552734375, 92.624397277832031, 2.321995496749878 ],
	"24" : [ 332.154541015625, -59.777618408203125, 4565.52734375, 94.946395874023438, 2.054965972900391 ],
	"25" : [ 411.96124267578125, -55.614505767822266, 4435.6494140625, 97.001358032226562, 2.089795827865601 ],
	"26" : [ 358.375885009765625, -57.984031677246094, 4157.82470703125, 99.091156005859375, 2.565804958343506 ],
	"27" : [ 359.8035888671875, -59.653682708740234, 4359.75927734375, 101.656959533691406, 3.088253974914551 ],
	"28" : [ 435.196624755859375, -58.485950469970703, 4101.64501953125, 104.745216369628906, 1.822766423225403 ],
	"29" : [ 430.835235595703125, -59.681514739990234, 3836.73681640625, 106.567985534667969, 1.834376454353333 ],
	"3" : [ 435.936370849609375, -57.467803955078125, 4593.814453125, 8.521723747253418, 2.13623571395874 ],
	"30" : [ 431.03826904296875, -60.650920867919922, 4169.02197265625, 108.402359008789062, 1.915646314620972 ],
	"31" : [ 430.770233154296875, -58.87152099609375, 4185.1103515625, 110.318000793457031, 2.472925186157227 ],
	"32" : [ 437.5169677734375, -57.382152557373047, 4326.0029296875, 112.790931701660156, 1.973696112632751 ],
	"33" : [ 347.576629638671875, -58.613132476806641, 5298.39501953125, 114.764625549316406, 1.822766423225403 ],
	"34" : [ 329.743896484375, -59.637310028076172, 4103.0947265625, 116.587394714355469, 2.03174614906311 ],
	"35" : [ 376.57421875, -60.331180572509766, 4678.61767578125, 118.619140625, 1.857596397399902 ],
	"36" : [ 434.068023681640625, -56.06536865234375, 3731.75341796875, 120.476737976074219, 1.764716506004333 ],
	"37" : [ 399.19989013671875, -58.515388488769531, 4369.39013671875, 122.241447448730469, 1.950476169586182 ],
	"38" : [ 434.14678955078125, -58.195526123046875, 4172.9833984375, 124.191925048828125, 3.076643943786621 ],
	"39" : [ 434.14288330078125, -59.040073394775391, 4240.5185546875, 127.268569946289062, 3.274013519287109 ],
	"4" : [ 435.76318359375, -53.846340179443359, 4260.72900390625, 10.657958984375, 1.880816340446472 ],
	"40" : [ 372.609283447265625, -61.096244812011719, 4267.0654296875, 130.542587280273438, 2.345215320587158 ],
	"41" : [ 397.819976806640625, -60.459407806396484, 4320.041015625, 132.887802124023438, 1.811156511306763 ],
	"42" : [ 323.86224365234375, -57.466442108154297, 4585.6298828125, 134.698959350585938, 4.690430641174316 ],
	"43" : [ 436.045867919921875, -61.542579650878906, 4561.2685546875, 139.389389038085938, 2.12462592124939 ],
	"44" : [ 424.120208740234375, -61.407794952392578, 4480.54833984375, 141.514007568359375, 2.240725517272949 ],
	"45" : [ 406.445709228515625, -59.939731597900391, 4422.29541015625, 143.754745483398438, 2.287165641784668 ],
	"46" : [ 311.192474365234375, -61.754501342773438, 4969.40625, 146.041900634765625, 1.962086200714111 ],
	"47" : [ 4973.5703125, -61.023529052734375, 6653.96630859375, 148.003997802734375, 1.857596397399902 ],
	"48" : [ 646.39666748046875, -47.777069091796875, 5058.7158203125, 149.861587524414062, 1.845986366271973 ],
	"49" : [ 222.09405517578125, -67.968482971191406, 5481.1298828125, 151.70758056640625, 18.030294418334961 ],
	"5" : [ 436.288330078125, -56.548507690429688, 4057.896484375, 12.538775444030762, 1.915646314620972 ],
	"50" : [ 290.167816162109375, -66.267066955566406, 5551.3212890625, 169.737869262695312, 2.948934316635132 ],
	"51" : [ 309.982818603515625, -61.639209747314453, 5159.54052734375, 172.686798095703125, 9.763991355895996 ],
	"52" : [ 360.517578125, -60.585475921630859, 4995.1650390625, 182.450790405273438, 2.345215320587158 ],
	"53" : [ 316.7591552734375, -69.177459716796875, 4810.70263671875, 184.796005249023438, 43.630294799804688 ],
	"54" : [ 620.37109375, -45.324542999267578, 4719.02880859375, 228.426300048828125, 2.461315155029297 ],
	"55" : [ 398.350067138671875, -47.961822509765625, 4286.49365234375, 230.887619018554688, 2.171065807342529 ],
	"56" : [ 626.60748291015625, -39.552658081054688, 4965.80712890625, 233.058685302734375, 2.240725517272949 ],
	"57" : [ 199.996170043945312, -68.438774108886719, 5895.33984375, 235.299407958984375, 26.575237274169922 ],
	"58" : [ 139.191482543945312, -69.337814331054688, 5996.59130859375, 261.8746337890625, 12.434286117553711 ],
	"6" : [ 435.795440673828125, -53.823268890380859, 4171.01513671875, 14.454421997070312, 1.950476169586182 ],
	"7" : [ 433.91351318359375, -54.04742431640625, 4434.9482421875, 16.404897689819336, 1.938866257667542 ],
	"8" : [ 438.174835205078125, -53.405925750732422, 4152.31005859375, 18.34376335144043, 1.927256226539612 ],
	"9" : [ 439.520782470703125, -54.761184692382812, 4292.0634765625, 20.271020889282227, 1.915646314620972 ]
}
