{
	"0" : [ 911.560791015625, 11.542257308959961, 588.94140625, 0.835918366909027, 7.3258957862854 ],
	"1" : [ 18.482734680175781, 1.841877579689026, 205.367477416992188, 8.161813735961914, 2.960544109344482 ],
	"10" : [ 1449.0189208984375, 13.157548904418945, 817.33184814453125, 42.887256622314453, 6.826666831970215 ],
	"11" : [ 111.191856384277344, 3.336745023727417, 200.14788818359375, 49.713924407958984, 2.879274368286133 ],
	"12" : [ 139.738204956054688, 7.144286632537842, 274.5491943359375, 52.593196868896484, 3.250793695449829 ],
	"13" : [ 132.495452880859375, 8.07340145111084, 179.237503051757812, 55.843990325927734, 4.980680465698242 ],
	"14" : [ 133.00665283203125, 2.638987302780151, 136.772705078125, 60.824672698974609, 2.995374202728271 ],
	"15" : [ 152.38525390625, 3.437255382537842, 68.739654541015625, 63.820045471191406, 3.123083829879761 ],
	"16" : [ 154.883804321289062, 2.858854055404663, 199.202529907226562, 66.943130493164062, 2.867664337158203 ],
	"17" : [ 84.898818969726562, 5.762620449066162, 252.903701782226562, 69.810791015625, 3.471383333206177 ],
	"18" : [ 1.290656447410583, 2.865847110748291, 95.438697814941406, 73.282173156738281, 2.867664337158203 ],
	"19" : [ 67.444580078125, 3.584031105041504, 124.956993103027344, 76.14984130859375, 2.809614419937134 ],
	"2" : [ 808.11566162109375, 11.887421607971191, 525.25262451171875, 11.122358322143555, 5.572789192199707 ],
	"20" : [ 3.412380456924438, 3.72020959854126, 151.300430297851562, 78.959457397460938, 2.948934316635132 ],
	"21" : [ 46.694992065429688, 4.838135242462158, 148.181533813476562, 81.90838623046875, 3.436553239822388 ],
	"22" : [ 76.178329467773438, 4.424339771270752, 171.5570068359375, 85.344940185546875, 2.844444513320923 ],
	"23" : [ 107.016281127929688, 6.314821720123291, 175.037582397460938, 88.189384460449219, 2.879274368286133 ],
	"24" : [ 134.589935302734375, 4.632775783538818, 146.84716796875, 91.06866455078125, 2.925714254379272 ],
	"3" : [ 153.27996826171875, 3.571881055831909, 209.954864501953125, 16.695146560668945, 3.343673467636108 ],
	"4" : [ 279.052398681640625, 10.758940696716309, 457.42449951171875, 20.038820266723633, 2.821224451065063 ],
	"5" : [ 2277.156982421875, 14.94495964050293, 851.30633544921875, 22.860044479370117, 6.37387752532959 ],
	"6" : [ 93.294570922851562, 4.843261241912842, 210.002838134765625, 29.233922958374023, 2.832834482192993 ],
	"7" : [ 2093.060791015625, 13.882737159729004, 803.6251220703125, 32.066757202148438, 4.516281127929688 ],
	"8" : [ 15.24378776550293, 4.339462280273438, 189.173629760742188, 36.583038330078125, 2.844444513320923 ],
	"9" : [ 10.609846115112305, 8.841981887817383, 378.64630126953125, 39.427482604980469, 3.459773302078247 ]
}
