{
	"0" : [ 304.47845458984375, -48.690963745117188, 922.60980224609375, 0.673378705978394, 3.889342308044434 ],
	"1" : [ 372.42596435546875, -47.318210601806641, 944.6180419921875, 4.562721252441406, 5.839818477630615 ],
	"10" : [ 232.58380126953125, -39.701347351074219, 665.909423828125, 51.501857757568359, 4.574331283569336 ],
	"11" : [ 392.16424560546875, -33.645584106445312, 731.5084228515625, 56.076190948486328, 3.599092960357666 ],
	"12" : [ 372.656707763671875, -35.896354675292969, 707.23382568359375, 59.675285339355469, 3.552653074264526 ],
	"13" : [ 278.696563720703125, -29.102994918823242, 793.4522705078125, 63.227935791015625, 3.494603157043457 ],
	"14" : [ 339.496429443359375, -44.493625640869141, 931.05731201171875, 66.722541809082031, 6.30421781539917 ],
	"15" : [ 373.0924072265625, -53.099658966064453, 1286.0621337890625, 73.026756286621094, 3.924172401428223 ],
	"16" : [ 528.20648193359375, -48.114055633544922, 1274.915283203125, 76.950927734375, 5.305759429931641 ],
	"17" : [ 241.24462890625, -52.57452392578125, 1105.781494140625, 82.256690979003906, 4.075101852416992 ],
	"18" : [ 433.456451416015625, -57.497772216796875, 1510.0941162109375, 86.331794738769531, 6.072018146514893 ],
	"19" : [ 549.54608154296875, -31.239360809326172, 1131.374755859375, 92.40380859375, 3.552653074264526 ],
	"2" : [ 372.851654052734375, -33.121646881103516, 704.64349365234375, 10.402539253234863, 5.514739036560059 ],
	"20" : [ 242.511886596679688, -40.371173858642578, 883.8626708984375, 95.956459045410156, 3.703582763671875 ],
	"21" : [ 220.324066162109375, -43.274715423583984, 702.3082275390625, 99.660041809082031, 5.375419616699219 ],
	"22" : [ 342.067230224609375, -34.613597869873047, 716.07061767578125, 105.03546142578125, 3.715192794799805 ],
	"23" : [ 242.739730834960938, -37.635761260986328, 792.9605712890625, 108.750656127929688, 3.494603157043457 ],
	"24" : [ 201.7379150390625, -47.404132843017578, 1155.33642578125, 112.245262145996094, 9.415691375732422 ],
	"25" : [ 397.779327392578125, -52.627067565917969, 1639.5064697265625, 121.66094970703125, 5.549569129943848 ],
	"26" : [ 543.80926513671875, -53.780899047851562, 1631.240234375, 127.210517883300781, 4.667211055755615 ],
	"27" : [ 538.0528564453125, -57.133247375488281, 1796.0264892578125, 131.877731323242188, 5.3289794921875 ],
	"28" : [ 326.01129150390625, -53.643692016601562, 1313.129150390625, 137.206710815429688, 3.970612287521362 ],
	"29" : [ 332.154144287109375, -42.356006622314453, 993.52471923828125, 141.177322387695312, 4.191201686859131 ],
	"3" : [ 375.632293701171875, -45.565284729003906, 904.630859375, 15.917279243469238, 5.119999885559082 ],
	"30" : [ 315.071929931640625, -36.053890228271484, 625.3492431640625, 145.3685302734375, 3.715192794799805 ],
	"31" : [ 290.9134521484375, -49.800582885742188, 969.95941162109375, 149.083724975585938, 5.503129482269287 ],
	"32" : [ 341.166595458984375, -54.422782897949219, 1556.780029296875, 154.58685302734375, 13.63011360168457 ],
	"33" : [ 314.320098876953125, -42.855583190917969, 1180.9644775390625, 168.216964721679688, 5.27092981338501 ],
	"34" : [ 238.133056640625, -34.907451629638672, 604.01373291015625, 173.487884521484375, 3.506213188171387 ],
	"35" : [ 273.48974609375, -36.107997894287109, 626.66876220703125, 176.994110107421875, 3.529433012008667 ],
	"36" : [ 285.15277099609375, -43.393730163574219, 701.21258544921875, 180.523544311523438, 5.816598415374756 ],
	"37" : [ 345.419952392578125, -26.730171203613281, 982.96282958984375, 186.340133666992188, 3.715192794799805 ],
	"38" : [ 298.071197509765625, -49.387798309326172, 1233.268798828125, 190.055328369140625, 11.726077079772949 ],
	"39" : [ 462.311737060546875, -34.383201599121094, 1457.6124267578125, 201.781402587890625, 3.726802825927734 ],
	"4" : [ 331.2843017578125, -40.103199005126953, 634.5506591796875, 21.03727912902832, 5.096779823303223 ],
	"40" : [ 281.628631591796875, -34.322208404541016, 1117.3280029296875, 205.508209228515625, 3.947392225265503 ],
	"41" : [ 346.79571533203125, -42.384761810302734, 856.42291259765625, 209.455596923828125, 3.622313022613525 ],
	"42" : [ 316.253204345703125, -52.066749572753906, 1075.6947021484375, 213.077911376953125, 4.678821086883545 ],
	"43" : [ 293.2825927734375, -24.444452285766602, 709.05975341796875, 217.756729125976562, 3.541043043136597 ],
	"44" : [ 282.1678466796875, -39.4925537109375, 1257.343994140625, 221.297775268554688, 3.517823219299316 ],
	"45" : [ 291.42449951171875, -38.378055572509766, 748.8843994140625, 224.815597534179688, 6.3158278465271 ],
	"46" : [ 210.472625732421875, -42.781990051269531, 936.64166259765625, 231.131423950195312, 3.494603157043457 ],
	"47" : [ 248.631393432617188, -26.225318908691406, 934.50750732421875, 234.62603759765625, 3.633922815322876 ],
	"48" : [ 213.143539428710938, -43.252307891845703, 1056.510986328125, 238.25994873046875, 3.691972732543945 ],
	"49" : [ 287.516357421875, -33.864112854003906, 1072.3778076171875, 241.951934814453125, 3.517823219299316 ],
	"5" : [ 216.803390502929688, -40.076271057128906, 593.5396728515625, 26.134059906005859, 3.541043043136597 ],
	"50" : [ 293.83343505859375, -34.706527709960938, 837.8916015625, 245.469757080078125, 3.877732515335083 ],
	"51" : [ 258.47393798828125, -36.016124725341797, 1085.9669189453125, 249.347488403320312, 3.622313022613525 ],
	"52" : [ 295.84918212890625, -42.547512054443359, 1161.660400390625, 252.969802856445312, 4.678821086883545 ],
	"53" : [ 310.749969482421875, -42.191452026367188, 1061.813232421875, 257.64862060546875, 3.750022649765015 ],
	"54" : [ 324.77557373046875, -31.138126373291016, 964.4359130859375, 261.398651123046875, 3.552653074264526 ],
	"55" : [ 309.021240234375, -34.914867401123047, 796.29937744140625, 264.9512939453125, 3.750022649765015 ],
	"56" : [ 300.1236572265625, -44.784870147705078, 1096.7171630859375, 268.701324462890625, 3.866122484207153 ],
	"57" : [ 269.145294189453125, -46.339691162109375, 871.84765625, 272.56744384765625, 3.599092960357666 ],
	"58" : [ 313.601287841796875, -39.004398345947266, 1025.6741943359375, 276.166534423828125, 3.773242712020874 ],
	"59" : [ 353.6904296875, -41.732322692871094, 783.451416015625, 279.93975830078125, 4.736870765686035 ],
	"6" : [ 321.23583984375, -49.441997528076172, 1180.4373779296875, 29.675102233886719, 7.46521520614624 ],
	"60" : [ 285.58966064453125, -43.336780548095703, 1128.068603515625, 284.6766357421875, 4.260861873626709 ],
	"7" : [ 389.808502197265625, -47.971401214599609, 1128.719970703125, 37.140316009521484, 4.260861873626709 ],
	"8" : [ 289.746612548828125, -32.321731567382812, 527.759765625, 41.401180267333984, 3.866122484207153 ],
	"9" : [ 408.308441162109375, -53.311756134033203, 1322.1273193359375, 45.267303466796875, 6.234557628631592 ]
}
