{
	"0" : [ 429.232330322265625, -23.833337783813477, 676.238037109375, 0.394739240407944, 0.870748281478882 ],
	"1" : [ 198.753036499023438, -27.256107330322266, 655.2633056640625, 1.265487551689148, 0.847528338432312 ],
	"10" : [ 309.463897705078125, -22.217329025268555, 788.93701171875, 11.250067710876465, 0.824308395385742 ],
	"11" : [ 301.270355224609375, -27.136091232299805, 850.67279052734375, 12.074376106262207, 0.870748281478882 ],
	"12" : [ 476.664947509765625, -43.831279754638672, 1358.251953125, 12.945124626159668, 3.668752908706665 ],
	"13" : [ 269.738677978515625, -23.580911636352539, 729.44287109375, 16.61387825012207, 0.940408170223236 ],
	"14" : [ 297.371978759765625, -27.077400207519531, 687.43701171875, 17.554285049438477, 0.859138309955597 ],
	"15" : [ 307.967315673828125, -26.398532867431641, 695.93597412109375, 18.413423538208008, 0.963628113269806 ],
	"16" : [ 256.649139404296875, -26.215250015258789, 730.34588623046875, 19.377052307128906, 0.882358253002167 ],
	"17" : [ 333.01629638671875, -37.296779632568359, 1093.9447021484375, 20.259410858154297, 1.625396847724915 ],
	"18" : [ 408.95733642578125, -24.407825469970703, 685.70355224609375, 21.884807586669922, 0.917188227176666 ],
	"19" : [ 301.506622314453125, -23.577816009521484, 665.2874755859375, 22.801996231079102, 0.893968224525452 ],
	"2" : [ 179.854904174804688, -28.849821090698242, 717.04803466796875, 2.11301589012146, 0.870748281478882 ],
	"20" : [ 237.818283081054688, -26.036737442016602, 660.64447021484375, 23.695962905883789, 0.824308395385742 ],
	"21" : [ 234.007797241210938, -25.059431076049805, 664.58160400390625, 24.520271301269531, 0.870748281478882 ],
	"22" : [ 1802.5859375, -50.634101867675781, 1919.58447265625, 25.391019821166992, 3.401723384857178 ],
	"23" : [ 306.626678466796875, -20.904256820678711, 747.86505126953125, 28.792743682861328, 0.847528338432312 ],
	"24" : [ 315.407012939453125, -21.222028732299805, 746.08056640625, 29.64027214050293, 0.928798198699951 ],
	"25" : [ 312.101104736328125, -26.211448669433594, 820.39141845703125, 30.569070816040039, 0.824308395385742 ],
	"26" : [ 334.784515380859375, -26.10175895690918, 783.7972412109375, 31.393379211425781, 0.917188227176666 ],
	"27" : [ 1294.6282958984375, -47.528938293457031, 1719.543212890625, 32.310565948486328, 3.529433012008667 ],
	"28" : [ 217.934127807617188, -26.748758316040039, 571.70660400390625, 35.840000152587891, 0.847528338432312 ],
	"29" : [ 235.968093872070312, -24.57392692565918, 578.03863525390625, 36.687526702880859, 0.893968224525452 ],
	"3" : [ 167.8524169921875, -29.77275276184082, 734.9132080078125, 2.983764171600342, 0.835918366909027 ],
	"30" : [ 229.186965942382812, -31.364158630371094, 687.9853515625, 37.581497192382812, 0.824308395385742 ],
	"31" : [ 231.227996826171875, -23.537876129150391, 626.75750732421875, 38.405803680419922, 0.859138309955597 ],
	"32" : [ 231.221710205078125, -21.050361633300781, 587.85394287109375, 39.264942169189453, 0.847528338432312 ],
	"33" : [ 232.299285888671875, -36.943603515625, 863.986328125, 40.112472534179688, 2.07818603515625 ],
	"34" : [ 227.745681762695312, -28.308097839355469, 590.48919677734375, 42.190658569335938, 0.847528338432312 ],
	"35" : [ 234.222076416015625, -24.339887619018555, 570.357666015625, 43.038185119628906, 0.847528338432312 ],
	"36" : [ 236.932891845703125, -25.680143356323242, 582.07769775390625, 43.885715484619141, 0.835918366909027 ],
	"37" : [ 232.567672729492188, -30.230583190917969, 637.5174560546875, 44.721633911132812, 0.824308395385742 ],
	"38" : [ 712.838623046875, -49.920902252197266, 1851.0306396484375, 45.545940399169922, 2.635464906692505 ],
	"39" : [ 1689.3291015625, -51.226478576660156, 1646.96435546875, 48.181404113769531, 1.091337919235229 ],
	"4" : [ 189.122207641601562, -30.180963516235352, 709.220458984375, 3.819682598114014, 0.986848056316376 ],
	"40" : [ 288.883941650390625, -27.712657928466797, 741.89581298828125, 49.272743225097656, 0.893968224525452 ],
	"41" : [ 315.037200927734375, -22.743144989013672, 679.929443359375, 50.166713714599609, 0.847528338432312 ],
	"42" : [ 311.371337890625, -22.485618591308594, 690.67413330078125, 51.014240264892578, 0.859138309955597 ],
	"43" : [ 367.982757568359375, -22.289360046386719, 739.323974609375, 51.873378753662109, 0.870748281478882 ],
	"44" : [ 319.323760986328125, -27.797935485839844, 855.96075439453125, 52.744125366210938, 0.835918366909027 ],
	"45" : [ 354.261322021484375, -14.027703285217285, 711.8699951171875, 53.580043792724609, 0.859138309955597 ],
	"46" : [ 327.49542236328125, -19.140634536743164, 836.034423828125, 54.439182281494141, 0.917188227176666 ],
	"47" : [ 347.433258056640625, -21.114101409912109, 761.35369873046875, 55.356372833251953, 1.03328800201416 ],
	"48" : [ 282.035186767578125, -16.387248992919922, 820.56134033203125, 56.389659881591797, 0.859138309955597 ],
	"49" : [ 212.301925659179688, -18.251081466674805, 731.20269775390625, 57.248798370361328, 0.882358253002167 ],
	"5" : [ 511.60919189453125, -49.861526489257812, 1625.87548828125, 4.806530475616455, 2.867664337158203 ],
	"50" : [ 202.873611450195312, -27.361715316772461, 735.00421142578125, 58.131156921386719, 0.905578255653381 ],
	"51" : [ 208.743728637695312, -35.329803466796875, 901.819091796875, 59.036735534667969, 0.952018141746521 ],
	"52" : [ 221.69659423828125, -30.069076538085938, 834.29718017578125, 59.988754272460938, 0.824308395385742 ],
	"53" : [ 197.2271728515625, -23.606464385986328, 734.9921875, 60.813060760498047, 0.824308395385742 ],
	"54" : [ 249.18426513671875, -24.739757537841797, 688.93475341796875, 61.637371063232422, 0.835918366909027 ],
	"55" : [ 232.679489135742188, -25.744304656982422, 780.08380126953125, 62.473289489746094, 0.847528338432312 ],
	"56" : [ 442.45965576171875, -19.336404800415039, 795.9371337890625, 63.320816040039062, 0.870748281478882 ],
	"57" : [ 317.85894775390625, -23.384304046630859, 765.2352294921875, 64.191566467285156, 0.998458027839661 ],
	"58" : [ 285.37298583984375, -25.574989318847656, 760.67144775390625, 65.190025329589844, 0.905578255653381 ],
	"59" : [ 271.3861083984375, -23.419340133666992, 807.34747314453125, 66.095603942871094, 1.0797278881073 ],
	"6" : [ 285.320831298828125, -21.592123031616211, 712.50445556640625, 7.674194812774658, 0.859138309955597 ],
	"60" : [ 245.995407104492188, -14.59306812286377, 960.70294189453125, 67.175331115722656, 0.859138309955597 ],
	"61" : [ 464.902740478515625, -15.984889030456543, 1029.29248046875, 68.034469604492188, 0.905578255653381 ],
	"62" : [ 567.6070556640625, -15.400815010070801, 899.79730224609375, 68.940048217773438, 0.859138309955597 ],
	"63" : [ 390.802978515625, -26.599588394165039, 857.88226318359375, 69.799186706542969, 1.288707494735718 ],
	"64" : [ 320.337005615234375, -27.263654708862305, 830.701171875, 71.087890625, 0.882358253002167 ],
	"65" : [ 325.12457275390625, -29.805213928222656, 897.38177490234375, 71.970252990722656, 1.114557862281799 ],
	"66" : [ 414.699615478515625, -18.837623596191406, 923.4208984375, 73.084808349609375, 0.905578255653381 ],
	"67" : [ 416.294403076171875, -17.374210357666016, 797.652099609375, 73.990386962890625, 0.824308395385742 ],
	"68" : [ 417.1861572265625, -20.93183708190918, 787.1656494140625, 74.814697265625, 0.870748281478882 ],
	"69" : [ 403.896331787109375, -19.927261352539062, 821.8912353515625, 75.685440063476562, 0.998458027839661 ],
	"7" : [ 283.614990234375, -17.461580276489258, 730.35137939453125, 8.533333778381348, 0.847528338432312 ],
	"70" : [ 359.3924560546875, -21.905094146728516, 825.1402587890625, 76.68389892578125, 0.917188227176666 ],
	"71" : [ 401.987762451171875, -22.246036529541016, 902.81829833984375, 77.601089477539062, 0.905578255653381 ],
	"72" : [ 379.48291015625, -24.690540313720703, 963.85003662109375, 78.506668090820312, 1.207437634468079 ],
	"73" : [ 386.751617431640625, -25.462926864624023, 792.59222412109375, 79.714103698730469, 0.975238084793091 ],