{
	"0" : [ 264.655426025390625, -35.335597991943359, 1229.548583984375, 2.856054306030273, 1.323537468910217 ],
	"1" : [ 253.216995239257812, -45.556663513183594, 1679.4049072265625, 4.179591655731201, 4.202811717987061 ],
	"10" : [ 165.504425048828125, -84.330284118652344, 4775.35546875, 30.696779251098633, 9.49696159362793 ],
	"11" : [ 254.812515258789062, -61.241344451904297, 2659.505615234375, 40.193740844726562, 3.715192794799805 ],
	"12" : [ 191.745101928710938, -52.469039916992188, 1836.1954345703125, 43.908935546875, 2.252335548400879 ],
	"13" : [ 706.89556884765625, -41.11614990234375, 1543.015380859375, 46.161270141601562, 1.706666707992554 ],
	"14" : [ 239.73651123046875, -31.042198181152344, 1417.15234375, 47.867935180664062, 1.474467158317566 ],
	"15" : [ 669.340087890625, -20.555789947509766, 1540.680419921875, 49.342403411865234, 1.300317406654358 ],
	"16" : [ 298.0179443359375, -35.055797576904297, 856.13232421875, 50.642719268798828, 3.390113353729248 ],
	"17" : [ 166.816329956054688, -78.126609802246094, 4333.06005859375, 54.032833099365234, 10.901768684387207 ],
	"18" : [ 1330.371826171875, -45.716236114501953, 2217.056884765625, 64.934600830078125, 2.310385465621948 ],
	"19" : [ 369.394561767578125, -48.238113403320312, 2074.221923828125, 67.244987487792969, 5.712108612060547 ],
	"2" : [ 132.014236450195312, -34.240409851074219, 838.4913330078125, 8.382403373718262, 1.172607660293579 ],
	"20" : [ 1118.1053466796875, -24.919923782348633, 1270.614501953125, 72.957099914550781, 1.207437634468079 ],
	"21" : [ 251.44451904296875, -50.135604858398438, 2324.166015625, 74.164535522460938, 4.040272235870361 ],
	"22" : [ 264.424224853515625, -24.005332946777344, 729.22705078125, 78.204803466796875, 2.403265237808228 ],
	"23" : [ 332.832916259765625, -23.419122695922852, 719.47283935546875, 80.608070373535156, 1.346757411956787 ],
	"24" : [ 335.68597412109375, -24.018081665039062, 689.59771728515625, 81.954826354980469, 1.114557862281799 ],
	"25" : [ 354.948822021484375, -31.37907600402832, 607.98876953125, 83.069389343261719, 1.683446764945984 ],
	"26" : [ 237.442367553710938, -40.941204071044922, 863.09027099609375, 84.752838134765625, 3.041814088821411 ],
	"27" : [ 267.65594482421875, -64.444221496582031, 2857.272216796875, 87.794647216796875, 17.008617401123047 ],
	"28" : [ 398.8909912109375, -27.201684951782227, 786.1368408203125, 104.803268432617188, 1.091337919235229 ],
	"29" : [ 687.43939208984375, -22.611127853393555, 863.54345703125, 105.894599914550781, 1.172607660293579 ],
	"3" : [ 347.8360595703125, -52.687637329101562, 2049.945556640625, 9.555011749267578, 9.984580039978027 ],
	"30" : [ 376.0634765625, -41.756122589111328, 838.28277587890625, 107.067207336425781, 6.269387722015381 ],
	"31" : [ 430.052734375, -22.216806411743164, 856.7420654296875, 113.336601257324219, 1.381587266921997 ],
	"32" : [ 312.14385986328125, -36.657783508300781, 736.658447265625, 114.718185424804688, 8.115374565124512 ],
	"33" : [ 389.85675048828125, -21.946027755737305, 858.518798828125, 122.83355712890625, 1.265487551689148 ],
	"34" : [ 279.816619873046875, -30.684720993041992, 721.26263427734375, 124.099044799804688, 3.378503322601318 ],
	"35" : [ 571.02069091796875, -20.991630554199219, 912.5106201171875, 127.477554321289062, 1.277097463607788 ],
	"36" : [ 330.634857177734375, -22.979677200317383, 865.811767578125, 128.754653930664062, 1.137777805328369 ],
	"37" : [ 271.584564208984375, -41.30517578125, 711.8809814453125, 129.892425537109375, 13.862313270568848 ],
	"38" : [ 288.31854248046875, -37.579277038574219, 740.48736572265625, 143.754745483398438, 10.205169677734375 ],
	"39" : [ 262.224700927734375, -44.895671844482422, 1285.5115966796875, 153.959915161132812, 6.640906810760498 ],
	"4" : [ 229.070877075195312, -39.810127258300781, 1037.149658203125, 19.539592742919922, 1.904036283493042 ],
	"40" : [ 303.914642333984375, -32.637821197509766, 792.78436279296875, 160.600814819335938, 3.18113374710083 ],
	"41" : [ 267.51678466796875, -33.660480499267578, 704.69097900390625, 163.781951904296875, 4.017052173614502 ],
	"42" : [ 287.824615478515625, -39.344532012939453, 790.02606201171875, 167.798995971679688, 5.085170269012451 ],
	"43" : [ 340.6026611328125, -36.416110992431641, 780.5797119140625, 172.884170532226562, 3.413333415985107 ],
	"44" : [ 370.2706298828125, -29.892177581787109, 762.34979248046875, 176.297500610351562, 1.288707494735718 ],
	"45" : [ 225.425018310546875, -31.42559814453125, 608.17218017578125, 177.586212158203125, 3.401723384857178 ],
	"46" : [ 170.74957275390625, -34.290252685546875, 588.9627685546875, 180.987930297851562, 4.481451034545898 ],
	"47" : [ 223.69036865234375, -32.108665466308594, 572.18914794921875, 185.469390869140625, 4.911020278930664 ],
	"48" : [ 149.071548461914062, -55.698135375976562, 1811.6295166015625, 190.380401611328125, 25.994739532470703 ],
	"49" : [ 269.307708740234375, -55.608562469482422, 1987.53564453125, 216.375152587890625, 2.403265237808228 ],
	"5" : [ 239.4051513671875, -31.407508850097656, 1199.4522705078125, 21.443628311157227, 1.126167774200439 ],
	"50" : [ 669.26873779296875, -19.036176681518555, 1279.171630859375, 218.778411865234375, 1.172607660293579 ],
	"51" : [ 439.535308837890625, -19.632961273193359, 1161.443359375, 219.951019287109375, 1.126167774200439 ],
	"52" : [ 263.468231201171875, -48.086261749267578, 1795.02099609375, 221.077194213867188, 2.380045413970947 ],
	"53" : [ 287.392791748046875, -56.402374267578125, 1927.212158203125, 223.457229614257812, 2.287165641784668 ],
	"54" : [ 1906.7879638671875, -43.950088500976562, 1779.2620849609375, 225.744400024414062, 2.530975103378296 ],
	"55" : [ 267.77557373046875, -46.52783203125, 1739.458251953125, 228.275375366210938, 3.506213188171387 ],
	"56" : [ 270.992828369140625, -33.311023712158203, 1297.62255859375, 231.781585693359375, 1.369977355003357 ],
	"57" : [ 193.823104858398438, -59.695037841796875, 2210.357666015625, 233.151565551757812, 3.262403726577759 ],
	"58" : [ 199.707656860351562, -17.168289184570312, 1554.27685546875, 236.413970947265625, 1.137777805328369 ],
	"59" : [ 197.1405029296875, -17.833820343017578, 1331.00732421875, 237.551742553710938, 1.10294783115387 ],
	"6" : [ 239.302459716796875, -29.400894165039062, 1182.3662109375, 22.569795608520508, 1.149387717247009 ],
	"60" : [ 497.141815185546875, -17.56573486328125, 1220.81005859375, 238.654693603515625, 1.160997748374939 ],
	"61" : [ 229.975753784179688, -51.503009796142578, 1886.9403076171875, 239.815689086914062, 3.587482929229736 ],
	"62" : [ 168.642929077148438, -51.882987976074219, 1750.782958984375, 243.403167724609375, 10.286439895629883 ],
	"63" : [ 203.129653930664062, -83.313987731933594, 4419.953125, 253.689620971679688, 7.012426376342773 ],
	"7" : [ 270.19244384765625, -28.31927490234375, 1445.5301513671875, 23.719182968139648, 1.195827722549438 ],
	"8" : [ 264.688720703125, -35.329910278320312, 1100.154296875, 24.915010452270508, 1.764716506004333 ],
	"9" : [ 264.436126708984375, -51.266838073730469, 1829.2315673828125, 26.679727554321289, 4.017052173614502 ]
}
