{
	"0" : [ 436.919403076171875, -39.010036468505859, 2151.396484375, 13.688162803649902, 10.774059295654297 ],
	"1" : [ 403.503326416015625, -40.059684753417969, 2061.0810546875, 24.462223052978516, 8.951292991638184 ],
	"10" : [ 323.355560302734375, -48.394298553466797, 2768.433349609375, 81.351112365722656, 15.162630081176758 ],
	"11" : [ 317.204132080078125, -36.803661346435547, 2167.892822265625, 96.513740539550781, 3.587482929229736 ],
	"12" : [ 423.348846435546875, -30.424430847167969, 2214.46875, 100.101226806640625, 3.668752908706665 ],
	"13" : [ 505.6529541015625, -27.108966827392578, 1884.645263671875, 103.769973754882812, 3.529433012008667 ],
	"14" : [ 485.313720703125, -28.363761901855469, 2107.84765625, 107.299407958984375, 3.564263105392456 ],
	"15" : [ 498.639801025390625, -27.843414306640625, 2098.468994140625, 110.863670349121094, 3.506213188171387 ],
	"16" : [ 457.1219482421875, -29.442750930786133, 2201.8330078125, 114.369888305664062, 3.808072566986084 ],
	"17" : [ 431.374053955078125, -25.821989059448242, 1986.34521484375, 118.177955627441406, 3.529433012008667 ],
	"18" : [ 438.0362548828125, -29.74730110168457, 2054.9931640625, 121.707389831542969, 4.14476203918457 ],
	"19" : [ 424.218780517578125, -34.994728088378906, 1902.28076171875, 125.852157592773438, 5.642448902130127 ],
	"2" : [ 545.19134521484375, -39.986370086669922, 2372.675048828125, 33.41351318359375, 4.388571262359619 ],
	"20" : [ 2249.3076171875, -54.866500854492188, 3434.80078125, 131.494598388671875, 7.000816345214844 ],
	"21" : [ 377.132598876953125, -33.185386657714844, 1883.3917236328125, 138.49542236328125, 3.506213188171387 ],
	"22" : [ 624.46124267578125, -51.476615905761719, 3685.041259765625, 142.001632690429688, 17.914194107055664 ],
	"23" : [ 454.8116455078125, -49.995716094970703, 3782.87353515625, 159.91583251953125, 6.048798084259033 ],
	"24" : [ 556.703125, -46.264373779296875, 3634.0224609375, 165.964630126953125, 4.30730152130127 ],
	"25" : [ 425.25836181640625, -46.819606781005859, 4179.5380859375, 170.271926879882812, 16.021768569946289 ],
	"26" : [ 439.042724609375, -47.523826599121094, 4612.16015625, 186.293701171875, 3.645532846450806 ],
	"27" : [ 476.294189453125, -47.741340637207031, 4918.80810546875, 189.939224243164062, 7.906394481658936 ],
	"28" : [ 482.80029296875, -47.472976684570312, 4534.51806640625, 197.845626831054688, 18.69206428527832 ],
	"29" : [ 338.011505126953125, -50.440021514892578, 3322.203369140625, 216.537689208984375, 69.032928466796875 ],
	"3" : [ 431.478759765625, -44.700222015380859, 2485.17724609375, 37.802085876464844, 11.435827255249023 ],
	"30" : [ 1270.355712890625, -35.936855316162109, 3638.62060546875, 285.57061767578125, 3.808072566986084 ],
	"31" : [ 1457.8040771484375, -30.358070373535156, 2621.45703125, 289.378692626953125, 3.564263105392456 ],
	"32" : [ 1380.4771728515625, -22.872238159179688, 2662.933349609375, 292.942962646484375, 3.564263105392456 ],
	"33" : [ 1379.826171875, -19.805145263671875, 2737.1025390625, 296.5072021484375, 3.529433012008667 ],
	"34" : [ 1478.9425048828125, -34.464988708496094, 3101.5439453125, 300.036651611328125, 3.541043043136597 ],
	"35" : [ 1364.9351806640625, -24.333633422851562, 2513.47314453125, 303.57769775390625, 3.517823219299316 ],
	"36" : [ 1359.432373046875, -23.13969612121582, 2352.061767578125, 307.09552001953125, 3.552653074264526 ],
	"37" : [ 1191.499755859375, -27.606674194335938, 2643.9228515625, 310.648162841796875, 3.529433012008667 ],
	"38" : [ 1177.6387939453125, -25.161081314086914, 2899.795166015625, 314.177581787109375, 3.541043043136597 ],
	"39" : [ 1500.7164306640625, -24.266532897949219, 2979.55712890625, 317.7186279296875, 3.529433012008667 ],
	"4" : [ 596.7855224609375, -29.484916687011719, 1880.3040771484375, 49.2379150390625, 3.506213188171387 ],
	"40" : [ 1231.8028564453125, -24.774314880371094, 2461.751708984375, 321.248077392578125, 3.599092960357666 ],
	"41" : [ 2099.962646484375, -19.739814758300781, 3372.69921875, 324.84716796875, 3.541043043136597 ],
	"42" : [ 2000.71435546875, -19.680084228515625, 3442.732666015625, 328.388214111328125, 3.599092960357666 ],
	"43" : [ 2084.008056640625, -19.520076751708984, 3321.812255859375, 331.9873046875, 3.564263105392456 ],
	"44" : [ 1973.10205078125, -21.224508285522461, 3261.46435546875, 335.55157470703125, 3.657142877578735 ],
	"45" : [ 2032.5548095703125, -17.964483261108398, 3155.869140625, 339.208709716796875, 3.575872898101807 ],
	"46" : [ 2090.262451171875, -16.432723999023438, 3345.730224609375, 342.784576416015625, 3.552653074264526 ],
	"47" : [ 2078.999267578125, -15.161354064941406, 3184.985107421875, 346.33721923828125, 3.506213188171387 ],
	"48" : [ 2075.906982421875, -14.601936340332031, 3387.42578125, 349.84344482421875, 3.564263105392456 ],
	"5" : [ 1351.8599853515625, -51.793190002441406, 3568.717041015625, 52.744125366210938, 10.402539253234863 ],
	"6" : [ 465.519134521484375, -39.988330841064453, 2285.91943359375, 63.14666748046875, 3.564263105392456 ],
	"7" : [ 402.632293701171875, -40.331432342529297, 2047.0050048828125, 66.710929870605469, 7.581315040588379 ],
	"8" : [ 498.913909912109375, -31.546890258789062, 1885.6842041015625, 74.292243957519531, 3.564263105392456 ],
	"9" : [ 484.549224853515625, -36.793827056884766, 2304.395263671875, 77.85650634765625, 3.494603157043457 ]
}
