{
	"0" : [ 3342.8408203125, -61.003643035888672, 2382.063720703125, 1.114557862281799, 4.121541976928711 ],
	"1" : [ 347.632598876953125, -45.3800048828125, 1312.2105712890625, 5.236099720001221, 7.33750581741333 ],
	"10" : [ 224.21240234375, -35.128208160400391, 1091.583740234375, 47.542858123779297, 3.831292629241943 ],
	"11" : [ 263.3819580078125, -33.536540985107422, 1036.5257568359375, 51.374149322509766, 3.900952339172363 ],
	"12" : [ 235.227249145507812, -28.707305908203125, 1237.3797607421875, 55.275100708007812, 4.017052173614502 ],
	"13" : [ 221.29217529296875, -28.347660064697266, 1473.1748046875, 59.292152404785156, 3.506213188171387 ],
	"14" : [ 250.692108154296875, -36.864048004150391, 958.96075439453125, 62.798366546630859, 9.775600433349609 ],
	"15" : [ 225.62884521484375, -32.652137756347656, 871.47943115234375, 72.573966979980469, 3.517823219299316 ],
	"16" : [ 215.00555419921875, -27.224321365356445, 1128.81884765625, 76.091789245605469, 3.541043043136597 ],
	"17" : [ 231.28350830078125, -35.426803588867188, 1170.5791015625, 79.632835388183594, 12.074376106262207 ],
	"18" : [ 242.623504638671875, -25.477504730224609, 1176.517822265625, 91.70721435546875, 3.599092960357666 ],
	"19" : [ 403.23516845703125, -34.805335998535156, 1006.5882568359375, 95.306304931640625, 7.035646438598633 ],
	"2" : [ 334.61138916015625, -40.884307861328125, 1466.4322509765625, 12.573605537414551, 3.831292629241943 ],
	"20" : [ 2440.4169921875, -53.290920257568359, 2878.94140625, 102.341949462890625, 3.703582763671875 ],
	"21" : [ 306.308990478515625, -31.639511108398438, 988.09783935546875, 106.0455322265625, 4.133152008056641 ],
	"22" : [ 322.6904296875, -30.069847106933594, 964.29278564453125, 110.178688049316406, 3.645532846450806 ],
	"23" : [ 299.427459716796875, -29.09715461730957, 1091.158203125, 113.82421875, 3.494603157043457 ],
	"24" : [ 474.717315673828125, -27.823554992675781, 643.45086669921875, 117.318817138671875, 3.796462535858154 ],
	"25" : [ 475.702178955078125, -47.499771118164062, 1463.13671875, 121.115280151367188, 4.353741645812988 ],
	"26" : [ 403.726165771484375, -40.317634582519531, 1124.34912109375, 125.469024658203125, 9.729161262512207 ],
	"27" : [ 345.78558349609375, -30.732580184936523, 918.32086181640625, 135.19818115234375, 3.680362701416016 ],
	"28" : [ 377.8145751953125, -27.784696578979492, 1176.4730224609375, 138.878555297851562, 3.645532846450806 ],
	"29" : [ 313.423583984375, -26.059257507324219, 1093.6544189453125, 142.524078369140625, 3.575872898101807 ],
	"3" : [ 249.725051879882812, -51.134685516357422, 1734.071044921875, 16.404897689819336, 5.224489688873291 ],
	"30" : [ 415.3935546875, -28.122447967529297, 1139.84814453125, 146.099960327148438, 6.722177028656006 ],
	"31" : [ 396.86993408203125, -26.131807327270508, 804.95654296875, 152.822128295898438, 3.819682598114014 ],
	"32" : [ 259.825439453125, -31.377500534057617, 958.712646484375, 156.641815185546875, 3.587482929229736 ],
	"33" : [ 227.456298828125, -31.080450057983398, 833.781494140625, 160.229293823242188, 5.131609916687012 ],
	"34" : [ 424.667999267578125, -41.50384521484375, 1148.4608154296875, 165.36090087890625, 10.414149284362793 ],
	"35" : [ 475.31549072265625, -24.401445388793945, 773.65130615234375, 175.775054931640625, 3.657142877578735 ],
	"36" : [ 366.79833984375, -26.712345123291016, 855.195068359375, 179.432205200195312, 3.657142877578735 ],
	"37" : [ 540.80206298828125, -36.001655578613281, 1438.152587890625, 183.089340209960938, 8.951292991638184 ],
	"38" : [ 396.8226318359375, -28.293769836425781, 931.29815673828125, 192.040634155273438, 4.458231449127197 ],
	"39" : [ 299.48822021484375, -41.552284240722656, 1434.6595458984375, 196.498870849609375, 7.39555549621582 ],
	"4" : [ 298.6522216796875, -46.649154663085938, 1581.208740234375, 21.629386901855469, 3.947392225265503 ],
	"40" : [ 339.618316650390625, -46.060829162597656, 1339.5616455078125, 203.894424438476562, 3.784852504730225 ],
	"41" : [ 466.82891845703125, -31.896183013916016, 916.50396728515625, 207.679275512695312, 3.645532846450806 ],
	"42" : [ 376.083282470703125, -35.269824981689453, 1062.616455078125, 211.324813842773438, 3.564263105392456 ],
	"43" : [ 335.540313720703125, -35.035865783691406, 1078.20458984375, 214.889068603515625, 4.690430641174316 ],
	"44" : [ 264.8671875, -33.962005615234375, 1019.65362548828125, 219.579498291015625, 3.633922815322876 ],
	"45" : [ 364.427642822265625, -37.685321807861328, 967.39288330078125, 223.213424682617188, 3.808072566986084 ],
	"46" : [ 591.47381591796875, -50.668262481689453, 1667.2584228515625, 227.021499633789062, 4.609160900115967 ],
	"47" : [ 360.606475830078125, -24.502256393432617, 1275.892578125, 231.630661010742188, 3.575872898101807 ],
	"48" : [ 353.22845458984375, -45.240604400634766, 1400.880615234375, 235.206527709960938, 8.510113716125488 ],
	"49" : [ 314.444549560546875, -34.387619018554688, 1353.58740234375, 243.716644287109375, 4.702040672302246 ],
	"5" : [ 313.49249267578125, -31.349088668823242, 1094.8043212890625, 25.576780319213867, 3.715192794799805 ],
	"50" : [ 377.6441650390625, -43.992778778076172, 1367.65576171875, 248.418685913085938, 5.456689357757568 ],
	"51" : [ 245.319610595703125, -33.992607116699219, 1094.37744140625, 253.875381469726562, 4.063492298126221 ],
	"52" : [ 280.509033203125, -27.035524368286133, 899.1951904296875, 257.938873291015625, 3.657142877578735 ],
	"53" : [ 348.502716064453125, -29.662036895751953, 1242.6092529296875, 261.59600830078125, 3.622313022613525 ],
	"54" : [ 206.601837158203125, -36.613391876220703, 922.023681640625, 265.21832275390625, 3.610702991485596 ],
	"55" : [ 215.722152709960938, -27.383228302001953, 1125.76220703125, 268.829010009765625, 3.680362701416016 ],
	"56" : [ 273.032135009765625, -23.069293975830078, 1254.728271484375, 272.5093994140625, 3.506213188171387 ],
	"57" : [ 411.899871826171875, -31.214117050170898, 1225.6680908203125, 276.015594482421875, 4.794920444488525 ],
	"58" : [ 230.542266845703125, -27.545568466186523, 1110.13427734375, 280.810516357421875, 3.541043043136597 ],
	"59" : [ 221.574630737304688, -26.881050109863281, 1307.0167236328125, 284.3515625, 3.552653074264526 ],
	"6" : [ 324.163604736328125, -24.258190155029297, 963.14898681640625, 29.291973114013672, 3.750022649765015 ],
	"60" : [ 280.523773193359375, -31.494964599609375, 1519.710693359375, 287.904205322265625, 3.587482929229736 ],
	"61" : [ 531.52490234375, -34.310211181640625, 1224.2674560546875, 291.49169921875, 6.013968467712402 ],
	"62" : [ 482.246856689453125, -21.501415252685547, 932.90289306640625, 297.50567626953125, 3.541043043136597 ],
	"63" : [ 417.053863525390625, -36.837448120117188, 1350.491455078125, 301.046722412109375, 3.529433012008667 ],
	"64" : [ 366.64129638671875, -31.328519821166992, 1037.8326416015625, 304.576141357421875, 3.517823219299316 ],
	"65" : [ 232.447402954101562, -25.515859603881836, 1320.6031494140625, 308.093963623046875, 3.587482929229736 ],
	"66" : [ 300.521820068359375, -24.956382751464844, 1135.072509765625, 311.68145751953125, 3.738412618637085 ],
	"67" : [ 314.431671142578125, -24.584434509277344, 1111.509765625, 315.41986083984375, 3.529433012008667 ],
	"68" : [ 399.707366943359375, -26.524999618530273, 1508.537841796875, 318.949310302734375, 3.819682598114014 ],
	"69" : [ 359.59039306640625, -23.595970153808594, 1215.4423828125, 322.76898193359375, 3.494603157043457 ],
	"7" : [ 334.810333251953125, -22.771371841430664, 1090.5504150390625, 33.041996002197266, 3.529433012008667 ],
	"70" : [ 403.761016845703125, -20.773029327392578, 1814.9749755859375, 326.263580322265625, 3.552653074264526 ],
	"71" : [ 251.72900390625, -26.943294525146484, 1335.2958984375, 329.81622314453125, 3.796462535858154 ],
	"72" : [ 293.202606201171875, -24.728876113891602, 1323.9654541015625, 333.612701416015625, 3.726802825927734 ],
	"73" : [ 283.14495849609375, -28.988210678100586, 1071.1512451171875, 337.339508056640625, 3.657142877578735 ],