{
	"0" : [ 169.713043212890625, 6.024492263793945, 387.34735107421875, 81.223403930664062, 125.49224853515625 ],
	"1" : [ 231.983016967773438, 5.364980220794678, 349.096405029296875, 206.715652465820312, 14.233832359313965 ],
	"10" : [ 340.140777587890625, 4.915991306304932, 259.89971923828125, 396.921905517578125, 23.742403030395508 ],
	"11" : [ 112.022209167480469, 4.072569370269775, 225.101715087890625, 420.664306640625, 11.621587753295898 ],
	"12" : [ 74.675041198730469, 2.321773052215576, 229.131744384765625, 432.285888671875, 11.784127235412598 ],
	"13" : [ 67.216140747070312, 8.907572746276855, 252.59765625, 444.070037841796875, 20.41033935546875 ],
	"14" : [ 83.829025268554688, 9.808390617370605, 222.313613891601562, 464.480377197265625, 14.152562141418457 ],
	"15" : [ 77.159690856933594, 8.031782150268555, 233.180404663085938, 478.6329345703125, 21.31591796875 ],
	"16" : [ 43.383396148681641, 6.180737018585205, 221.398178100585938, 499.9488525390625, 33.425125122070312 ],
	"17" : [ 80.447395324707031, 6.012776851654053, 391.57391357421875, 533.37396240234375, 12.085986137390137 ],
	"18" : [ 0.594966650009155, 4.314414024353027, 426.25823974609375, 545.4599609375, 14.071292877197266 ],
	"19" : [ 0.748455405235291, 4.587131023406982, 518.68182373046875, 559.53125, 13.444354057312012 ],
	"2" : [ 93.843635559082031, 2.675621747970581, 380.992950439453125, 220.949478149414062, 17.240816116333008 ],
	"20" : [ 100.150978088378906, 5.860679149627686, 350.601715087890625, 572.9755859375, 51.21160888671875 ],
	"21" : [ 116.224082946777344, 4.308507442474365, 212.587509155273438, 624.18719482421875, 11.668026924133301 ],
	"22" : [ 70.52484130859375, 2.933930635452271, 201.323684692382812, 635.855224609375, 11.644806861877441 ],
	"23" : [ 57.906150817871094, 2.214116334915161, 172.933990478515625, 647.50006103515625, 11.726077079772949 ],
	"24" : [ 63.905117034912109, 2.548017740249634, 161.901962280273438, 659.22613525390625, 11.70285701751709 ],
	"25" : [ 60.353816986083984, 2.387022733688354, 199.223358154296875, 670.928955078125, 11.633196830749512 ],
	"26" : [ 28.47612190246582, 2.274186134338379, 202.96923828125, 682.56219482421875, 11.760907173156738 ],
	"27" : [ 80.062652587890625, 2.571648120880127, 178.608444213867188, 694.32305908203125, 11.644806861877441 ],
	"28" : [ 105.357635498046875, 3.059780120849609, 185.546356201171875, 705.9678955078125, 11.644806861877441 ],
	"29" : [ 87.446884155273438, 3.013357400894165, 191.761001586914062, 717.6126708984375, 11.644806861877441 ],
	"3" : [ 134.894790649414062, 1.609366893768311, 242.365447998046875, 238.190292358398438, 12.097596168518066 ],
	"30" : [ 95.255882263183594, 3.203121423721313, 194.639480590820312, 729.25750732421875, 16.869297027587891 ],
	"31" : [ 84.464271545410156, 2.043538331985474, 226.801345825195312, 746.1268310546875, 11.633196830749512 ],
	"32" : [ 27.884384155273438, 2.605311632156372, 217.246002197265625, 757.760009765625, 11.656416893005371 ],
	"33" : [ 20.992881774902344, 3.225134611129761, 232.305450439453125, 769.41644287109375, 12.643265724182129 ],
	"34" : [ 76.904853820800781, 2.228451013565063, 205.6939697265625, 782.0596923828125, 11.818957328796387 ],
	"35" : [ 130.3123779296875, 2.666856527328491, 213.954498291015625, 793.878662109375, 11.644806861877441 ],
	"36" : [ 125.926567077636719, 1.889937162399292, 220.8206787109375, 805.5234375, 11.668026924133301 ],
	"37" : [ 138.938079833984375, 3.04810905456543, 289.759033203125, 817.19146728515625, 11.71446704864502 ],
	"38" : [ 115.947860717773438, 4.455041408538818, 303.72650146484375, 828.90594482421875, 11.644806861877441 ],
	"39" : [ 32.570964813232422, 3.188382148742676, 257.518218994140625, 840.55072021484375, 11.656416893005371 ],
	"4" : [ 139.736648559570312, 5.653187274932861, 332.48162841796875, 250.287887573242188, 15.9869384765625 ],
	"40" : [ 131.926361083984375, 5.6798095703125, 256.277313232421875, 852.2071533203125, 15.777958869934082 ],
	"41" : [ 168.238815307617188, 3.791706323623657, 432.658660888671875, 867.985107421875, 46.184490203857422 ],
	"42" : [ 254.08331298828125, 5.65369987487793, 678.86077880859375, 914.16961669921875, 175.206161499023438 ],
	"43" : [ 263.79119873046875, 9.685394287109375, 548.00946044921875, 1089.375732421875, 111.061042785644531 ],
	"5" : [ 3954.40966796875, 15.020851135253906, 932.67779541015625, 266.27484130859375, 19.597640991210938 ],
	"6" : [ 202.231292724609375, 5.922133922576904, 383.909881591796875, 285.872467041015625, 36.304397583007812 ],
	"7" : [ 305.88116455078125, 7.36596155166626, 239.534042358398438, 322.1768798828125, 13.096054077148438 ],
	"8" : [ 169.218704223632812, 6.911767482757568, 435.26666259765625, 335.272918701171875, 31.323719024658203 ],
	"9" : [ 216.61865234375, 5.548179626464844, 427.076080322265625, 366.596649169921875, 30.325260162353516 ]
}
