{
	"0" : [ 846.60272216796875, -64.867294311523438, 2496.05224609375, 4.109931945800781, 1.996916055679321 ],
	"1" : [ 267.316070556640625, -53.866996765136719, 1652.4696044921875, 6.106848239898682, 25.646440505981445 ],
	"10" : [ 453.89361572265625, -46.630088806152344, 2100.719482421875, 139.691253662109375, 2.380045413970947 ],
	"11" : [ 562.91229248046875, -38.810260772705078, 2493.349609375, 142.0712890625, 5.119999885559082 ],
	"12" : [ 484.973663330078125, -42.475322723388672, 1718.2056884765625, 147.191299438476562, 1.613786816596985 ],
	"13" : [ 436.504547119140625, -39.913501739501953, 2594.97021484375, 148.805084228515625, 2.507755041122437 ],
	"14" : [ 344.56170654296875, -35.782939910888672, 1611.0985107421875, 151.312835693359375, 2.890884399414062 ],
	"15" : [ 383.970550537109375, -41.285652160644531, 1708.8043212890625, 154.203720092773438, 3.21596360206604 ],
	"16" : [ 584.948974609375, -28.992786407470703, 1754.0001220703125, 157.419677734375, 1.845986366271973 ],
	"17" : [ 838.57965087890625, -45.530620574951172, 3952.21630859375, 159.265670776367188, 3.285623550415039 ],
	"18" : [ 611.425048828125, -34.083744049072266, 1855.4815673828125, 162.551300048828125, 1.892426252365112 ],
	"19" : [ 948.305908203125, -20.55290412902832, 2194.017333984375, 164.4437255859375, 1.137777805328369 ],
	"2" : [ 265.1275634765625, -52.124217987060547, 1582.492431640625, 31.753288269042969, 38.974693298339844 ],
	"20" : [ 298.572784423828125, -46.643074035644531, 2232.729248046875, 165.581497192382812, 9.833650588989258 ],
	"21" : [ 964.8148193359375, -33.811111450195312, 1850.239501953125, 175.415145874023438, 1.207437634468079 ],
	"22" : [ 560.47235107421875, -31.565681457519531, 1994.6903076171875, 176.622589111328125, 1.137777805328369 ],
	"23" : [ 397.91180419921875, -39.489452362060547, 1989.3765869140625, 177.760360717773438, 3.912562370300293 ],
	"24" : [ 735.6102294921875, -26.189628601074219, 1855.5462646484375, 181.672927856445312, 1.137777805328369 ],
	"25" : [ 303.054718017578125, -34.950222015380859, 1730.8602294921875, 182.810699462890625, 2.867664337158203 ],
	"26" : [ 455.042236328125, -40.284549713134766, 2770.37548828125, 185.678359985351562, 7.720634937286377 ],
	"27" : [ 497.345794677734375, -39.595573425292969, 2424.639404296875, 193.399002075195312, 1.729886651039124 ],
	"28" : [ 477.278839111328125, -34.685279846191406, 3255.055908203125, 195.128890991210938, 1.346757411956787 ],
	"29" : [ 374.42193603515625, -39.596900939941406, 2020.4669189453125, 196.47564697265625, 4.191201686859131 ],
	"3" : [ 268.271697998046875, -47.781883239746094, 1425.8690185546875, 70.727981567382812, 38.045894622802734 ],
	"30" : [ 673.6436767578125, -31.210582733154297, 1616.6627197265625, 200.666854858398438, 1.10294783115387 ],
	"31" : [ 453.301513671875, -33.55157470703125, 1980.179931640625, 201.769790649414062, 3.726802825927734 ],
	"32" : [ 801.38690185546875, -36.992168426513672, 3175.360595703125, 205.496597290039062, 4.14476203918457 ],
	"33" : [ 575.7021484375, -28.786779403686523, 1888.751220703125, 209.641357421875, 1.369977355003357 ],
	"34" : [ 459.0030517578125, -39.452239990234375, 2106.27978515625, 211.011337280273438, 1.695056676864624 ],
	"35" : [ 266.115142822265625, -39.723560333251953, 1314.2047119140625, 212.706390380859375, 5.166440010070801 ],
	"36" : [ 448.232666015625, -42.547454833984375, 1900.901123046875, 217.872833251953125, 5.24770975112915 ],
	"37" : [ 583.21746826171875, -38.791294097900391, 2602.119384765625, 223.12054443359375, 3.15791392326355 ],
	"38" : [ 398.640869140625, -41.38720703125, 2001.5858154296875, 226.278457641601562, 7.964444637298584 ],
	"39" : [ 521.42816162109375, -46.625297546386719, 1951.2052001953125, 234.242904663085938, 6.896326541900635 ],
	"4" : [ 458.5439453125, -35.266170501708984, 1634.34716796875, 108.773880004882812, 2.19428563117981 ],
	"40" : [ 280.26324462890625, -56.853866577148438, 1880.341796875, 241.139236450195312, 22.093786239624023 ],
	"41" : [ 714.03326416015625, -26.437994003295898, 1886.57080078125, 263.233001708984375, 1.184217691421509 ],
	"42" : [ 678.26177978515625, -31.371871948242188, 2193.339599609375, 264.417236328125, 2.728344678878784 ],
	"43" : [ 606.90594482421875, -28.45872688293457, 2361.703369140625, 267.14556884765625, 1.335147380828857 ],
	"44" : [ 836.8087158203125, -28.330717086791992, 2093.970703125, 268.480712890625, 1.915646314620972 ],
	"45" : [ 838.3924560546875, -26.175119400024414, 2295.130859375, 270.3963623046875, 1.10294783115387 ],
	"46" : [ 834.495849609375, -34.4766845703125, 2203.307373046875, 271.49932861328125, 4.934240341186523 ],
	"5" : [ 387.204620361328125, -37.225788116455078, 1453.0966796875, 110.968162536621094, 2.763174533843994 ],
	"6" : [ 645.05413818359375, -31.126741409301758, 1844.7264404296875, 113.731338500976562, 1.091337919235229 ],
	"7" : [ 521.11383056640625, -46.661243438720703, 1525.7562255859375, 114.822677612304688, 8.788752555847168 ],
	"8" : [ 464.6949462890625, -51.223896026611328, 2197.950927734375, 123.611427307128906, 12.561995506286621 ],
	"9" : [ 483.04736328125, -41.010677337646484, 1987.5863037109375, 136.173431396484375, 3.517823219299316 ]
}
