{
	"0" : [ 499.3408203125, -50.750755310058594, 2989.33544921875, 93.692520141601562, 79.551567077636719 ],
	"1" : [ 414.0487060546875, -50.570240020751953, 2947.79443359375, 173.24407958984375, 7.732244968414307 ],
	"10" : [ 955.48028564453125, -24.610979080200195, 2649.00732421875, 213.94866943359375, 1.985306143760681 ],
	"11" : [ 941.53466796875, -17.473604202270508, 2486.760498046875, 215.933975219726562, 1.555737018585205 ],
	"12" : [ 792.6632080078125, -18.90753173828125, 2475.089599609375, 217.489700317382812, 1.532516956329346 ],
	"13" : [ 501.496337890625, -35.050167083740234, 2534.946044921875, 219.022216796875, 5.25931978225708 ],
	"14" : [ 947.26861572265625, -30.120414733886719, 2725.9609375, 224.281539916992188, 1.520907044410706 ],
	"15" : [ 716.47064208984375, -20.633138656616211, 2825.48583984375, 225.802444458007812, 1.578956961631775 ],
	"16" : [ 317.90545654296875, -38.022243499755859, 2548.1357421875, 227.38140869140625, 2.054965972900391 ],
	"17" : [ 929.92254638671875, -20.143640518188477, 2366.009033203125, 229.436370849609375, 1.555737018585205 ],
	"18" : [ 630.72161865234375, -27.644844055175781, 2985.051513671875, 230.992111206054688, 1.520907044410706 ],
	"19" : [ 929.263916015625, -17.446500778198242, 2059.640625, 232.513015747070312, 1.602176904678345 ],
	"2" : [ 1073.5550537109375, -52.007968902587891, 3275.45703125, 180.976333618164062, 21.791927337646484 ],
	"20" : [ 212.73638916015625, -53.978939056396484, 3097.358642578125, 234.115188598632812, 26.958366394042969 ],
	"21" : [ 273.536895751953125, -45.749710083007812, 2254.146240234375, 261.07354736328125, 2.774784564971924 ],
	"22" : [ 908.51446533203125, -24.341838836669922, 2577.682373046875, 263.848358154296875, 1.706666707992554 ],
	"23" : [ 957.6485595703125, -27.190725326538086, 2561.49169921875, 265.555023193359375, 1.880816340446472 ],
	"24" : [ 882.0338134765625, -22.171377182006836, 2052.98388671875, 267.435821533203125, 1.520907044410706 ],
	"25" : [ 931.56719970703125, -37.532627105712891, 2608.10791015625, 268.95672607421875, 3.13469386100769 ],
	"26" : [ 1016.413818359375, -19.970792770385742, 2271.903076171875, 272.0914306640625, 1.544126987457275 ],
	"27" : [ 922.04437255859375, -15.595924377441406, 2162.933837890625, 273.63555908203125, 1.567346930503845 ],
	"28" : [ 648.90216064453125, -53.289375305175781, 3160.572509765625, 275.202911376953125, 15.70829963684082 ],
	"29" : [ 629.154052734375, -24.531982421875, 2613.904296875, 290.91119384765625, 1.671836733818054 ],
	"3" : [ 866.73284912109375, -17.109987258911133, 2538.396240234375, 202.76824951171875, 1.590566873550415 ],
	"30" : [ 325.413970947265625, -48.008224487304688, 2844.560791015625, 292.583038330078125, 10.112290382385254 ],
	"31" : [ 937.21240234375, -18.653867721557617, 2127.98681640625, 302.695343017578125, 1.544126987457275 ],
	"32" : [ 972.210693359375, -20.828010559082031, 2322.53515625, 304.23944091796875, 1.555737018585205 ],
	"33" : [ 718.27935791015625, -18.414783477783203, 2044.3804931640625, 305.795196533203125, 1.648616790771484 ],
	"34" : [ 820.09674072265625, -23.852106094360352, 2035.7469482421875, 307.443817138671875, 1.648616790771484 ],
	"35" : [ 393.09637451171875, -43.9593505859375, 2432.607177734375, 309.092437744140625, 7.999274253845215 ],
	"36" : [ 667.95281982421875, -26.256181716918945, 2200.07080078125, 317.091705322265625, 1.857596397399902 ],
	"37" : [ 624.83343505859375, -26.160404205322266, 2023.7105712890625, 318.949310302734375, 1.625396847724915 ],
	"38" : [ 353.7669677734375, -47.365871429443359, 2753.2099609375, 320.57470703125, 8.46367359161377 ],
	"39" : [ 382.905914306640625, -42.205997467041016, 4043.896728515625, 329.038360595703125, 4.040272235870361 ],
	"4" : [ 949.971923828125, -23.493078231811523, 2554.580810546875, 204.35882568359375, 1.544126987457275 ],
	"40" : [ 446.322998046875, -52.618659973144531, 3077.903564453125, 333.078643798828125, 13.966802597045898 ],
	"5" : [ 948.8441162109375, -17.247373580932617, 2701.481201171875, 205.9029541015625, 1.753106594085693 ],
	"6" : [ 794.78265380859375, -21.335451126098633, 2607.19189453125, 207.656051635742188, 1.578956961631775 ],
	"7" : [ 806.00494384765625, -19.823549270629883, 2329.30126953125, 209.235015869140625, 1.602176904678345 ],
	"8" : [ 924.16802978515625, -18.002302169799805, 2099.239990234375, 210.837188720703125, 1.590566873550415 ],
	"9" : [ 949.149658203125, -19.162361145019531, 2531.82958984375, 212.427749633789062, 1.520907044410706 ]
}
