{
	"0" : [ 2076.838134765625, 19.335910797119141, 795.817138671875, 6.083628177642822, 7.082086086273193 ],
	"1" : [ 1744.6400146484375, 14.413963317871094, 757.49945068359375, 13.165714263916016, 7.360725402832031 ],
	"10" : [ 668.482666015625, 12.624441146850586, 684.37188720703125, 82.81396484375, 6.977596282958984 ],
	"100" : [ 92.9945068359375, 3.084177732467651, 220.641769409179688, 852.38128662109375, 9.787210464477539 ],
	"11" : [ 371.790863037109375, 11.958012580871582, 572.87127685546875, 89.79156494140625, 9.299592018127441 ],
	"12" : [ 263.8824462890625, 10.27384090423584, 543.81982421875, 99.091156005859375, 7.198185920715332 ],
	"13" : [ 846.28955078125, 12.183882713317871, 828.9034423828125, 106.289344787597656, 7.000816345214844 ],
	"14" : [ 316.562469482421875, 14.314430236816406, 832.761474609375, 113.2901611328125, 12.213696479797363 ],
	"15" : [ 173.35137939453125, 8.46318531036377, 397.449310302734375, 125.503852844238281, 7.209795951843262 ],
	"16" : [ 576.70709228515625, 11.311759948730469, 553.23663330078125, 132.713653564453125, 7.000816345214844 ],
	"17" : [ 248.806320190429688, 7.710641860961914, 413.005401611328125, 139.714462280273438, 10.158730506896973 ],
	"18" : [ 1481.413330078125, 12.915872573852539, 746.67242431640625, 149.873199462890625, 7.302675724029541 ],
	"19" : [ 648.3428955078125, 11.736215591430664, 484.716278076171875, 157.175872802734375, 8.080544471740723 ],
	"2" : [ 1274.572998046875, 15.773538589477539, 668.56256103515625, 20.526439666748047, 8.010884284973145 ],
	"20" : [ 257.74761962890625, 18.153812408447266, 603.3173828125, 165.256423950195312, 6.977596282958984 ],
	"21" : [ 1575.733154296875, 20.844598770141602, 911.6051025390625, 172.2340087890625, 7.000816345214844 ],
	"22" : [ 363.357025146484375, 2.950738191604614, 399.413543701171875, 179.234832763671875, 6.977596282958984 ],
	"23" : [ 214.912185668945312, 2.845859527587891, 344.05914306640625, 186.212432861328125, 6.989206314086914 ],
	"24" : [ 228.556472778320312, 3.836724281311035, 438.357818603515625, 193.201629638671875, 7.012426376342773 ],
	"25" : [ 251.586456298828125, 3.390951871871948, 460.297027587890625, 200.214065551757812, 6.989206314086914 ],
	"26" : [ 294.630401611328125, 3.969734191894531, 407.76123046875, 207.203262329101562, 7.128526210784912 ],
	"27" : [ 369.23492431640625, 4.734425067901611, 519.43084716796875, 214.331787109375, 7.4884352684021 ],
	"28" : [ 287.3162841796875, 8.435478210449219, 423.96575927734375, 221.820220947265625, 7.34911584854126 ],
	"29" : [ 251.185928344726562, 4.599666118621826, 313.279876708984375, 229.169342041015625, 7.035646438598633 ],
	"3" : [ 262.97027587890625, 9.460437774658203, 602.431884765625, 28.537324905395508, 7.523265361785889 ],
	"30" : [ 484.961669921875, 8.066600799560547, 656.99072265625, 236.204986572265625, 7.058866024017334 ],
	"31" : [ 187.412139892578125, 5.834666728973389, 402.21612548828125, 243.26385498046875, 6.977596282958984 ],
	"32" : [ 117.736045837402344, 3.082185506820679, 392.568206787109375, 250.241455078125, 6.989206314086914 ],
	"33" : [ 216.316497802734375, 4.071393966674805, 523.5780029296875, 257.23065185546875, 6.989206314086914 ],
	"34" : [ 271.2506103515625, 12.245229721069336, 452.6182861328125, 264.219879150390625, 9.009342193603516 ],
	"35" : [ 165.46588134765625, 8.809800148010254, 362.462371826171875, 273.229217529296875, 7.116916179656982 ],
	"36" : [ 300.77520751953125, 6.282369613647461, 557.8497314453125, 280.34613037109375, 7.035646438598633 ],
	"37" : [ 466.112823486328125, 10.316579818725586, 566.34185791015625, 287.38177490234375, 7.012426376342773 ],
	"38" : [ 520.01605224609375, 5.167236328125, 581.07861328125, 294.394195556640625, 7.024036407470703 ],
	"39" : [ 737.31268310546875, 7.162094116210938, 764.8544921875, 301.418243408203125, 9.914920806884766 ],
	"4" : [ 1762.154541015625, 13.623714447021484, 696.08807373046875, 36.060588836669922, 9.369251251220703 ],
	"40" : [ 162.881240844726562, 7.403285026550293, 458.744842529296875, 311.333160400390625, 7.151745796203613 ],
	"41" : [ 477.6688232421875, 12.379809379577637, 652.13226318359375, 318.484893798828125, 7.650975227355957 ],
	"42" : [ 297.450927734375, 6.806700229644775, 696.63720703125, 326.1358642578125, 7.000816345214844 ],
	"43" : [ 881.6192626953125, 11.676957130432129, 647.57244873046875, 333.136688232421875, 7.000816345214844 ],
	"44" : [ 909.49517822265625, 8.75642204284668, 746.04443359375, 340.13751220703125, 7.163355827331543 ],
	"45" : [ 600.6925048828125, 6.804584980010986, 412.30731201171875, 347.300872802734375, 7.662585258483887 ],
	"46" : [ 256.64996337890625, 7.215131759643555, 658.39483642578125, 354.96343994140625, 7.267845630645752 ],
	"47" : [ 425.6201171875, 4.704060077667236, 690.8551025390625, 362.231292724609375, 7.174965858459473 ],
	"48" : [ 293.501800537109375, 5.035329818725586, 651.2891845703125, 369.40625, 7.209795951843262 ],
	"49" : [ 259.40594482421875, 6.656202793121338, 524.48846435546875, 376.616058349609375, 7.291065692901611 ],
	"5" : [ 1221.7716064453125, 15.593213081359863, 670.42437744140625, 45.429840087890625, 7.000816345214844 ],
	"50" : [ 548.91259765625, 4.22687292098999, 451.682281494140625, 383.907135009765625, 7.012426376342773 ],
	"51" : [ 425.037872314453125, 5.999717235565186, 532.26739501953125, 390.9195556640625, 7.047256469726562 ],
	"52" : [ 534.63519287109375, 9.225564956665039, 672.486083984375, 397.966796875, 7.302675724029541 ],
	"53" : [ 624.52874755859375, 6.802268505096436, 669.66400146484375, 405.26947021484375, 6.977596282958984 ],
	"54" : [ 244.25555419921875, 7.009865760803223, 476.69415283203125, 412.2470703125, 6.989206314086914 ],
	"55" : [ 173.647003173828125, 4.287398815155029, 496.73480224609375, 419.23626708984375, 7.035646438598633 ],
	"56" : [ 413.579925537109375, 5.256617546081543, 591.475830078125, 426.271942138671875, 7.372335433959961 ],
	"57" : [ 592.1390380859375, 7.183145523071289, 617.9119873046875, 433.644256591796875, 7.500045299530029 ],
	"58" : [ 516.54071044921875, 14.546494483947754, 667.74993896484375, 441.144317626953125, 8.034104347229004 ],
	"59" : [ 178.848220825195312, 6.612139701843262, 485.284759521484375, 449.17840576171875, 7.34911584854126 ],
	"6" : [ 411.019744873046875, 9.927528381347656, 542.05322265625, 52.430656433105469, 7.047256469726562 ],
	"60" : [ 1340.332275390625, 10.695858001708984, 720.508056640625, 456.52752685546875, 15.580589294433594 ],
	"61" : [ 887.02545166015625, 7.058928966522217, 646.75323486328125, 472.108123779296875, 15.789568901062012 ],
	"62" : [ 693.3873291015625, 7.54636812210083, 731.70867919921875, 487.897674560546875, 7.244626045227051 ],
	"63" : [ 740.78741455078125, 9.03895378112793, 731.2984619140625, 495.142303466796875, 8.115374565124512 ],
	"64" : [ 940.33538818359375, 7.765937805175781, 562.89862060546875, 503.2576904296875, 10.344490051269531 ],
	"65" : [ 792.68115234375, 8.37476634979248, 557.4776611328125, 513.6021728515625, 8.951292991638184 ],
	"66" : [ 343.528106689453125, 5.85212230682373, 474.142364501953125, 522.553466796875, 7.174965858459473 ],
	"67" : [ 1921.516357421875, 17.97210693359375, 793.63140869140625, 529.72845458984375, 7.012426376342773 ],
	"68" : [ 203.731216430664062, 12.848769187927246, 382.648773193359375, 536.7408447265625, 8.231473922729492 ],
	"69" : [ 471.540771484375, 7.714604377746582, 867.33843994140625, 544.97235107421875, 7.093696117401123 ],
	"7" : [ 616.265380859375, 11.683259010314941, 585.62567138671875, 59.477912902832031, 8.962902069091797 ],
	"70" : [ 1450.36083984375, 24.560203552246094, 2055.92333984375, 552.0660400390625, 46.207710266113281 ],
	"71" : [ 62.213027954101562, 7.852789402008057, 197.428024291992188, 598.27374267578125, 7.685804843902588 ],
	"72" : [ 83.469955444335938, 3.253761529922485, 299.7774658203125, 605.95953369140625, 8.45206356048584 ],
	"73" : [ 78.56097412109375, 3.970043897628784, 271.53656005859375, 614.41162109375, 7.024036407470703 ],