{
	"0" : [ 280.6466064453125, -40.561176300048828, 705.120361328125, 2.658684730529785, 3.343673467636108 ],
	"1" : [ 220.845504760742188, -38.729228973388672, 653.40277099609375, 6.002358436584473, 3.15791392326355 ],
	"10" : [ 402.269195556640625, -45.355796813964844, 996.812255859375, 30.847709655761719, 2.658684730529785 ],
	"11" : [ 439.10870361328125, -38.8812255859375, 815.8365478515625, 33.506393432617188, 2.171065807342529 ],
	"12" : [ 286.754119873046875, -44.644142150878906, 881.23651123046875, 35.677459716796875, 4.829750537872314 ],
	"13" : [ 364.022735595703125, -43.97161865234375, 870.38409423828125, 40.507209777832031, 2.705124616622925 ],
	"14" : [ 306.227020263671875, -48.064064025878906, 1008.24462890625, 43.212337493896484, 7.662585258483887 ],
	"15" : [ 313.12176513671875, -43.096004486083984, 859.2930908203125, 50.874919891357422, 3.123083829879761 ],
	"16" : [ 360.136260986328125, -45.524703979492188, 999.50714111328125, 53.998004913330078, 2.12462592124939 ],
	"17" : [ 279.6285400390625, -40.433464050292969, 700.10980224609375, 56.122631072998047, 3.250793695449829 ],
	"18" : [ 236.99761962890625, -36.792018890380859, 609.56787109375, 59.373424530029297, 2.19428563117981 ],
	"19" : [ 229.360763549804688, -37.720550537109375, 596.4140625, 61.567710876464844, 2.705124616622925 ],
	"2" : [ 289.98321533203125, -38.313335418701172, 708.13824462890625, 9.160271644592285, 2.972154140472412 ],
	"20" : [ 270.478485107421875, -42.996749877929688, 817.7677001953125, 64.272834777832031, 2.391655445098877 ],
	"21" : [ 392.33074951171875, -42.484512329101562, 870.95513916015625, 66.66448974609375, 1.834376454353333 ],
	"22" : [ 347.538787841796875, -44.032943725585938, 861.135009765625, 68.498863220214844, 2.774784564971924 ],
	"23" : [ 320.63507080078125, -44.326061248779297, 883.84405517578125, 71.273651123046875, 1.764716506004333 ],
	"24" : [ 338.677581787109375, -41.242382049560547, 720.4561767578125, 73.038368225097656, 2.693514823913574 ],
	"25" : [ 255.905838012695312, -41.509040832519531, 804.0130615234375, 75.731880187988281, 1.753106594085693 ],
	"26" : [ 337.30133056640625, -45.009464263916016, 824.9566650390625, 77.4849853515625, 4.30730152130127 ],
	"27" : [ 248.857650756835938, -38.454311370849609, 624.90521240234375, 81.792289733886719, 2.240725517272949 ],
	"28" : [ 273.125579833984375, -34.631095886230469, 525.90167236328125, 84.033012390136719, 3.332063436508179 ],
	"29" : [ 267.451995849609375, -48.588008880615234, 1021.0714111328125, 87.365081787109375, 7.906394481658936 ],
	"3" : [ 165.900009155273438, -34.65478515625, 636.46026611328125, 12.132426261901855, 1.625396847724915 ],
	"30" : [ 282.7569580078125, -44.089118957519531, 869.71551513671875, 95.271476745605469, 10.634738922119141 ],
	"31" : [ 321.233978271484375, -40.437629699707031, 761.1754150390625, 105.906211853027344, 2.438095331192017 ],
	"32" : [ 343.593048095703125, -45.861766815185547, 945.47930908203125, 108.344306945800781, 5.421859264373779 ],
	"33" : [ 405.246795654296875, -43.757270812988281, 958.24859619140625, 113.766166687011719, 1.880816340446472 ],
	"34" : [ 308.9873046875, -42.480712890625, 798.44732666015625, 115.646987915039062, 2.914104223251343 ],
	"35" : [ 406.95587158203125, -42.060218811035156, 816.78985595703125, 118.561088562011719, 2.461315155029297 ],
	"36" : [ 200.92315673828125, -39.431968688964844, 676.80377197265625, 121.02239990234375, 2.577414989471436 ],
	"37" : [ 303.64593505859375, -43.683094024658203, 868.08709716796875, 123.599815368652344, 1.915646314620972 ],
	"38" : [ 321.311004638671875, -42.224433898925781, 790.9580078125, 125.515464782714844, 2.832834482192993 ],
	"39" : [ 274.683319091796875, -45.321281433105469, 894.572265625, 128.348297119140625, 1.915646314620972 ],
	"4" : [ 314.397430419921875, -39.836757659912109, 715.2113037109375, 13.75782299041748, 1.973696112632751 ],
	"40" : [ 214.39208984375, -41.64898681640625, 692.9344482421875, 130.263946533203125, 4.21442174911499 ],
	"41" : [ 226.1375732421875, -43.50372314453125, 764.6973876953125, 134.478363037109375, 6.269387722015381 ],
	"42" : [ 269.93145751953125, -43.586967468261719, 781.83941650390625, 140.747756958007812, 5.305759429931641 ],
	"43" : [ 267.833404541015625, -43.521347045898438, 777.56817626953125, 146.053512573242188, 7.267845630645752 ],
	"44" : [ 281.6962890625, -31.35850715637207, 560.8035888671875, 153.321365356445312, 1.567346930503845 ],
	"45" : [ 235.2401123046875, -40.126640319824219, 644.7274169921875, 154.888702392578125, 3.645532846450806 ],
	"46" : [ 372.485565185546875, -36.872272491455078, 646.969970703125, 158.53424072265625, 1.996916055679321 ],
	"47" : [ 363.88665771484375, -48.909217834472656, 1022.916748046875, 160.531158447265625, 12.294965744018555 ],
	"48" : [ 384.689483642578125, -40.679233551025391, 799.0968017578125, 172.826126098632812, 1.857596397399902 ],
	"49" : [ 368.74639892578125, -49.056354522705078, 1104.90771484375, 174.6837158203125, 7.302675724029541 ],
	"5" : [ 302.182708740234375, -45.977245330810547, 871.2427978515625, 15.73151969909668, 5.073560237884521 ],
	"50" : [ 346.2684326171875, -50.444961547851562, 1211.13134765625, 181.98638916015625, 5.688889026641846 ],
	"51" : [ 369.1973876953125, -53.306770324707031, 1324.6534423828125, 187.675277709960938, 7.801904678344727 ],
	"52" : [ 195.297210693359375, -45.823684692382812, 853.55499267578125, 195.477188110351562, 7.523265361785889 ],
	"53" : [ 413.3787841796875, -50.323867797851562, 1095.04052734375, 203.000457763671875, 7.558095455169678 ],
	"54" : [ 273.361358642578125, -41.039146423339844, 724.310546875, 210.558547973632812, 7.558095455169678 ],
	"55" : [ 330.930755615234375, -49.26678466796875, 1096.6959228515625, 218.11663818359375, 7.360725402832031 ],
	"56" : [ 412.52423095703125, -48.592731475830078, 1070.730224609375, 225.477371215820312, 5.131609916687012 ],
	"57" : [ 384.030120849609375, -49.098663330078125, 1170.3670654296875, 230.608978271484375, 4.760090827941895 ],
	"58" : [ 343.671905517578125, -44.090114593505859, 892.1259765625, 235.369064331054688, 2.925714254379272 ],
	"59" : [ 194.37261962890625, -36.113143920898438, 585.81494140625, 238.294784545898438, 1.973696112632751 ],
	"6" : [ 272.618560791015625, -35.585498809814453, 544.521484375, 20.805078506469727, 2.960544109344482 ],
	"60" : [ 278.030609130859375, -37.926353454589844, 630.95245361328125, 240.268478393554688, 2.809614419937134 ],
	"61" : [ 359.129119873046875, -37.084854125976562, 739.894287109375, 243.078094482421875, 2.577414989471436 ],
	"62" : [ 295.86956787109375, -43.36651611328125, 856.1270751953125, 245.655517578125, 1.962086200714111 ],
	"63" : [ 314.088165283203125, -34.991214752197266, 637.2911376953125, 247.617599487304688, 1.520907044410706 ],
	"64" : [ 244.294998168945312, -40.083934783935547, 716.98052978515625, 249.138504028320312, 3.517823219299316 ],
	"65" : [ 279.995208740234375, -44.536212921142578, 908.45733642578125, 252.656326293945312, 2.844444513320923 ],
	"66" : [ 435.212432861328125, -42.433216094970703, 879.02459716796875, 255.500778198242188, 2.07818603515625 ],
	"67" : [ 274.1064453125, -45.880165100097656, 1010.13397216796875, 257.578948974609375, 2.321995496749878 ],
	"68" : [ 323.294403076171875, -41.106452941894531, 739.0731201171875, 259.90093994140625, 2.519365072250366 ],
	"69" : [ 345.153472900390625, -40.827686309814453, 775.45892333984375, 262.420318603515625, 2.507755041122437 ],
	"7" : [ 234.919601440429688, -42.565502166748047, 854.1971435546875, 23.765623092651367, 1.985306143760681 ],
	"70" : [ 290.6221923828125, -42.571331024169922, 768.11572265625, 264.928070068359375, 2.507755041122437 ],
	"71" : [ 286.18609619140625, -46.660243988037109, 902.84771728515625, 267.435821533203125, 4.121541976928711 ],
	"72" : [ 247.9267578125, -44.444538116455078, 799.904052734375, 271.557373046875, 7.128526210784912 ],
	"73" : [ 274.643096923828125, -37.143894195556641, 617.2587890625, 278.685882568359375, 5.096779823303223 ],