{
	"0" : [ 425.02325439453125, -32.078929901123047, 1893.210205078125, 10.042630195617676, 8.185033798217773 ],
	"1" : [ 534.745849609375, -28.394723892211914, 4059.956298828125, 18.227664947509766, 0.789478480815887 ],
	"10" : [ 626.00628662109375, -35.028171539306641, 3257.986572265625, 48.007255554199219, 2.287165641784668 ],
	"11" : [ 1740.9586181640625, -46.809906005859375, 4910.6015625, 50.294422149658203, 7.047256469726562 ],
	"12" : [ 1438.651123046875, -53.177165985107422, 2416.677978515625, 57.341678619384766, 1.764716506004333 ],
	"13" : [ 1410.3541259765625, -51.506610870361328, 2496.712158203125, 59.106395721435547, 1.091337919235229 ],
	"14" : [ 873.04010009765625, -46.918693542480469, 2321.11083984375, 60.197731018066406, 0.882358253002167 ],
	"15" : [ 774.70068359375, -55.046096801757812, 2250.42919921875, 61.080089569091797, 2.612244844436646 ],
	"16" : [ 1931.3721923828125, -43.063995361328125, 4365.052734375, 63.692337036132812, 21.908027648925781 ],
	"17" : [ 678.3155517578125, -42.581932067871094, 3388.264404296875, 85.600364685058594, 2.589025020599365 ],
	"18" : [ 643.74072265625, -42.479827880859375, 1262.6875, 88.189384460449219, 2.06657600402832 ],
	"19" : [ 1375.544677734375, -45.563789367675781, 1618.6898193359375, 90.255966186523438, 2.182675838470459 ],
	"2" : [ 882.2958984375, -28.86225700378418, 3206.622314453125, 19.017143249511719, 7.674194812774658 ],
	"20" : [ 3404.68994140625, -36.737857818603516, 5237.88134765625, 92.438636779785156, 1.172607660293579 ],
	"21" : [ 867.91998291015625, -38.295787811279297, 2148.187255859375, 93.611244201660156, 1.451247215270996 ],
	"22" : [ 2127.4013671875, -45.994354248046875, 1518.289306640625, 95.062492370605469, 1.706666707992554 ],
	"23" : [ 961.9752197265625, -47.080745697021484, 1643.4205322265625, 96.769157409667969, 1.567346930503845 ],
	"24" : [ 1400.0377197265625, -43.582523345947266, 3882.589111328125, 98.336509704589844, 1.637006759643555 ],
	"25" : [ 1337.5283203125, -42.103870391845703, 3638.314453125, 99.973518371582031, 2.914104223251343 ],
	"26" : [ 3101.5869140625, -34.180461883544922, 6196.8017578125, 102.887619018554688, 1.184217691421509 ],
	"27" : [ 1050.103271484375, -33.973953247070312, 1873.1507568359375, 104.07183837890625, 6.43192720413208 ],
	"28" : [ 925.1099853515625, -38.733482360839844, 5153.9150390625, 110.503761291503906, 1.753106594085693 ],
	"29" : [ 812.74920654296875, -38.132701873779297, 3097.6416015625, 112.256874084472656, 2.449705123901367 ],
	"3" : [ 901.66009521484375, -29.01641845703125, 3407.074462890625, 26.691337585449219, 1.706666707992554 ],
	"30" : [ 664.19964599609375, -37.135814666748047, 5188.49072265625, 114.706573486328125, 2.925714254379272 ],
	"31" : [ 1011.8463134765625, -35.589584350585938, 3555.826416015625, 117.632293701171875, 1.996916055679321 ],
	"32" : [ 746.19378662109375, -33.227241516113281, 3688.774169921875, 119.629203796386719, 2.263945579528809 ],
	"33" : [ 498.219573974609375, -31.800859451293945, 2731.21826171875, 121.893150329589844, 1.195827722549438 ],
	"34" : [ 230.920639038085938, -32.969818115234375, 4063.322265625, 123.088981628417969, 0.940408170223236 ],
	"35" : [ 303.1070556640625, -34.501220703125, 3638.00732421875, 124.029388427734375, 1.753106594085693 ],
	"36" : [ 205.440109252929688, -35.422939300537109, 3486.433837890625, 125.782493591308594, 0.743038535118103 ],
	"37" : [ 1388.6455078125, -36.849132537841797, 4784.33251953125, 126.525535583496094, 3.332063436508179 ],
	"38" : [ 875.97747802734375, -37.926658630371094, 3199.989990234375, 129.857589721679688, 3.842902421951294 ],
	"39" : [ 3139.194091796875, -35.278163909912109, 3177.2021484375, 133.70050048828125, 2.008526086807251 ],
	"4" : [ 1007.44891357421875, -29.757963180541992, 3959.525390625, 28.398004531860352, 2.472925186157227 ],
	"40" : [ 1520.1151123046875, -35.702850341796875, 2277.610595703125, 135.709030151367188, 6.745396614074707 ],
	"41" : [ 253.14288330078125, -39.167049407958984, 1694.9095458984375, 142.454421997070312, 3.993832111358643 ],
	"42" : [ 3009.770751953125, -32.803913116455078, 3844.974365234375, 146.448257446289062, 4.481451034545898 ],
	"43" : [ 985.27288818359375, -39.787422180175781, 1891.79052734375, 150.929702758789062, 15.905669212341309 ],
	"44" : [ 350.76055908203125, -46.127887725830078, 1674.566162109375, 166.835372924804688, 6.745396614074707 ],
	"45" : [ 568.27593994140625, -42.081748962402344, 1901.8895263671875, 173.580764770507812, 1.114557862281799 ],
	"46" : [ 432.44427490234375, -36.183353424072266, 1361.0369873046875, 174.695327758789062, 1.10294783115387 ],
	"47" : [ 287.12799072265625, -34.352890014648438, 1130.09423828125, 175.79827880859375, 25.065940856933594 ],
	"48" : [ 449.333404541015625, -32.311305999755859, 2085.0185546875, 200.864212036132812, 1.230657577514648 ],
	"49" : [ 297.28521728515625, -28.812595367431641, 2581.2294921875, 202.094879150390625, 1.509297013282776 ],
	"5" : [ 1029.6102294921875, -45.778579711914062, 3972.3076171875, 30.870929718017578, 7.267845630645752 ],
	"50" : [ 312.96588134765625, -29.798778533935547, 2184.66796875, 203.604171752929688, 2.577414989471436 ],
	"51" : [ 337.55438232421875, -30.225395202636719, 1290.8360595703125, 206.181594848632812, 1.091337919235229 ],
	"52" : [ 488.656585693359375, -25.810794830322266, 1808.9766845703125, 207.272918701171875, 1.05650794506073 ],
	"53" : [ 262.743865966796875, -21.788936614990234, 1444.5400390625, 208.329437255859375, 0.708208620548248 ],
	"54" : [ 546.10968017578125, -23.139459609985352, 1897.257080078125, 209.037643432617188, 5.781768798828125 ],
	"55" : [ 828.90997314453125, -21.13923454284668, 1752.527099609375, 214.819412231445312, 1.648616790771484 ],
	"56" : [ 872.41748046875, -20.884420394897461, 2040.7503662109375, 216.468032836914062, 1.799546480178833 ],
	"57" : [ 940.424560546875, -23.185522079467773, 4095.096923828125, 218.267578125, 2.356825351715088 ],
	"58" : [ 1045.67919921875, -32.894989013671875, 2722.336669921875, 220.624404907226562, 45.963901519775391 ],
	"59" : [ 209.546142578125, -32.127445220947266, 1091.880615234375, 266.588287353515625, 27.631746292114258 ],
	"6" : [ 2696.587158203125, -39.010635375976562, 5576.798828125, 38.138774871826172, 1.160997748374939 ],
	"60" : [ 276.888824462890625, -36.202587127685547, 990.10272216796875, 294.22003173828125, 12.062766075134277 ],
	"61" : [ 372.109222412109375, -40.677516937255859, 3047.887451171875, 306.282806396484375, 10.54185962677002 ],
	"62" : [ 387.689727783203125, -38.340213775634766, 1215.70849609375, 316.824676513671875, 8.893242835998535 ],
	"7" : [ 521.32757568359375, -36.263664245605469, 2774.870361328125, 39.299774169921875, 1.892426252365112 ],
	"8" : [ 694.4678955078125, -32.060092926025391, 2265.48193359375, 41.19219970703125, 2.13623571395874 ],
	"9" : [ 710.05841064453125, -30.270833969116211, 2326.286376953125, 43.328433990478516, 4.678821086883545 ]
}
