{
	"0" : [ 540.81597900390625, -56.33294677734375, 3055.80712890625, 36.234737396240234, 4.911020278930664 ],
	"1" : [ 949.84906005859375, -57.8037109375, 3397.61279296875, 41.145759582519531, 12.933514595031738 ],
	"10" : [ 529.9012451171875, -44.820407867431641, 3071.592041015625, 135.558090209960938, 2.589025020599365 ],
	"11" : [ 549.58953857421875, -50.978004455566406, 3384.482177734375, 138.147125244140625, 5.665668964385986 ],
	"12" : [ 871.1702880859375, -52.570766448974609, 2962.066162109375, 143.812789916992188, 3.680362701416016 ],
	"13" : [ 451.851287841796875, -54.328472137451172, 3259.085693359375, 147.493148803710938, 17.380136489868164 ],
	"14" : [ 437.49981689453125, -52.556205749511719, 3108.01953125, 164.873291015625, 9.705941200256348 ],
	"15" : [ 582.6439208984375, -46.269241333007812, 2424.658203125, 174.5792236328125, 5.17805004119873 ],
	"16" : [ 463.464935302734375, -48.089626312255859, 2980.386962890625, 179.757278442382812, 7.093696117401123 ],
	"17" : [ 644.02618408203125, -56.858409881591797, 3456.583984375, 186.850982666015625, 9.763991355895996 ],
	"18" : [ 421.1375732421875, -47.52587890625, 2483.56298828125, 196.614959716796875, 2.345215320587158 ],
	"19" : [ 906.33441162109375, -58.216114044189453, 4094.168212890625, 198.960174560546875, 13.572063446044922 ],
	"2" : [ 726.69757080078125, -54.273750305175781, 3340.96435546875, 54.079273223876953, 15.70829963684082 ],
	"20" : [ 535.02301025390625, -52.761241912841797, 3450.037109375, 212.532241821289062, 10.437369346618652 ],
	"21" : [ 452.250213623046875, -55.269588470458984, 3307.502685546875, 222.969619750976562, 4.481451034545898 ],
	"22" : [ 553.427001953125, -48.349468231201172, 3477.493896484375, 227.451065063476562, 6.548027038574219 ],
	"23" : [ 510.42431640625, -41.799106597900391, 3157.98828125, 233.999099731445312, 2.623854875564575 ],
	"24" : [ 428.53265380859375, -40.602462768554688, 2128.4521484375, 236.622955322265625, 2.182675838470459 ],
	"25" : [ 668.243408203125, -30.569236755371094, 2113.791259765625, 238.805618286132812, 2.252335548400879 ],
	"26" : [ 803.75701904296875, -38.018405914306641, 3062.27587890625, 241.057952880859375, 2.06657600402832 ],
	"27" : [ 722.5281982421875, -45.469680786132812, 3025.632568359375, 243.124542236328125, 2.298775434494019 ],
	"28" : [ 453.612396240234375, -40.521629333496094, 2041.96875, 245.423309326171875, 2.577414989471436 ],
	"29" : [ 550.85455322265625, -46.844829559326172, 3075.019775390625, 248.000732421875, 2.054965972900391 ],
	"3" : [ 695.00750732421875, -56.127372741699219, 3465.972900390625, 69.787574768066406, 7.453605651855469 ],
	"30" : [ 853.4398193359375, -40.939773559570312, 2598.259521484375, 250.055694580078125, 2.530975103378296 ],
	"31" : [ 481.781494140625, -41.599029541015625, 2829.72314453125, 252.586669921875, 4.017052173614502 ],
	"32" : [ 442.03656005859375, -49.097888946533203, 3447.7939453125, 256.603729248046875, 5.027120113372803 ],
	"33" : [ 847.58770751953125, -36.545944213867188, 2472.403076171875, 261.630828857421875, 2.658684730529785 ],
	"34" : [ 459.5009765625, -50.501617431640625, 4066.739990234375, 264.289520263671875, 2.681904792785645 ],
	"35" : [ 707.70843505859375, -50.482387542724609, 3162.98828125, 266.971435546875, 4.1563720703125 ],
	"36" : [ 628.65673828125, -47.104450225830078, 3142.8095703125, 271.1278076171875, 2.972154140472412 ],
	"37" : [ 494.42218017578125, -47.908374786376953, 3390.06591796875, 274.099945068359375, 3.982222318649292 ],
	"38" : [ 362.292266845703125, -43.885295867919922, 3363.04345703125, 278.082183837890625, 5.712108612060547 ],
	"39" : [ 647.12689208984375, -53.541038513183594, 3441.7646484375, 283.794281005859375, 11.389388084411621 ],
	"4" : [ 1025.3056640625, -55.087444305419922, 3349.811767578125, 77.241180419921875, 10.80888843536377 ],
	"40" : [ 447.96710205078125, -44.242855072021484, 2768.7060546875, 295.183685302734375, 3.900952339172363 ],
	"41" : [ 654.70489501953125, -43.818092346191406, 2333.41845703125, 299.084625244140625, 2.03174614906311 ],
	"42" : [ 579.15655517578125, -44.920280456542969, 3237.0712890625, 301.116363525390625, 3.285623550415039 ],
	"43" : [ 572.03533935546875, -48.955120086669922, 2949.39111328125, 304.402008056640625, 4.980680465698242 ],
	"44" : [ 789.50372314453125, -56.156730651855469, 3946.793212890625, 309.3826904296875, 8.126984596252441 ],
	"45" : [ 500.51336669921875, -48.386539459228516, 2857.051513671875, 317.509674072265625, 10.356100082397461 ],
	"46" : [ 391.534759521484375, -48.850906372070312, 2998.31005859375, 327.865753173828125, 3.22757363319397 ],
	"47" : [ 463.282501220703125, -46.866054534912109, 3201.677734375, 331.09332275390625, 2.798004627227783 ],
	"48" : [ 593.81719970703125, -57.701469421386719, 3635.988525390625, 333.891326904296875, 4.1563720703125 ],
	"5" : [ 857.0018310546875, -56.838760375976562, 3391.519775390625, 88.050071716308594, 22.325986862182617 ],
	"6" : [ 897.62835693359375, -59.264320373535156, 3685.764404296875, 110.376052856445312, 4.435011386871338 ],
	"7" : [ 861.88775634765625, -55.436843872070312, 3998.459228515625, 114.811065673828125, 4.887800216674805 ],
	"8" : [ 707.242431640625, -53.800453186035156, 3748.779541015625, 119.698867797851562, 13.038004875183105 ],
	"9" : [ 593.97857666015625, -39.766796112060547, 2208.794677734375, 132.73687744140625, 2.821224451065063 ]
}
