{
	"0" : [ 229.332244873046875, 11.899123191833496, 2239.78759765625, 65.433830261230469, 56.459320068359375 ],
	"1" : [ 76.352851867675781, 5.591382503509521, 299.678070068359375, 121.893150329589844, 1.938866257667542 ],
	"10" : [ 279.61102294921875, 12.729499816894531, 1873.8741455078125, 222.122085571289062, 22.291156768798828 ],
	"11" : [ 177.8460693359375, 5.95314359664917, 195.019302368164062, 244.413238525390625, 1.567346930503845 ],
	"12" : [ 11.566792488098145, 3.090956687927246, 269.56219482421875, 245.9805908203125, 1.602176904678345 ],
	"13" : [ 10.442712783813477, 3.843040466308594, 249.120956420898438, 247.582763671875, 1.637006759643555 ],
	"14" : [ 298.633453369140625, 14.276805877685547, 1754.765380859375, 249.219772338867188, 6.501587390899658 ],
	"15" : [ 53.877388000488281, 14.997706413269043, 2097.125, 255.721359252929688, 3.22757363319397 ],
	"16" : [ 327.889404296875, 12.162598609924316, 479.0302734375, 258.948944091796875, 4.22603178024292 ],
	"17" : [ 307.2830810546875, 4.688212394714355, 151.897537231445312, 263.174957275390625, 2.07818603515625 ],
	"18" : [ 241.4393310546875, 4.689547061920166, 361.8193359375, 265.253143310546875, 2.403265237808228 ],
	"19" : [ 121.750457763671875, 9.069432258605957, 570.864501953125, 267.656402587890625, 16.404897689819336 ],
	"2" : [ 109.627296447753906, 5.643424987792969, 229.830459594726562, 123.832015991210938, 1.555737018585205 ],
	"20" : [ 149.988632202148438, 11.82867431640625, 1529.864013671875, 284.061309814453125, 13.479183197021484 ],
	"21" : [ 207.286712646484375, 10.354792594909668, 1571.0057373046875, 297.540496826171875, 33.808254241943359 ],
	"22" : [ 29.813789367675781, 9.153003692626953, 411.811676025390625, 331.3487548828125, 1.637006759643555 ],
	"23" : [ 18.161361694335938, 12.081080436706543, 1331.0040283203125, 332.985748291015625, 3.332063436508179 ],
	"24" : [ 42.553497314453125, 9.644669532775879, 620.28955078125, 336.31781005859375, 4.423401355743408 ],
	"25" : [ 16.686883926391602, 3.392964601516724, 243.565078735351562, 340.7412109375, 3.575872898101807 ],
	"26" : [ 61.131206512451172, 3.660669088363647, 184.65673828125, 344.317108154296875, 1.718276619911194 ],
	"27" : [ 94.144287109375, 2.368553400039673, 221.97467041015625, 346.035369873046875, 1.520907044410706 ],
	"28" : [ 23.504917144775391, 4.357181549072266, 187.187576293945312, 347.5562744140625, 1.520907044410706 ],
	"29" : [ 21.650270462036133, 3.39692759513855, 186.965911865234375, 349.077178955078125, 1.520907044410706 ],
	"3" : [ 54.970779418945312, 4.541334629058838, 145.10626220703125, 125.38775634765625, 1.532516956329346 ],
	"30" : [ 21.847175598144531, 4.42968225479126, 328.0216064453125, 350.59808349609375, 1.567346930503845 ],
	"31" : [ 240.311294555664062, 3.829533338546753, 232.74560546875, 352.165435791015625, 1.753106594085693 ],
	"32" : [ 32.189712524414062, 4.439681529998779, 332.8902587890625, 353.918548583984375, 1.520907044410706 ],
	"33" : [ 288.296478271484375, 5.124464988708496, 269.87969970703125, 355.439453125, 1.904036283493042 ],
	"4" : [ 10.071261405944824, 10.718320846557617, 436.819976806640625, 126.920272827148438, 2.589025020599365 ],
	"5" : [ 238.909576416015625, 8.443018913269043, 494.482513427734375, 129.509292602539062, 19.586030960083008 ],
	"6" : [ 119.518165588378906, 11.605450630187988, 1191.388427734375, 149.095321655273438, 29.419683456420898 ],
	"7" : [ 193.685882568359375, 12.699099540710449, 1933.5428466796875, 178.5150146484375, 26.076009750366211 ],
	"8" : [ 473.928802490234375, 3.544884204864502, 446.39300537109375, 204.591018676757812, 1.613786816596985 ],
	"9" : [ 225.574447631835938, 10.63421630859375, 649.81744384765625, 206.204803466796875, 15.917279243469238 ]
}
