{
	"0" : [ 1865.183837890625, 4.310630321502686, 971.891845703125, 0.638548731803894, 9.903310775756836 ],
	"1" : [ 2166.969482421875, 3.672130346298218, 965.98040771484375, 10.54185962677002, 3.204353809356689 ],
	"10" : [ 1299.074462890625, 7.751800060272217, 1350.801513671875, 70.28680419921875, 10.065850257873535 ],
	"11" : [ 336.491851806640625, 8.392858505249023, 595.01824951171875, 80.352653503417969, 4.922630310058594 ],
	"12" : [ 1804.20654296875, 9.193269729614258, 1342.0052490234375, 85.275283813476562, 6.339047431945801 ],
	"13" : [ 933.24853515625, 10.009827613830566, 1466.729248046875, 91.614334106445312, 2.217505693435669 ],
	"14" : [ 1180.7703857421875, 8.237263679504395, 1576.64453125, 93.831840515136719, 2.043355941772461 ],
	"15" : [ 907.1741943359375, 11.838191986083984, 1312.14990234375, 95.875190734863281, 2.960544109344482 ],
	"16" : [ 3.256443500518799, 10.808328628540039, 878.74560546875, 98.835739135742188, 4.574331283569336 ],
	"17" : [ 835.811279296875, 10.328653335571289, 1359.23193359375, 103.410064697265625, 12.422676086425781 ],
	"18" : [ 21.179428100585938, 12.545339584350586, 1627.3756103515625, 115.832740783691406, 2.14784574508667 ],
	"19" : [ 4.556798458099365, 6.148612976074219, 588.7015380859375, 117.9805908203125, 2.542585134506226 ],
	"2" : [ 657.8663330078125, 13.334976196289062, 1778.8370361328125, 13.746212959289551, 2.356825351715088 ],
	"20" : [ 4.485001564025879, 13.732753753662109, 1575.8765869140625, 120.523178100585938, 12.666484832763672 ],
	"21" : [ 346.480621337890625, 11.764331817626953, 862.60919189453125, 133.189666748046875, 2.844444513320923 ],
	"22" : [ 507.9354248046875, 14.077184677124023, 2077.162353515625, 136.034103393554688, 6.37387752532959 ],
	"23" : [ 2.811213731765747, 3.871062517166138, 1006.83245849609375, 142.407974243164062, 2.10140585899353 ],
	"24" : [ 2412.440673828125, 16.304969787597656, 1501.0970458984375, 144.509384155273438, 5.863038539886475 ],
	"25" : [ 999.7696533203125, 9.710142135620117, 576.8355712890625, 150.372421264648438, 2.217505693435669 ],
	"26" : [ 241.485427856445312, 12.247325897216797, 1279.4747314453125, 152.589935302734375, 2.171065807342529 ],
	"27" : [ 3.730187892913818, 7.387444972991943, 1004.41998291015625, 154.761001586914062, 2.06657600402832 ],
	"28" : [ 17.67045783996582, 13.689244270324707, 1890.423095703125, 156.82757568359375, 3.668752908706665 ],
	"29" : [ 964.5887451171875, 14.214543342590332, 1809.2344970703125, 160.496322631835938, 10.065850257873535 ],
	"3" : [ 16.657293319702148, 12.168938636779785, 901.3037109375, 16.103038787841797, 5.085170269012451 ],
	"30" : [ 3.66185736656189, 6.710929393768311, 631.33544921875, 170.562179565429688, 2.19428563117981 ],
	"31" : [ 2673.4853515625, 5.198459148406982, 1374.8558349609375, 172.7564697265625, 3.877732515335083 ],
	"32" : [ 1070.8388671875, 13.108767509460449, 1355.690673828125, 176.634201049804688, 2.426485300064087 ],
	"33" : [ 161.198150634765625, 7.54960298538208, 1332.2691650390625, 179.060684204101562, 2.182675838470459 ],
	"34" : [ 17.05021858215332, 6.889706611633301, 1415.9820556640625, 181.243362426757812, 2.844444513320923 ],
	"35" : [ 139.912979125976562, 12.788350105285645, 1443.9456787109375, 184.087799072265625, 5.433469295501709 ],
	"36" : [ 2.972559213638306, 2.260105133056641, 402.730316162109375, 189.521270751953125, 2.19428563117981 ],
	"37" : [ 391.803924560546875, 15.118428230285645, 1858.8548583984375, 191.715560913085938, 8.312744140625 ],
	"38" : [ 4.971302509307861, 2.792672634124756, 374.817474365234375, 200.028305053710938, 2.391655445098877 ],
	"39" : [ 720.6591796875, 10.91770076751709, 1042.3736572265625, 202.419952392578125, 2.1594557762146 ],
	"4" : [ 902.46795654296875, 13.296555519104004, 1678.02099609375, 21.188209533691406, 2.484535217285156 ],
	"40" : [ 1046.7430419921875, 10.421115875244141, 1330.323974609375, 204.57940673828125, 2.275555610656738 ],
	"41" : [ 10.860737800598145, 6.658236503601074, 639.09619140625, 206.854965209960938, 2.12462592124939 ],
	"42" : [ 6.183239936828613, 1.587405443191528, 480.6568603515625, 208.979598999023438, 2.12462592124939 ],
	"43" : [ 947.65081787109375, 14.126420974731445, 1160.808349609375, 211.104217529296875, 2.972154140472412 ],
	"44" : [ 26.556146621704102, 11.666353225708008, 1268.0135498046875, 214.076370239257812, 11.911836624145508 ],
	"45" : [ 26.210689544677734, 10.583324432373047, 826.20123291015625, 225.988204956054688, 2.089795827865601 ],
	"46" : [ 730.348388671875, 12.302555084228516, 923.42156982421875, 228.0780029296875, 3.15791392326355 ],
	"47" : [ 21.540061950683594, 6.991153240203857, 529.89080810546875, 231.235916137695312, 2.658684730529785 ],
	"48" : [ 28.459482192993164, 7.929644107818604, 368.444305419921875, 233.894607543945312, 2.252335548400879 ],
	"49" : [ 71.522415161132812, 8.237085342407227, 333.735076904296875, 236.146942138671875, 2.310385465621948 ],
	"5" : [ 1743.501220703125, 3.497265815734863, 1264.018798828125, 23.67274284362793, 4.527891159057617 ],
	"50" : [ 71.147071838378906, 13.375977516174316, 2054.24609375, 238.457321166992188, 5.596009254455566 ],
	"51" : [ 3.770662307739258, 3.772241830825806, 173.251876831054688, 244.053329467773438, 2.13623571395874 ],
	"52" : [ 151.09954833984375, 13.150723457336426, 1397.3687744140625, 246.1895751953125, 2.716734647750854 ],
	"53" : [ 10.609752655029297, 9.307159423828125, 839.870849609375, 248.90631103515625, 4.945850372314453 ],
	"54" : [ 200.401611328125, 11.975963592529297, 1822.841064453125, 253.852157592773438, 2.403265237808228 ],
	"55" : [ 4.241998195648193, 10.757472038269043, 884.55487060546875, 256.25543212890625, 2.089795827865601 ],
	"56" : [ 3.805016756057739, 6.56987476348877, 899.7354736328125, 258.34521484375, 2.10140585899353 ],
	"57" : [ 15.423874855041504, 3.817198276519775, 600.01507568359375, 260.446624755859375, 5.073560237884521 ],
	"58" : [ 4.586039066314697, 10.566046714782715, 1013.4864501953125, 265.520172119140625, 2.879274368286133 ],
	"59" : [ 3186.05029296875, 2.914506673812866, 1874.0218505859375, 268.399444580078125, 21.408798217773438 ],
	"6" : [ 198.343856811523438, 12.814814567565918, 1050.4072265625, 28.200634002685547, 2.507755041122437 ],
	"60" : [ 196.139694213867188, 12.968348503112793, 2268.558349609375, 289.808258056640625, 2.902494430541992 ],
	"61" : [ 123.049728393554688, 12.442366600036621, 1630.7149658203125, 292.71075439453125, 6.826666831970215 ],
	"62" : [ 113.637222290039062, 11.68101692199707, 1548.533935546875, 299.53741455078125, 2.798004627227783 ],
	"63" : [ 13.438582420349121, 10.794554710388184, 1115.760986328125, 302.335418701171875, 2.902494430541992 ],
	"64" : [ 3.82288670539856, 2.447670221328735, 141.474441528320312, 305.2379150390625, 2.089795827865601 ],
	"65" : [ 481.023712158203125, 12.043506622314453, 1924.174560546875, 307.32769775390625, 2.240725517272949 ],
	"66" : [ 15.07728099822998, 11.042490005493164, 913.3074951171875, 309.56842041015625, 2.07818603515625 ],
	"67" : [ 667.7132568359375, 13.305806159973145, 2083.188232421875, 311.6466064453125, 4.318911552429199 ],
	"68" : [ 12.674757957458496, 7.22544002532959, 613.08905029296875, 315.965545654296875, 2.414875268936157 ],
	"69" : [ 326.080474853515625, 11.755950927734375, 1716.305419921875, 318.380401611328125, 3.053424119949341 ],
	"7" : [ 659.78594970703125, 10.145206451416016, 1260.6607666015625, 30.708389282226562, 6.861496448516846 ],
	"70" : [ 23.154937744140625, 11.46036434173584, 1097.2327880859375, 321.433837890625, 2.554194927215576 ],
	"71" : [ 121.786972045898438, 9.960540771484375, 1287.5098876953125, 323.988037109375, 4.121541976928711 ],
	"72" : [ 154.876998901367188, 6.037734985351562, 377.231414794921875, 328.10955810546875, 2.06657600402832 ],
	"73" : [ 116.713691711425781, 11.138501167297363, 1854.1864013671875, 330.1761474609375, 2.310385465621948 ],
	"74" : [ 14.939881324768066, 9.926931381225586, 587.5526123046875, 332.486541748046875, 2.13623571395874 ],