{
	"0" : [ 125.519798278808594, 21.281389236450195, 3902.93115234375, 4.725260734558105, 13.328253746032715 ],
	"1" : [ 260.444122314453125, 13.355884552001953, 2531.35986328125, 18.05351448059082, 2.449705123901367 ],
	"10" : [ 17.342697143554688, 5.495298862457275, 109.999122619628906, 60.128070831298828, 1.544126987457275 ],
	"11" : [ 46.227973937988281, 16.192001342773438, 2697.455078125, 61.672199249267578, 10.866938591003418 ],
	"12" : [ 11.756064414978027, 3.892189025878906, 97.628746032714844, 72.539138793945312, 1.764716506004333 ],
	"13" : [ 3.819152116775513, 2.617540836334229, 142.525772094726562, 74.303855895996094, 1.660226702690125 ],
	"14" : [ 2.045403480529785, 0.731186091899872, 61.9534912109375, 75.964080810546875, 1.590566873550415 ],
	"15" : [ 1.10952615737915, 0.605798304080963, 30.163782119750977, 77.554649353027344, 2.368435382843018 ],
	"16" : [ 3.023899793624878, 8.402610778808594, 409.664764404296875, 79.923080444335938, 1.845986366271973 ],
	"17" : [ 189.768463134765625, 14.294068336486816, 1644.5560302734375, 81.769073486328125, 1.938866257667542 ],
	"18" : [ 258.212310791015625, 11.718147277832031, 1513.5880126953125, 83.707939147949219, 2.11301589012146 ],
	"19" : [ 261.957183837890625, 12.087492942810059, 1557.4404296875, 85.820953369140625, 2.217505693435669 ],
	"2" : [ 217.836837768554688, 11.856844902038574, 2218.14306640625, 20.503219604492188, 2.739954710006714 ],
	"20" : [ 258.72259521484375, 14.698858261108398, 1448.670654296875, 88.038459777832031, 2.356825351715088 ],
	"21" : [ 197.596893310546875, 16.970096588134766, 2236.490234375, 90.395286560058594, 3.14630389213562 ],
	"22" : [ 133.109024047851562, 6.59586238861084, 103.755172729492188, 93.541587829589844, 1.729886651039124 ],
	"23" : [ 3.503122091293335, 1.114971280097961, 94.822463989257812, 95.271476745605469, 1.613786816596985 ],
	"24" : [ 142.986679077148438, 13.165323257446289, 1465.921630859375, 96.885261535644531, 1.787936449050903 ],
	"25" : [ 4.565199851989746, 3.809367895126343, 107.0943603515625, 98.673194885253906, 1.555737018585205 ],
	"26" : [ 2.961970806121826, 1.578310966491699, 77.045501708984375, 100.228935241699219, 1.532516956329346 ],
	"27" : [ 2.08094048500061, 1.55117928981781, 78.573280334472656, 101.761451721191406, 1.567346930503845 ],
	"28" : [ 3.276221513748169, 0.75160276889801, 63.72869873046875, 103.32879638671875, 1.532516956329346 ],
	"29" : [ 1.996698141098022, 0.529672205448151, 36.272216796875, 104.861312866210938, 1.520907044410706 ],
	"3" : [ 381.624053955078125, 19.030878067016602, 3518.8779296875, 23.243175506591797, 6.37387752532959 ],
	"4" : [ 94.452293395996094, 17.942972183227539, 2632.7001953125, 29.61705207824707, 6.907936573028564 ],
	"5" : [ 228.52642822265625, 10.453667640686035, 1183.3541259765625, 36.524990081787109, 2.229115724563599 ],
	"6" : [ 146.144882202148438, 17.366512298583984, 3121.240234375, 38.754104614257812, 6.118458271026611 ],
	"7" : [ 52.827743530273438, 3.210129737854004, 78.32940673828125, 44.872562408447266, 2.774784564971924 ],
	"8" : [ 123.990440368652344, 14.704977989196777, 2718.550048828125, 47.647346496582031, 10.878548622131348 ],
	"9" : [ 3.662079334259033, 4.651898860931396, 220.814682006835938, 58.525894165039062, 1.602176904678345 ]
}
