{
	"0" : [ 391.83111572265625, -18.502359390258789, 1985.297119140625, 0.963628113269806, 1.660226702690125 ],
	"1" : [ 492.115814208984375, -26.102024078369141, 2270.998291015625, 2.623854875564575, 1.648616790771484 ],
	"10" : [ 1031.7493896484375, -15.581313133239746, 2200.81494140625, 19.609251022338867, 1.741496562957764 ],
	"11" : [ 839.93829345703125, -23.157260894775391, 2231.97900390625, 21.350748062133789, 1.729886651039124 ],
	"12" : [ 909.7259521484375, -29.182121276855469, 2423.396484375, 23.080635070800781, 1.671836733818054 ],
	"13" : [ 394.95556640625, -18.297435760498047, 2136.954833984375, 24.752471923828125, 1.729886651039124 ],
	"14" : [ 376.27484130859375, -20.289436340332031, 1774.8782958984375, 26.482358932495117, 1.729886651039124 ],
	"15" : [ 615.81231689453125, -40.421360015869141, 2165.43603515625, 28.212244033813477, 1.695056676864624 ],
	"16" : [ 778.8782958984375, -51.076038360595703, 2570.6904296875, 29.90730094909668, 7.47682523727417 ],
	"17" : [ 335.529815673828125, -19.020654678344727, 1690.805419921875, 37.384128570556641, 1.660226702690125 ],
	"18" : [ 838.06787109375, -29.658456802368164, 2030.8900146484375, 39.044353485107422, 2.19428563117981 ],
	"19" : [ 1060.4566650390625, -22.439077377319336, 2379.745849609375, 41.238639831542969, 1.683446764945984 ],
	"2" : [ 995.25579833984375, -22.847972869873047, 2094.482666015625, 4.27247142791748, 1.660226702690125 ],
	"20" : [ 1039.5660400390625, -22.812978744506836, 2392.92578125, 42.922084808349609, 1.637006759643555 ],
	"21" : [ 1044.1082763671875, -22.746170043945312, 2039.5882568359375, 44.559093475341797, 1.857596397399902 ],
	"22" : [ 1033.568359375, -27.985733032226562, 2172.130126953125, 46.416690826416016, 1.892426252365112 ],
	"23" : [ 1074.413818359375, -19.255979537963867, 1969.4742431640625, 48.309116363525391, 1.637006759643555 ],
	"3" : [ 1067.7095947265625, -22.882406234741211, 2181.470458984375, 5.932698249816895, 1.741496562957764 ],
	"4" : [ 973.62908935546875, -51.908527374267578, 3356.314697265625, 7.674194812774658, 3.494603157043457 ],
	"5" : [ 384.968231201171875, -20.361312866210938, 1709.694580078125, 11.168798446655273, 1.671836733818054 ],
	"6" : [ 498.979034423828125, -19.383710861206055, 1974.2706298828125, 12.840635299682617, 1.695056676864624 ],
	"7" : [ 836.9625244140625, -18.014141082763672, 2448.810546875, 14.535691261291504, 1.683446764945984 ],
	"8" : [ 1118.9571533203125, -18.803960800170898, 2386.537841796875, 16.219139099121094, 1.753106594085693 ],
	"9" : [ 997.695068359375, -18.765413284301758, 2028.421142578125, 17.972244262695312, 1.637006759643555 ]
}
