{
	"0" : [ 37.793506622314453, 14.310993194580078, 2217.41064453125, 12.445896148681641, 11.56353759765625 ],
	"1" : [ 188.36492919921875, 12.227324485778809, 1676.4205322265625, 24.009433746337891, 41.424400329589844 ],
	"10" : [ 187.340286254882812, 8.897961616516113, 642.31402587890625, 131.854507446289062, 17.229206085205078 ],
	"11" : [ 84.91705322265625, 11.397946357727051, 941.4940185546875, 149.083724975585938, 25.72770881652832 ],
	"12" : [ 319.855865478515625, 12.992989540100098, 1469.28271484375, 174.811431884765625, 3.703582763671875 ],
	"13" : [ 18.59490966796875, 7.329709053039551, 462.446075439453125, 178.5150146484375, 4.458231449127197 ],
	"14" : [ 127.706413269042969, 11.047199249267578, 2003.450439453125, 182.973236083984375, 21.617776870727539 ],
	"15" : [ 420.3779296875, 3.585579395294189, 372.780975341796875, 204.591018676757812, 1.126167774200439 ],
	"16" : [ 13.354124069213867, 3.388417482376099, 219.093215942382812, 205.717193603515625, 1.137777805328369 ],
	"17" : [ 5.870037078857422, 3.790225982666016, 348.013519287109375, 206.854965209960938, 1.358367323875427 ],
	"18" : [ 210.33868408203125, 9.879150390625, 764.7252197265625, 208.213333129882812, 13.873923301696777 ],
	"19" : [ 39.948627471923828, 3.027018308639526, 148.3714599609375, 222.087249755859375, 1.114557862281799 ],
	"2" : [ 228.595413208007812, 11.879222869873047, 2240.355224609375, 65.433830261230469, 56.3780517578125 ],
	"20" : [ 277.144500732421875, 11.955636978149414, 1879.4010009765625, 223.201812744140625, 21.199817657470703 ],
	"21" : [ 75.061264038085938, 4.634302139282227, 206.84918212890625, 244.401626586914062, 1.149387717247009 ],
	"22" : [ 102.337051391601562, 3.26617693901062, 307.83245849609375, 245.551025390625, 1.114557862281799 ],
	"23" : [ 10.684667587280273, 3.534899950027466, 247.090591430664062, 246.665573120117188, 1.219047665596008 ],
	"24" : [ 10.431172370910645, 3.917439937591553, 233.749069213867188, 247.884628295898438, 1.126167774200439 ],
	"25" : [ 297.3194580078125, 14.467835426330566, 1702.8795166015625, 249.010787963867188, 6.652516841888428 ],
	"26" : [ 53.488666534423828, 15.220170974731445, 2097.0693359375, 255.663314819335938, 3.285623550415039 ],
	"27" : [ 327.889404296875, 12.162598609924316, 479.0302734375, 258.948944091796875, 4.22603178024292 ],
	"28" : [ 307.2830810546875, 4.688212394714355, 151.897537231445312, 263.174957275390625, 2.07818603515625 ],
	"29" : [ 7.178114414215088, 3.371066570281982, 112.869338989257812, 265.253143310546875, 1.149387717247009 ],
	"3" : [ 76.964202880859375, 5.506137847900391, 295.957061767578125, 121.811882019042969, 2.020136117935181 ],
	"30" : [ 270.8048095703125, 1.648597240447998, 185.181228637695312, 266.40252685546875, 1.207437634468079 ],
	"31" : [ 2.111281156539917, 8.405597686767578, 500.446502685546875, 267.6099853515625, 1.497687101364136 ],
	"32" : [ 118.729827880859375, 8.735276222229004, 591.3125, 269.107666015625, 14.8143310546875 ],
	"33" : [ 150.129989624023438, 11.941927909851074, 1509.396484375, 283.9219970703125, 13.618503570556641 ],
	"34" : [ 64.7763671875, 9.688884735107422, 1588.2991943359375, 297.540496826171875, 30.511020660400391 ],
	"35" : [ 19.027276992797852, 11.124903678894043, 708.78814697265625, 328.051513671875, 3.285623550415039 ],
	"36" : [ 26.385244369506836, 9.376760482788086, 431.128204345703125, 331.337127685546875, 1.451247215270996 ],
	"37" : [ 19.200820922851562, 12.496892929077148, 1256.18505859375, 332.78839111328125, 3.517823219299316 ],
	"38" : [ 15.239090919494629, 9.777563095092773, 571.08258056640625, 336.30621337890625, 1.219047665596008 ],
	"39" : [ 19.231113433837891, 9.555422782897949, 685.491943359375, 337.5252685546875, 3.21596360206604 ],
	"4" : [ 108.770263671875, 5.562802314758301, 220.9237060546875, 123.832015991210938, 1.428027153015137 ],
	"40" : [ 16.686883926391602, 3.392964601516724, 243.565078735351562, 340.7412109375, 3.575872898101807 ],
	"41" : [ 46.901966094970703, 3.81779670715332, 193.075515747070312, 344.317108154296875, 1.416417241096497 ],
	"42" : [ 61.744800567626953, 2.68488621711731, 166.1083984375, 345.7335205078125, 1.091337919235229 ],
	"43" : [ 116.526863098144531, 2.540803670883179, 170.210281372070312, 346.824859619140625, 1.10294783115387 ],
	"44" : [ 23.016622543334961, 4.673601150512695, 168.006149291992188, 347.92779541015625, 1.126167774200439 ],
	"45" : [ 21.960498809814453, 3.578664064407349, 216.037338256835938, 349.053955078125, 1.126167774200439 ],
	"46" : [ 24.253379821777344, 3.593931198120117, 178.005172729492188, 350.180145263671875, 1.10294783115387 ],
	"47" : [ 588.571044921875, 4.003249168395996, 357.8431396484375, 351.2830810546875, 1.114557862281799 ],
	"48" : [ 8.901332855224609, 3.734118938446045, 234.763702392578125, 352.39764404296875, 1.520907044410706 ],
	"49" : [ 31.516973495483398, 4.4923415184021, 361.89849853515625, 353.918548583984375, 1.114557862281799 ],
	"5" : [ 95.361587524414062, 4.604569911956787, 152.296493530273438, 125.260047912597656, 1.126167774200439 ],
	"50" : [ 48.525360107421875, 3.952780961990356, 275.756805419921875, 355.033111572265625, 1.184217691421509 ],
	"51" : [ 316.47161865234375, 4.622151374816895, 211.051681518554688, 356.217315673828125, 1.126167774200439 ],
	"6" : [ 8.19102668762207, 3.34987211227417, 153.54840087890625, 126.386215209960938, 1.149387717247009 ],
	"7" : [ 8.332883834838867, 10.651939392089844, 648.04095458984375, 127.535598754882812, 1.462857127189636 ],
	"8" : [ 48.09588623046875, 3.400341510772705, 156.52069091796875, 128.998458862304688, 1.195827722549438 ],
	"9" : [ 118.12176513671875, 4.534247875213623, 137.26214599609375, 130.194290161132812, 1.660226702690125 ]
}
