{
	"0" : [ 4.603969573974609, 2.291434288024902, 238.064208984375, 16.497777938842773, 1.660226702690125 ],
	"1" : [ 255.141036987304688, 19.166912078857422, 2347.858642578125, 18.158004760742188, 7.743854999542236 ],
	"10" : [ 7.784987449645996, 4.229928493499756, 84.237251281738281, 68.150566101074219, 1.648616790771484 ],
	"11" : [ 5.646014213562012, 10.67982006072998, 371.18121337890625, 69.799186706542969, 1.671836733818054 ],
	"12" : [ 129.896804809570312, 4.733888149261475, 164.2969970703125, 71.471023559570312, 1.880816340446472 ],
	"13" : [ 22.243873596191406, 14.367301940917969, 723.2093505859375, 73.351837158203125, 10.193559646606445 ],
	"14" : [ 5.355284690856934, 3.617399215698242, 256.3963623046875, 83.545394897460938, 1.892426252365112 ],
	"15" : [ 3.410555601119995, 3.341796636581421, 99.321784973144531, 85.437820434570312, 2.403265237808228 ],
	"16" : [ 14.304112434387207, 16.628278732299805, 1976.3118896484375, 87.841087341308594, 6.048798084259033 ],
	"17" : [ 12.436264038085938, 15.737674713134766, 2383.263671875, 93.889884948730469, 6.733787059783936 ],
	"18" : [ 85.517585754394531, 3.443229913711548, 278.296539306640625, 100.623672485351562, 1.567346930503845 ],
	"19" : [ 192.296798706054688, 14.578376770019531, 2215.692138671875, 102.191017150878906, 6.640906810760498 ],
	"2" : [ 54.791183471679688, 14.954642295837402, 1408.962646484375, 25.901859283447266, 25.321359634399414 ],
	"20" : [ 76.491485595703125, 4.144815444946289, 312.0560302734375, 108.831924438476562, 1.532516956329346 ],
	"21" : [ 52.656024932861328, 14.979969024658203, 2404.153564453125, 110.36444091796875, 20.596099853515625 ],
	"22" : [ 1.994532465934753, 5.169683456420898, 237.091873168945312, 130.960540771484375, 5.201269626617432 ],
	"23" : [ 2.928542852401733, 15.713881492614746, 2107.57080078125, 136.161819458007812, 11.250067710876465 ],
	"24" : [ 9.037630081176758, 3.771278858184814, 193.552886962890625, 147.411880493164062, 1.753106594085693 ],
	"25" : [ 23.16754150390625, 15.021468162536621, 413.477630615234375, 149.164993286132812, 1.613786816596985 ],
	"26" : [ 59.978595733642578, 3.453825950622559, 515.96002197265625, 150.778778076171875, 1.578956961631775 ],
	"27" : [ 29.403945922851562, 7.607824325561523, 651.20733642578125, 152.35772705078125, 1.637006759643555 ],
	"28" : [ 20.09954833984375, 5.089593410491943, 525.093505859375, 153.994735717773438, 1.520907044410706 ],
	"29" : [ 12.39253044128418, 5.521637439727783, 264.46417236328125, 155.515640258789062, 1.532516956329346 ],
	"3" : [ 2.776718616485596, 5.786677360534668, 464.40789794921875, 51.223220825195312, 6.745396614074707 ],
	"30" : [ 16.943168640136719, 3.309450387954712, 478.3480224609375, 157.04815673828125, 1.532516956329346 ],
	"31" : [ 141.039962768554688, 2.827928066253662, 210.094696044921875, 158.580673217773438, 1.567346930503845 ],
	"32" : [ 6.767032146453857, 17.517452239990234, 2645.662841796875, 160.148025512695312, 3.691972732543945 ],
	"33" : [ 11.374668121337891, 4.315071582794189, 271.36383056640625, 163.839996337890625, 1.532516956329346 ],
	"34" : [ 143.615219116210938, 5.717318534851074, 336.76483154296875, 165.372512817382812, 1.671836733818054 ],
	"35" : [ 260.508392333984375, 9.030056953430176, 823.655517578125, 167.044357299804688, 1.683446764945984 ],
	"36" : [ 8.664745330810547, 3.719379425048828, 337.235595703125, 168.727798461914062, 1.555737018585205 ],
	"37" : [ 10.105841636657715, 4.749489307403564, 308.72515869140625, 170.283538818359375, 1.602176904678345 ],
	"38" : [ 23.070001602172852, 5.280284881591797, 674.40277099609375, 171.885711669921875, 1.602176904678345 ],
	"39" : [ 133.6905517578125, 8.272297859191895, 526.0545654296875, 173.487884521484375, 1.811156511306763 ],
	"4" : [ 37.799476623535156, 5.365915298461914, 167.497482299804688, 57.968616485595703, 1.578956961631775 ],
	"40" : [ 87.487335205078125, 7.282630443572998, 395.041412353515625, 175.299041748046875, 6.745396614074707 ],
	"41" : [ 109.966575622558594, 5.115489959716797, 169.184127807617188, 182.044448852539062, 1.613786816596985 ],
	"42" : [ 127.266098022460938, 7.613141059875488, 355.260528564453125, 183.658233642578125, 5.630838871002197 ],
	"43" : [ 51.256175994873047, 5.057569026947021, 185.11175537109375, 189.289077758789062, 1.555737018585205 ],
	"44" : [ 40.573940277099609, 2.736329555511475, 156.2337646484375, 190.844802856445312, 1.555737018585205 ],
	"45" : [ 47.571113586425781, 4.323124885559082, 166.81689453125, 192.400543212890625, 1.567346930503845 ],
	"46" : [ 23.774499893188477, 17.890508651733398, 2875.407470703125, 193.9678955078125, 6.327437877655029 ],
	"47" : [ 2.367921829223633, 5.438392162322998, 113.08544921875, 200.295333862304688, 2.786394596099854 ],
	"48" : [ 52.188987731933594, 18.051115036010742, 3203.166748046875, 203.08172607421875, 11.377778053283691 ],
	"49" : [ 20.09214973449707, 14.106182098388672, 380.58453369140625, 214.459503173828125, 7.836734771728516 ],
	"5" : [ 6.176587104797363, 2.246260643005371, 137.110244750976562, 59.547573089599609, 1.567346930503845 ],
	"50" : [ 20.143972396850586, 17.107170104980469, 2939.111572265625, 222.296234130859375, 7.952834606170654 ],
	"51" : [ 86.007423400878906, 17.225978851318359, 2670.616943359375, 230.249069213867188, 6.3158278465271 ],
	"52" : [ 143.737991333007812, 16.622488021850586, 2397.987060546875, 236.564895629882812, 10.425759315490723 ],
	"53" : [ 93.249374389648438, 11.001190185546875, 485.248992919921875, 246.99066162109375, 64.6907958984375 ],
	"54" : [ 33.415596008300781, 13.686443328857422, 1928.09326171875, 311.68145751953125, 11.923446655273438 ],
	"55" : [ 91.644683837890625, 7.941038131713867, 321.39202880859375, 323.604888916015625, 3.19274377822876 ],
	"56" : [ 115.260231018066406, 11.167861938476562, 752.98162841796875, 326.797637939453125, 2.438095331192017 ],
	"57" : [ 92.567634582519531, 3.737851619720459, 250.165451049804688, 329.235748291015625, 4.23764181137085 ],
	"58" : [ 182.028900146484375, 5.311835765838623, 405.101226806640625, 333.473388671875, 1.613786816596985 ],
	"59" : [ 8.00511646270752, 2.792949676513672, 221.440017700195312, 335.087158203125, 1.590566873550415 ],
	"6" : [ 18.424272537231445, 13.278831481933594, 1156.3026123046875, 61.114921569824219, 1.683446764945984 ],
	"60" : [ 234.883926391601562, 5.000048637390137, 423.166412353515625, 336.677734375, 1.625396847724915 ],
	"61" : [ 219.680923461914062, 4.726048946380615, 285.92822265625, 338.303131103515625, 1.660226702690125 ],
	"62" : [ 151.689544677734375, 3.349429130554199, 165.05218505859375, 339.963348388671875, 1.660226702690125 ],
	"63" : [ 83.412742614746094, 3.326353311538696, 266.53912353515625, 341.62359619140625, 1.532516956329346 ],
	"64" : [ 250.340484619140625, 11.495288848876953, 1331.167236328125, 343.156097412109375, 1.648616790771484 ],
	"65" : [ 25.126596450805664, 4.702959060668945, 207.33306884765625, 344.804718017578125, 1.520907044410706 ],
	"66" : [ 24.66816520690918, 3.125393867492676, 162.790847778320312, 346.32562255859375, 1.532516956329346 ],
	"67" : [ 95.276039123535156, 2.670784473419189, 140.29254150390625, 347.858154296875, 1.555737018585205 ],
	"68" : [ 149.996185302734375, 8.614373207092285, 356.912384033203125, 349.41387939453125, 1.648616790771484 ],
	"69" : [ 49.390365600585938, 6.928053379058838, 267.904205322265625, 351.0625, 2.484535217285156 ],
	"7" : [ 29.237176895141602, 2.78404974937439, 221.719253540039062, 62.798366546630859, 1.578956961631775 ],
	"70" : [ 69.947273254394531, 7.308334350585938, 234.796585083007812, 353.547027587890625, 2.298775434494019 ],
	"8" : [ 21.246675491333008, 14.608244895935059, 629.6826171875, 64.377326965332031, 2.1594557762146 ],
	"9" : [ 4.539176464080811, 5.312175750732422, 54.582084655761719, 66.536781311035156, 1.613786816596985 ]
}
