{
	"0" : [ 1.895874069759252, 3.375525911513782, 3.676660935172779, 0.0, 8.0 ],
	"1" : [ 0.054206711309108, 2.630537679015615, 2.345777308581293, 1.345174124176354, 0.032089851584436 ],
	"10" : [ 0.049766820494045, 1.218295554449344, 3.432953873286009, 2.864069367772335, 0.0 ],
	"11" : [ 5.12407791292786, 4.602632870303177, 3.446614726572589, 2.916445215044865, 0.773365423184918 ],
	"12" : [ 1.011205798583321, 1.587548979433876, 0.804723837380005, 3.093796710189247, 0.03529883674288 ],
	"13" : [ 0.230131982854349, 1.311044689526718, 0.443316421795077, 3.151876701183744, 0.044925792218211 ],
	"14" : [ 0.328127124987576, 0.195581190404867, 0.181090476311198, 3.211512265114886, 0.038507821901324 ],
	"15" : [ 0.242058042472128, 0.182867332479214, 0.041992829814481, 3.270110780421599, 0.016044925792218 ],
	"16" : [ 0.391292020073904, 0.187526228005478, 0.0, 3.325079625542804, 0.006417970316887 ],
	"17" : [ 0.388507921320999, 0.270468215403023, 0.204611885745184, 3.378492145152165, 0.022462896109105 ],
	"18" : [ 0.0, 0.063719709290706, 0.024551733812674, 3.434498038897801, 0.147613317288408 ],
	"19" : [ 0.00170220265987, 0.0, 0.124968025100104, 3.510727885970229, 0.006417970316887 ],
	"2" : [ 1.108625075417286, 6.42714572615183, 5.285896078396275, 1.402735402714836, 0.991576413959085 ],
	"20" : [ 2.465603231415086, 6.516226925310926, 3.664134015388936, 3.56414078186719, 0.381869233854793 ],
	"21" : [ 0.275897973915136, 1.688247375572983, 0.742004873808185, 3.678226666607323, 0.009626955475331 ],
	"22" : [ 0.092825952154135, 0.262468208514449, 1.160011122267757, 3.732158086816499, 0.006417970316887 ],
	"23" : [ 0.094145121734279, 0.289887908553418, 0.773750864928028, 3.785570982713459, 0.006417970316887 ],
	"24" : [ 0.488059926328953, 8.0, 5.514268989923623, 3.83898387861042, 0.215002005615724 ],
	"25" : [ 0.037298584637171, 0.560612570250297, 0.37386759528261, 3.926103488814566, 0.012835940633775 ],
	"26" : [ 0.06798340588834, 0.593862108548423, 0.434153396742355, 3.980553809623557, 0.022462896109105 ],
	"27" : [ 0.064599485171166, 0.127839491638563, 0.083966933527117, 4.036559327081593, 0.006417970316887 ],
	"28" : [ 0.080394225836884, 0.518393113875491, 0.216654518729058, 4.089972222978553, 0.0 ],
	"29" : [ 0.062913590584445, 0.381387341537688, 0.492762078153451, 4.142348070251084, 0.0 ],
	"3" : [ 0.031541550808685, 0.363397142256033, 0.502232431583515, 1.615349749534448, 0.096269554753309 ],
	"30" : [ 6.15828112427387, 3.266459582106585, 4.443863236928197, 4.194723541236015, 0.468511833132772 ],
	"31" : [ 0.275838082252618, 1.452185596164442, 1.872087538370487, 4.322810711268757, 0.032089851584436 ],
	"32" : [ 5.32562812129372, 1.899105547397167, 5.038337789557007, 4.380372177951039, 0.022462896109105 ],
	"33" : [ 7.446588558578313, 2.705176753627576, 8.0, 4.436378071696675, 0.003208985158444 ],
	"34" : [ 0.281405165494939, 4.127564063496959, 5.942863196673557, 4.489272066993821, 0.006417970316887 ],
	"35" : [ 0.1180520209486, 1.979686705751031, 0.882043717510274, 4.542684962890782, 0.022462896109105 ],
	"36" : [ 6.491680348437867, 3.125204937461796, 7.531506885041741, 4.598690856636417, 0.025671881267549 ],
	"37" : [ 4.578637021093654, 3.43283700840339, 6.041328020800877, 4.65521489840667, 0.080224628961091 ],
	"38" : [ 0.560537139239286, 2.339066355239349, 0.716898808503173, 4.720554982347378, 0.041716807059767 ],
	"39" : [ 0.429754222890565, 2.445652032688961, 0.60146211005748, 4.779672021966306, 0.064179703168873 ],
	"4" : [ 2.487104505398738, 4.818008568811734, 4.070236424325368, 1.683282643180033, 2.021660649819494 ],
	"40" : [ 0.236952487166833, 1.365201891181391, 0.910769816925626, 4.84241910805834, 0.003208985158444 ],
	"41" : [ 0.391022925441379, 2.525718384962397, 0.478823313964399, 4.895313479643085, 0.028880866425993 ],
	"42" : [ 0.340860482431222, 2.283959448879655, 0.809033303060009, 4.952356422013152, 0.044925792218211 ],
	"43" : [ 5.295982472618348, 1.591363718513358, 5.429272963145622, 5.011991985944294, 0.003208985158444 ],
	"44" : [ 3.352491672592282, 3.744052668504321, 4.635457306877153, 5.06488635752904, 0.150822302446851 ],
	"45" : [ 0.267734155325538, 2.138038178198028, 1.122436583351442, 5.141635105201281, 0.012835940633775 ],
	"46" : [ 0.34717986066795, 2.10886690519629, 0.655164617581331, 5.196085049722673, 0.003208985158444 ],
	"47" : [ 0.199465752393075, 3.830219541716581, 3.067920591932727, 5.248979045019818, 0.112314480545527 ],
	"48" : [ 0.22363915557731, 2.299840060711297, 0.646304514764341, 5.319504748370279, 0.048134777376655 ],
	"49" : [ 0.486840922072298, 2.961344442944479, 1.651594751928963, 5.379659212901236, 0.240673886883273 ],
	"5" : [ 2.494815208740651, 4.408929237221528, 3.755943233020986, 2.06235815758091, 3.22503008423586 ],
	"50" : [ 2.359157640338083, 2.876774494213646, 4.315857565964759, 5.470927770178304, 0.016044925792218 ],
	"51" : [ 0.05866968130668, 0.666734417065447, 1.332604613667641, 5.525896239011909, 0.019253910950662 ],
	"52" : [ 0.056975979911392, 0.783603663611425, 0.795908832718323, 5.58138360844533, 0.012835940633775 ],
	"53" : [ 7.102218296104422, 1.620446970850139, 7.414172370689665, 5.635833552966722, 0.118732450862415 ],
	"54" : [ 2.418308540489249, 5.279123574412048, 3.254417015222976, 5.707396304941613, 0.516646610509426 ],
	"55" : [ 5.788990136022156, 5.055261459166401, 6.258166171961178, 5.843261715945183, 0.375451263537906 ],
	"56" : [ 6.575961455902735, 6.132960151227157, 5.894922820841018, 5.956310552060886, 0.23746490172483 ],
	"57" : [ 5.268088891852631, 5.04032703121318, 5.564690282667754, 6.047060585025737, 0.507019655034096 ],
	"58" : [ 4.777125679097918, 4.215899459734899, 3.427970008754777, 6.181370423092662, 0.163658243080626 ],
	"59" : [ 5.362613200716564, 5.827891854366748, 5.173013840549348, 6.260193644301364, 0.282390693943041 ],
	"6" : [ 1.173757899107622, 1.212394955229533, 4.165033265154231, 2.635898350867267, 0.003208985158444 ],
	"60" : [ 5.986164408815132, 6.099128375365273, 4.148041109625209, 6.358203017637229, 0.340152426795026 ],
	"61" : [ 5.795417653530463, 4.406368524728689, 4.428734620115673, 6.465547333743365, 0.577617328519856 ],
	"62" : [ 6.043547195662404, 3.718251132715932, 4.017091099326662, 6.611266211829423, 0.401123144805455 ],
	"63" : [ 6.907539527820775, 5.253592376874637, 5.07813613406269, 6.728463242442847, 0.677095868431609 ],
	"64" : [ 6.05198529020975, 6.617149735875817, 5.403225409052337, 6.890257126782775, 0.48455675892499 ],
	"65" : [ 4.495118069855067, 4.678436879280902, 5.260617266421646, 7.020937294664193, 0.513437625350983 ],
	"66" : [ 8.0, 6.910817902369966, 6.273963485559316, 7.156284933930747, 0.545527476935419 ],
	"67" : [ 5.573693036143315, 4.462748592602188, 4.936392631926886, 7.296817816319454, 0.282390693943041 ],
	"68" : [ 6.000431438524647, 6.01084686308223, 5.240039029991165, 7.394827189655317, 0.567990373044525 ],
	"69" : [ 5.563738651840525, 4.438969542075361, 4.68462259007745, 7.53899049480473, 0.587244283995186 ],
	"7" : [ 3.677083535288773, 0.98753889532726, 4.591434768490871, 2.688792346164413, 0.025671881267549 ],
	"70" : [ 6.248954984226197, 6.111469025671514, 5.40404702487032, 7.686264193252233, 0.811873245086241 ],
	"71" : [ 4.655013543369573, 4.214230587927334, 3.92857845317377, 7.869839109005996, 0.481347773766546 ],
	"72" : [ 5.626969539181973, 5.762623077047454, 5.297012514495113, 8.0, 0.686722823906939 ],
	"8" : [ 1.504032839875609, 1.318694527248184, 3.831694915515069, 2.745316764222264, 0.019253910950662 ],
	"9" : [ 4.132572832764039, 1.490464482178733, 2.85497384136902, 2.800803757368086, 0.067388688327316 ]
}
