{
	"0" : [ 253.192962646484375, 9.131638526916504, 1050.7545166015625, 9.938140869140625, 17.414966583251953 ],
	"1" : [ 100.134933471679688, 9.255757331848145, 1051.9342041015625, 27.353107452392578, 3.262403726577759 ],
	"10" : [ 170.0421142578125, 8.342372894287109, 761.32427978515625, 68.011245727539062, 2.623854875564575 ],
	"11" : [ 357.96051025390625, 8.447728157043457, 594.01556396484375, 70.635101318359375, 2.496145009994507 ],
	"12" : [ 392.488372802734375, 9.151030540466309, 705.60675048828125, 73.131248474121094, 2.623854875564575 ],
	"13" : [ 484.787078857421875, 9.256085395812988, 687.21966552734375, 75.755104064941406, 3.332063436508179 ],
	"14" : [ 382.292449951171875, 9.86445140838623, 503.52581787109375, 79.087165832519531, 2.333605527877808 ],
	"15" : [ 345.56951904296875, 7.459609031677246, 620.9678955078125, 81.420768737792969, 2.972154140472412 ],
	"16" : [ 473.27642822265625, 7.320248603820801, 619.86334228515625, 84.392921447753906, 2.380045413970947 ],
	"17" : [ 275.0408935546875, 7.874429702758789, 430.2603759765625, 86.772972106933594, 2.519365072250366 ],
	"18" : [ 65.682579040527344, 2.721393585205078, 195.498046875, 89.292335510253906, 2.356825351715088 ],
	"19" : [ 144.600967407226562, 9.577180862426758, 1759.9385986328125, 91.649162292480469, 48.854785919189453 ],
	"2" : [ 803.115234375, 9.781128883361816, 486.34600830078125, 30.615510940551758, 2.577414989471436 ],
	"20" : [ 119.459396362304688, 8.972531318664551, 803.318359375, 140.503952026367188, 6.153287887573242 ],
	"21" : [ 438.53814697265625, 10.474794387817383, 713.024169921875, 146.6572265625, 2.821224451065063 ],
	"22" : [ 189.636154174804688, 9.142312049865723, 610.81829833984375, 149.47845458984375, 2.426485300064087 ],
	"23" : [ 47.907875061035156, 10.567577362060547, 791.9539794921875, 151.904937744140625, 3.436553239822388 ],
	"24" : [ 226.23291015625, 10.376863479614258, 693.4892578125, 155.34149169921875, 2.438095331192017 ],
	"25" : [ 119.477561950683594, 8.919934272766113, 736.645263671875, 157.779586791992188, 5.967528343200684 ],
	"26" : [ 31.915355682373047, 9.564099311828613, 821.3861083984375, 163.747116088867188, 3.1695237159729 ],
	"27" : [ 43.736682891845703, 10.685481071472168, 739.88568115234375, 166.916641235351562, 2.345215320587158 ],
	"28" : [ 268.42974853515625, 11.180479049682617, 624.34698486328125, 169.261856079101562, 3.529433012008667 ],
	"29" : [ 237.439590454101562, 13.543926239013672, 679.33111572265625, 172.791290283203125, 2.461315155029297 ],
	"3" : [ 114.561851501464844, 11.778097152709961, 1112.358642578125, 33.192924499511719, 6.629297256469727 ],
	"30" : [ 141.11785888671875, 6.090375900268555, 413.32598876953125, 175.252609252929688, 3.123083829879761 ],
	"31" : [ 107.109428405761719, 12.29945182800293, 810.02423095703125, 178.375686645507812, 7.441995620727539 ],
	"32" : [ 1127.503173828125, 6.298639297485352, 775.3731689453125, 185.81768798828125, 53.371067047119141 ],
	"4" : [ 68.07366943359375, 5.945708751678467, 1141.0645751953125, 39.822223663330078, 4.121541976928711 ],
	"5" : [ 74.760337829589844, 13.954431533813477, 1183.288330078125, 43.943763732910156, 6.025578022003174 ],
	"6" : [ 773.09649658203125, 10.324916839599609, 619.7186279296875, 49.969341278076172, 3.297233581542969 ],
	"7" : [ 58.563545227050781, 10.525349617004395, 929.2757568359375, 53.266574859619141, 9.427301406860352 ],
	"8" : [ 316.81427001953125, 5.045466899871826, 681.99359130859375, 62.693878173828125, 2.600634813308716 ],
	"9" : [ 211.819808959960938, 5.682052612304688, 655.53167724609375, 65.294509887695312, 2.716734647750854 ]
}
