{
	"0" : [ 154.447311401367188, 4.606493473052979, 252.332626342773438, 0.174149662256241, 1.10294783115387 ],
	"1" : [ 356.470703125, 5.983076572418213, 230.046356201171875, 1.277097463607788, 1.451247215270996 ],
	"10" : [ 137.556503295898438, 5.194443702697754, 545.692626953125, 19.945941925048828, 1.114557862281799 ],
	"11" : [ 212.125, 9.055742263793945, 363.28173828125, 21.06049919128418, 1.880816340446472 ],
	"12" : [ 328.080596923828125, 3.290267705917358, 255.726577758789062, 22.941314697265625, 1.172607660293579 ],
	"13" : [ 268.9140625, 4.606083393096924, 261.029632568359375, 24.113922119140625, 3.22757363319397 ],
	"14" : [ 502.187591552734375, 15.468326568603516, 586.6031494140625, 27.341497421264648, 1.776326537132263 ],
	"15" : [ 41.030708312988281, 8.084632873535156, 236.960464477539062, 29.117822647094727, 1.114557862281799 ],
	"16" : [ 192.961441040039062, 5.514984130859375, 350.9901123046875, 30.232381820678711, 1.091337919235229 ],
	"17" : [ 278.144378662109375, 9.144598007202148, 334.04058837890625, 31.323719024658203, 1.962086200714111 ],
	"18" : [ 347.3118896484375, 4.729527473449707, 389.293975830078125, 33.285804748535156, 1.637006759643555 ],
	"19" : [ 80.71600341796875, 2.258798599243164, 276.351654052734375, 34.922813415527344, 2.171065807342529 ],
	"2" : [ 58.081043243408203, 5.383625507354736, 307.92633056640625, 2.728344678878784, 1.219047665596008 ],
	"20" : [ 160.874237060546875, 4.055740356445312, 280.56640625, 37.093875885009766, 1.567346930503845 ],
	"21" : [ 272.789703369140625, 2.805065155029297, 345.77294921875, 38.661224365234375, 1.137777805328369 ],
	"22" : [ 69.937576293945312, 6.571147918701172, 477.309600830078125, 39.799003601074219, 1.323537468910217 ],
	"23" : [ 539.38702392578125, 14.816232681274414, 622.4478759765625, 41.122539520263672, 2.298775434494019 ],
	"24" : [ 152.445968627929688, 3.393492460250854, 221.967529296875, 43.421314239501953, 1.160997748374939 ],
	"25" : [ 220.555435180664062, 3.388121366500854, 212.661361694335938, 44.582313537597656, 1.160997748374939 ],
	"26" : [ 222.737274169921875, 11.754539489746094, 544.72003173828125, 45.743309020996094, 3.006984233856201 ],
	"27" : [ 422.316925048828125, 4.806878089904785, 361.192535400390625, 48.750293731689453, 1.149387717247009 ],
	"28" : [ 18.73797607421875, 6.330250263214111, 176.178451538085938, 49.899681091308594, 1.335147380828857 ],
	"29" : [ 275.43212890625, 6.961016178131104, 480.426025390625, 51.234828948974609, 1.671836733818054 ],
	"3" : [ 180.00665283203125, 2.117960453033447, 246.16314697265625, 3.947392225265503, 1.091337919235229 ],
	"4" : [ 283.24761962890625, 13.596620559692383, 974.80999755859375, 5.038730144500732, 2.832834482192993 ],
	"5" : [ 36.540409088134766, 6.074059963226318, 587.87213134765625, 7.871564388275146, 1.207437634468079 ],
	"6" : [ 399.4390869140625, 4.692536354064941, 289.2806396484375, 9.079002380371094, 1.149387717247009 ],
	"7" : [ 417.0860595703125, 4.545049667358398, 537.18133544921875, 10.228389739990234, 1.126167774200439 ],
	"8" : [ 246.161270141601562, 7.975990772247314, 326.57135009765625, 11.354557991027832, 1.718276619911194 ],
	"9" : [ 17.517375946044922, 9.599569320678711, 771.29180908203125, 13.072834014892578, 6.873106479644775 ]
}
