{
	"0" : [ 68.729820251464844, 18.429544448852539, 753.83892822265625, 2.647074937820435, 4.063492298126221 ],
	"1" : [ 75.882293701171875, 17.797536849975586, 825.818359375, 6.710566997528076, 4.400181293487549 ],
	"10" : [ 43.469398498535156, 7.326114177703857, 336.631134033203125, 53.603263854980469, 3.657142877578735 ],
	"11" : [ 139.325241088867188, 10.401483535766602, 237.224166870117188, 57.260406494140625, 3.506213188171387 ],
	"12" : [ 78.096282958984375, 5.317788124084473, 236.032623291015625, 60.766620635986328, 3.552653074264526 ],
	"13" : [ 155.91412353515625, 24.339231491088867, 1441.1690673828125, 64.31927490234375, 5.932698249816895 ],
	"14" : [ 83.682792663574219, 9.299695014953613, 198.517745971679688, 70.251976013183594, 3.552653074264526 ],
	"15" : [ 72.447036743164062, 12.054396629333496, 141.49090576171875, 73.80462646484375, 3.726802825927734 ],
	"16" : [ 93.95745849609375, 9.480997085571289, 812.1956787109375, 77.531425476074219, 3.773242712020874 ],
	"17" : [ 114.38775634765625, 18.661899566650391, 539.63861083984375, 81.304672241210938, 3.726802825927734 ],
	"18" : [ 195.438949584960938, 4.714692115783691, 123.348121643066406, 85.031471252441406, 3.506213188171387 ],
	"19" : [ 99.399894714355469, 11.393827438354492, 229.619964599609375, 88.537689208984375, 3.622313022613525 ],
	"2" : [ 106.247421264648438, 7.638811588287354, 215.725387573242188, 11.110748291015625, 3.761632680892944 ],
	"20" : [ 84.483787536621094, 10.955713272094727, 156.226531982421875, 92.160003662109375, 3.657142877578735 ],
	"21" : [ 74.812225341796875, 10.760492324829102, 258.75384521484375, 95.817146301269531, 3.541043043136597 ],
	"22" : [ 139.809173583984375, 6.227624416351318, 264.95159912109375, 99.358184814453125, 3.506213188171387 ],
	"23" : [ 266.32843017578125, 17.203668594360352, 1796.411376953125, 102.864402770996094, 17.925804138183594 ],
	"24" : [ 52.718807220458984, 7.354754447937012, 74.10040283203125, 120.790206909179688, 9.079002380371094 ],
	"25" : [ 81.387641906738281, 19.859676361083984, 1502.7353515625, 129.86920166015625, 4.771700859069824 ],
	"26" : [ 3.998649835586548, 6.97133731842041, 433.1971435546875, 134.640899658203125, 3.645532846450806 ],
	"27" : [ 9.754504203796387, 4.941096782684326, 69.837944030761719, 138.28643798828125, 3.831292629241943 ],
	"28" : [ 14.025897026062012, 7.862760543823242, 240.118545532226562, 142.11773681640625, 3.506213188171387 ],
	"29" : [ 172.8433837890625, 7.195238590240479, 558.44091796875, 145.623947143554688, 3.541043043136597 ],
	"3" : [ 10.158472061157227, 6.88067626953125, 189.719467163085938, 14.872381210327148, 3.668752908706665 ],
	"30" : [ 58.81976318359375, 7.046927928924561, 214.07135009765625, 149.164993286132812, 3.494603157043457 ],
	"31" : [ 41.89239501953125, 5.668009757995605, 162.761947631835938, 152.659591674804688, 26.819047927856445 ],
	"32" : [ 22.463191986083984, 5.803325176239014, 89.772697448730469, 179.4786376953125, 3.657142877578735 ],
	"33" : [ 39.158504486083984, 5.232831478118896, 115.670600891113281, 183.135787963867188, 3.715192794799805 ],
	"34" : [ 37.320232391357422, 3.65416407585144, 69.449745178222656, 186.850982666015625, 18.030294418334961 ],
	"35" : [ 77.438400268554688, 3.800411701202393, 60.360172271728516, 204.881271362304688, 3.506213188171387 ],
	"36" : [ 80.655448913574219, 4.901831150054932, 74.034072875976562, 208.387481689453125, 3.529433012008667 ],
	"37" : [ 65.822006225585938, 4.077664375305176, 134.21795654296875, 211.916915893554688, 3.517823219299316 ],
	"38" : [ 82.435409545898438, 4.947700977325439, 284.224609375, 215.434738159179688, 3.494603157043457 ],
	"39" : [ 90.360008239746094, 5.138344764709473, 568.9671630859375, 218.929336547851562, 3.587482929229736 ],
	"4" : [ 12.502717018127441, 12.7957763671875, 823.2222900390625, 18.541133880615234, 4.1563720703125 ],
	"40" : [ 102.766853332519531, 24.002029418945312, 1682.126220703125, 222.516830444335938, 5.607619285583496 ],
	"41" : [ 61.137222290039062, 19.522043228149414, 705.8895263671875, 228.12445068359375, 3.529433012008667 ],
	"42" : [ 39.49127197265625, 11.714125633239746, 177.779769897460938, 231.653884887695312, 3.680362701416016 ],
	"43" : [ 96.758804321289062, 20.069082260131836, 492.7337646484375, 235.334243774414062, 3.842902421951294 ],
	"44" : [ 88.719291687011719, 18.238132476806641, 923.664306640625, 239.177139282226562, 4.423401355743408 ],
	"45" : [ 75.635505676269531, 12.193204879760742, 300.359710693359375, 243.600540161132812, 3.761632680892944 ],
	"46" : [ 116.347686767578125, 13.635903358459473, 305.7529296875, 247.3621826171875, 3.726802825927734 ],
	"47" : [ 102.7232666015625, 13.121143341064453, 262.468109130859375, 251.088973999023438, 4.040272235870361 ],
	"48" : [ 97.618888854980469, 18.458980560302734, 570.9725341796875, 255.129257202148438, 3.982222318649292 ],
	"49" : [ 97.917869567871094, 9.046649932861328, 276.2008056640625, 259.111480712890625, 3.900952339172363 ],
	"5" : [ 14.206950187683105, 11.621644973754883, 568.79449462890625, 22.697505950927734, 4.27247142791748 ],
	"50" : [ 52.155593872070312, 16.790567398071289, 273.988067626953125, 263.012420654296875, 3.564263105392456 ],
	"51" : [ 66.393051147460938, 13.09990406036377, 256.76904296875, 266.576690673828125, 3.517823219299316 ],
	"52" : [ 175.3734130859375, 19.265209197998047, 466.621673583984375, 270.094512939453125, 3.599092960357666 ],
	"53" : [ 180.032272338867188, 13.570631980895996, 258.658782958984375, 273.693603515625, 3.761632680892944 ],
	"54" : [ 67.175636291503906, 14.853672981262207, 337.037567138671875, 277.455230712890625, 3.842902421951294 ],
	"55" : [ 85.694267272949219, 8.612991333007812, 1578.9398193359375, 281.298126220703125, 3.668752908706665 ],
	"56" : [ 14.026195526123047, 19.002538681030273, 337.179412841796875, 284.966888427734375, 3.761632680892944 ],
	"57" : [ 27.494430541992188, 12.16260814666748, 126.587074279785156, 288.728515625, 3.517823219299316 ],
	"58" : [ 57.705738067626953, 8.77521800994873, 155.872894287109375, 292.246337890625, 3.541043043136597 ],
	"59" : [ 24.577470779418945, 18.194189071655273, 256.6324462890625, 295.787384033203125, 3.854512453079224 ],
	"6" : [ 25.037225723266602, 9.648555755615234, 783.87261962890625, 26.969976425170898, 4.330521583557129 ],
	"60" : [ 14.017534255981445, 14.06190013885498, 206.313262939453125, 299.64190673828125, 3.691972732543945 ],
	"61" : [ 31.17234992980957, 6.399181365966797, 118.666786193847656, 303.3338623046875, 3.575872898101807 ],
	"62" : [ 22.088119506835938, 8.523582458496094, 110.441276550292969, 306.909759521484375, 3.610702991485596 ],
	"63" : [ 32.59466552734375, 6.174721240997314, 151.413436889648438, 310.52044677734375, 4.22603178024292 ],
	"64" : [ 92.239471435546875, 13.608359336853027, 127.427398681640625, 314.746490478515625, 3.506213188171387 ],
	"65" : [ 41.249542236328125, 5.333645820617676, 134.410263061523438, 318.252685546875, 3.622313022613525 ],
	"66" : [ 66.635643005371094, 7.477276802062988, 136.592025756835938, 321.875, 3.517823219299316 ],
	"67" : [ 65.548690795898438, 6.489814281463623, 137.49755859375, 325.392822265625, 3.517823219299316 ],
	"68" : [ 91.140708923339844, 5.853797912597656, 203.809768676757812, 328.91064453125, 3.552653074264526 ],
	"69" : [ 14.321466445922852, 8.772756576538086, 259.16436767578125, 332.46331787109375, 3.506213188171387 ],
	"7" : [ 47.631492614746094, 6.676778793334961, 608.99639892578125, 31.300498962402344, 15.278730392456055 ],
	"70" : [ 46.0665283203125, 8.301009178161621, 194.21728515625, 335.969512939453125, 3.575872898101807 ],
	"71" : [ 88.448463439941406, 9.435821533203125, 1580.167724609375, 339.54541015625, 3.924172401428223 ],
	"72" : [ 63.622856140136719, 9.773274421691895, 843.7777099609375, 343.469573974609375, 4.086711883544922 ],
	"73" : [ 69.398468017578125, 10.242206573486328, 681.8128662109375, 347.5562744140625, 3.831292629241943 ],