{
	"0" : [ 45.812923431396484, 12.050069808959961, 1313.9559326171875, 16.834466934204102, 5.909478664398193 ],
	"1" : [ 6.159693241119385, 3.970718622207642, 193.21893310546875, 22.743946075439453, 3.610702991485596 ],
	"10" : [ 156.698028564453125, 13.129417419433594, 1176.7193603515625, 72.782951354980469, 10.181950569152832 ],
	"11" : [ 129.585342407226562, 10.77248477935791, 1240.126953125, 82.964897155761719, 7.198185920715332 ],
	"12" : [ 9.117330551147461, 6.101890087127686, 222.638580322265625, 90.1630859375, 3.599092960357666 ],
	"13" : [ 148.592086791992188, 14.558387756347656, 769.73699951171875, 93.762176513671875, 4.121541976928711 ],
	"14" : [ 176.024444580078125, 12.050612449645996, 1325.056884765625, 97.883720397949219, 3.587482929229736 ],
	"15" : [ 28.479286193847656, 10.555838584899902, 686.34722900390625, 101.471199035644531, 3.657142877578735 ],
	"16" : [ 42.877223968505859, 5.253956317901611, 185.809646606445312, 105.128341674804688, 3.587482929229736 ],
	"17" : [ 27.714496612548828, 5.684558868408203, 582.4893798828125, 108.715827941894531, 3.691972732543945 ],
	"18" : [ 159.9364013671875, 11.531669616699219, 706.35577392578125, 112.407798767089844, 3.506213188171387 ],
	"19" : [ 64.301368713378906, 3.534223794937134, 215.952316284179688, 115.914016723632812, 3.599092960357666 ],
	"2" : [ 56.509746551513672, 12.162318229675293, 1294.3294677734375, 26.354648590087891, 17.368526458740234 ],
	"20" : [ 83.0941162109375, 6.280992984771729, 333.23291015625, 119.513107299804688, 3.575872898101807 ],
	"21" : [ 128.1488037109375, 13.979233741760254, 946.247802734375, 123.088981628417969, 3.494603157043457 ],
	"22" : [ 151.525131225585938, 11.626808166503906, 1207.523681640625, 126.583580017089844, 10.100680351257324 ],
	"23" : [ 170.156051635742188, 10.065552711486816, 911.41571044921875, 136.68426513671875, 3.773242712020874 ],
	"24" : [ 165.47283935546875, 6.526843070983887, 944.53985595703125, 140.457504272460938, 8.962902069091797 ],
	"25" : [ 29.71739387512207, 4.819260597229004, 572.154052734375, 149.42041015625, 3.575872898101807 ],
	"26" : [ 27.364177703857422, 6.859136581420898, 190.109344482421875, 152.99627685546875, 3.552653074264526 ],
	"27" : [ 148.143142700195312, 7.901388168334961, 445.502471923828125, 156.548934936523438, 3.587482929229736 ],
	"28" : [ 56.658767700195312, 6.653182029724121, 244.864410400390625, 160.13641357421875, 3.529433012008667 ],
	"29" : [ 51.267753601074219, 5.98399829864502, 561.9332275390625, 163.665847778320312, 3.494603157043457 ],
	"3" : [ 97.073509216308594, 7.392811298370361, 251.825973510742188, 43.723175048828125, 3.494603157043457 ],
	"30" : [ 62.457988739013672, 6.608214378356934, 442.29241943359375, 167.160446166992188, 3.761632680892944 ],
	"31" : [ 36.440006256103516, 4.573799610137939, 519.2821044921875, 170.922088623046875, 3.552653074264526 ],
	"32" : [ 151.56402587890625, 14.99644947052002, 956.16937255859375, 174.474746704101562, 3.575872898101807 ],
	"33" : [ 128.410385131835938, 9.559027671813965, 456.956268310546875, 178.050613403320312, 3.668752908706665 ],
	"34" : [ 155.309585571289062, 8.568380355834961, 444.50506591796875, 181.7193603515625, 3.622313022613525 ],
	"35" : [ 154.276519775390625, 17.172481536865234, 996.727294921875, 185.3416748046875, 7.302675724029541 ],
	"36" : [ 33.011203765869141, 3.84664249420166, 309.03155517578125, 192.64434814453125, 3.529433012008667 ],
	"37" : [ 52.843879699707031, 6.592755794525146, 416.093902587890625, 196.173782348632812, 3.506213188171387 ],
	"38" : [ 109.3851318359375, 8.47661304473877, 384.2574462890625, 199.67999267578125, 3.912562370300293 ],
	"39" : [ 144.348663330078125, 7.625037670135498, 310.88006591796875, 203.592559814453125, 3.761632680892944 ],
	"4" : [ 18.569961547851562, 5.748383045196533, 156.223541259765625, 47.217777252197266, 3.529433012008667 ],
	"40" : [ 127.887794494628906, 9.174120903015137, 350.174835205078125, 207.354202270507812, 3.506213188171387 ],
	"41" : [ 79.4559326171875, 7.915070533752441, 412.220062255859375, 210.86041259765625, 3.506213188171387 ],
	"42" : [ 126.511978149414062, 5.882999897003174, 407.972991943359375, 214.366622924804688, 3.517823219299316 ],
	"43" : [ 121.598228454589844, 2.42349648475647, 604.41265869140625, 217.884445190429688, 3.517823219299316 ],
	"44" : [ 158.96063232421875, 9.689597129821777, 1054.1776123046875, 221.402267456054688, 11.644806861877441 ],
	"45" : [ 159.004562377929688, 11.82481575012207, 1088.9283447265625, 233.047073364257812, 6.176507949829102 ],
	"46" : [ 136.200592041015625, 11.403485298156738, 764.988525390625, 239.223587036132812, 4.504671096801758 ],
	"47" : [ 45.986248016357422, 11.148876190185547, 578.92755126953125, 243.728256225585938, 4.260861873626709 ],
	"48" : [ 154.5355224609375, 6.32129430770874, 970.3934326171875, 247.989120483398438, 19.110023498535156 ],
	"49" : [ 51.399066925048828, 7.119687080383301, 650.35797119140625, 267.099151611328125, 4.899410247802734 ],
	"5" : [ 15.396393775939941, 11.180724143981934, 1102.4102783203125, 50.747211456298828, 3.866122484207153 ],
	"50" : [ 124.000160217285156, 6.848792552947998, 301.8076171875, 271.99853515625, 4.260861873626709 ],
	"51" : [ 140.9395751953125, 6.343667984008789, 543.54718017578125, 276.2593994140625, 3.541043043136597 ],
	"52" : [ 113.831245422363281, 5.939239978790283, 443.242950439453125, 279.800445556640625, 3.691972732543945 ],
	"53" : [ 125.316329956054688, 4.938514709472656, 752.298583984375, 283.492431640625, 3.506213188171387 ],
	"54" : [ 72.550216674804688, 5.375442504882812, 528.5125732421875, 286.998626708984375, 3.645532846450806 ],
	"55" : [ 27.968528747558594, 6.980338573455811, 697.44769287109375, 290.6441650390625, 3.564263105392456 ],
	"56" : [ 11.770432472229004, 3.051022529602051, 584.49481201171875, 294.20843505859375, 3.575872898101807 ],
	"57" : [ 179.906005859375, 16.442588806152344, 792.16619873046875, 297.7843017578125, 3.517823219299316 ],
	"58" : [ 20.183509826660156, 5.823365688323975, 378.821380615234375, 301.3021240234375, 3.517823219299316 ],
	"59" : [ 20.445711135864258, 7.581852436065674, 585.66827392578125, 304.8199462890625, 3.529433012008667 ],
	"6" : [ 125.8570556640625, 7.140724658966064, 462.258392333984375, 54.613334655761719, 3.622313022613525 ],
	"60" : [ 27.420690536499023, 5.03395938873291, 480.6168212890625, 308.349395751953125, 3.529433012008667 ],
	"61" : [ 43.635883331298828, 4.112281799316406, 655.6488037109375, 311.878814697265625, 3.575872898101807 ],
	"62" : [ 38.791946411132812, 3.958808183670044, 329.47119140625, 315.454681396484375, 3.599092960357666 ],
	"63" : [ 7.152488708496094, 4.227959156036377, 293.778533935546875, 319.05377197265625, 3.494603157043457 ],
	"64" : [ 66.386520385742188, 4.452980995178223, 429.127410888671875, 322.54840087890625, 3.506213188171387 ],
	"65" : [ 209.598358154296875, 4.688043117523193, 629.44012451171875, 326.054595947265625, 3.866122484207153 ],
	"66" : [ 103.307563781738281, 7.785497665405273, 433.884613037109375, 329.92071533203125, 3.529433012008667 ],
	"67" : [ 108.878173828125, 9.698742866516113, 480.10150146484375, 333.450164794921875, 3.494603157043457 ],
	"68" : [ 285.74017333984375, 3.345739126205444, 260.904449462890625, 336.94476318359375, 3.599092960357666 ],
	"69" : [ 117.013359069824219, 11.314528465270996, 924.1563720703125, 340.543853759765625, 5.201269626617432 ],
	"7" : [ 139.651290893554688, 9.480654716491699, 322.53997802734375, 58.235645294189453, 3.552653074264526 ],
	"70" : [ 126.181838989257812, 8.165325164794922, 225.580429077148438, 345.7451171875, 3.494603157043457 ],
	"71" : [ 91.582183837890625, 4.18360710144043, 316.906341552734375, 349.239715576171875, 3.506213188171387 ],
	"72" : [ 29.186187744140625, 5.532086849212646, 327.477203369140625, 352.745941162109375, 3.738412618637085 ],
	"73" : [ 16.133211135864258, 4.045562267303467, 379.897796630859375, 356.484344482421875, 3.564263105392456 ],