{
	"0" : [ 136.9642333984375, 3.627806901931763, 211.958877563476562, 0.325079351663589, 11.621587753295898 ],
	"1" : [ 236.709335327148438, 4.714618682861328, 839.502685546875, 11.946666717529297, 12.074376106262207 ],
	"10" : [ 113.345535278320312, 2.945564031600952, 309.95758056640625, 133.955917358398438, 11.70285701751709 ],
	"11" : [ 1742.6787109375, 13.631354331970215, 1176.5452880859375, 145.658782958984375, 18.912652969360352 ],
	"12" : [ 143.682266235351562, 3.132304191589355, 254.66900634765625, 164.571426391601562, 11.737687110900879 ],
	"13" : [ 827.3238525390625, 13.047740936279297, 1066.4112548828125, 176.309112548828125, 14.152562141418457 ],
	"14" : [ 2413.210693359375, 9.641085624694824, 1454.7369384765625, 190.461685180664062, 12.144036293029785 ],
	"15" : [ 327.741912841796875, 7.720094680786133, 575.889404296875, 202.605712890625, 11.69124698638916 ],
	"16" : [ 190.41583251953125, 6.386146068572998, 488.7425537109375, 214.296966552734375, 11.644806861877441 ],
	"17" : [ 159.826751708984375, 4.973202228546143, 481.18157958984375, 225.9417724609375, 11.749297142028809 ],
	"18" : [ 318.46258544921875, 5.651559829711914, 402.440155029296875, 237.691070556640625, 12.376235961914062 ],
	"19" : [ 938.01715087890625, 13.054994583129883, 991.0865478515625, 250.067306518554688, 13.90875244140625 ],
	"2" : [ 220.248382568359375, 4.114017963409424, 573.89862060546875, 24.02104377746582, 11.726077079772949 ],
	"20" : [ 1565.2615966796875, 12.588091850280762, 1437.9925537109375, 263.976043701171875, 13.664943695068359 ],
	"21" : [ 1318.4423828125, 7.451987266540527, 1608.1102294921875, 277.6409912109375, 11.621587753295898 ],
	"22" : [ 1495.134521484375, 12.093684196472168, 1639.966796875, 289.2625732421875, 12.58521556854248 ],
	"23" : [ 963.75653076171875, 9.751111030578613, 1762.2298583984375, 301.847808837890625, 12.027936935424805 ],
	"24" : [ 2116.72412109375, 32.958465576171875, 2911.888427734375, 313.875732421875, 32.763355255126953 ],
	"25" : [ 78.01776123046875, 4.542754173278809, 137.813217163085938, 346.63909912109375, 11.668026924133301 ],
	"26" : [ 54.915958404541016, 4.803484439849854, 144.299331665039062, 358.30712890625, 11.621587753295898 ],
	"27" : [ 41.268970489501953, 2.938390254974365, 165.907241821289062, 369.9287109375, 11.621587753295898 ],
	"28" : [ 115.532394409179688, 4.646727561950684, 194.76983642578125, 381.55029296875, 11.888616561889648 ],
	"29" : [ 97.093040466308594, 3.268195867538452, 181.822006225585938, 393.43890380859375, 11.784127235412598 ],
	"3" : [ 234.124603271484375, 6.306234359741211, 317.1875, 35.747119903564453, 11.760907173156738 ],
	"30" : [ 63.196723937988281, 3.803142786026001, 148.821884155273438, 405.223052978515625, 11.621587753295898 ],
	"31" : [ 123.7435302734375, 6.076042652130127, 145.116119384765625, 416.844635009765625, 21.130159378051758 ],
	"32" : [ 1.090982675552368, 2.026465177536011, 211.827789306640625, 437.97479248046875, 11.760907173156738 ],
	"33" : [ 64.506912231445312, 2.861822605133057, 208.760177612304688, 449.735687255859375, 11.67963695526123 ],
	"34" : [ 1853.7127685546875, 20.71504020690918, 607.5821533203125, 461.415313720703125, 18.680454254150391 ],
	"35" : [ 1919.43896484375, 17.239652633666992, 724.6878662109375, 480.095794677734375, 11.621587753295898 ],
	"36" : [ 1196.3157958984375, 14.809040069580078, 594.96966552734375, 491.717376708984375, 12.956734657287598 ],
	"37" : [ 201.646224975585938, 10.433223724365234, 400.548004150390625, 504.674102783203125, 17.229206085205078 ],
	"38" : [ 2166.39501953125, 17.874210357666016, 690.029541015625, 521.9033203125, 22.836826324462891 ],
	"39" : [ 47.455799102783203, 2.430737495422363, 114.908554077148438, 544.7401123046875, 11.84217643737793 ],
	"4" : [ 250.34552001953125, 10.433060646057129, 530.91033935546875, 47.508026123046875, 11.70285701751709 ],
	"40" : [ 119.702125549316406, 3.014854669570923, 152.8824462890625, 556.58233642578125, 11.633196830749512 ],
	"41" : [ 131.577346801757812, 5.260016441345215, 181.438262939453125, 568.21551513671875, 18.668844223022461 ],
	"42" : [ 100.562759399414062, 7.305326461791992, 166.332015991210938, 586.88433837890625, 13.084444046020508 ],
	"43" : [ 129.8875732421875, 3.406169891357422, 126.670753479003906, 599.96881103515625, 14.117732048034668 ],
	"44" : [ 1521.0841064453125, 30.036815643310547, 2688.1171875, 614.0865478515625, 31.567527770996094 ],
	"45" : [ 165.667816162109375, 6.308388233184814, 367.751922607421875, 645.654052734375, 13.572063446044922 ],
	"46" : [ 410.379180908203125, 6.851261615753174, 383.810455322265625, 659.22613525390625, 11.784127235412598 ],
	"47" : [ 2036.2916259765625, 18.048561096191406, 894.323974609375, 671.01025390625, 28.792743682861328 ],
	"48" : [ 80.529747009277344, 4.855618000030518, 280.46112060546875, 699.802978515625, 11.726077079772949 ],
	"49" : [ 165.149261474609375, 5.265310764312744, 405.83935546875, 711.529052734375, 11.668026924133301 ],
	"5" : [ 234.576522827148438, 5.171544551849365, 379.06005859375, 59.210884094238281, 11.656416893005371 ],
	"50" : [ 2452.554931640625, 20.885244369506836, 809.92547607421875, 723.19708251953125, 12.004716873168945 ],
	"51" : [ 157.217544555664062, 4.01835298538208, 307.868072509765625, 735.20184326171875, 11.784127235412598 ],
	"52" : [ 222.540084838867188, 4.988621234893799, 326.366119384765625, 746.9859619140625, 12.689704895019531 ],
	"53" : [ 257.235504150390625, 5.857136249542236, 456.414459228515625, 759.6756591796875, 11.67963695526123 ],
	"54" : [ 376.18804931640625, 11.072633743286133, 464.411041259765625, 771.35528564453125, 19.342222213745117 ],
	"55" : [ 2191.537353515625, 10.581835746765137, 803.1434326171875, 790.697509765625, 22.151836395263672 ],
	"56" : [ 2459.809814453125, 17.801952362060547, 777.18756103515625, 812.849365234375, 16.207529067993164 ],
	"57" : [ 2075.425048828125, 17.705472946166992, 937.523193359375, 829.056884765625, 14.013242721557617 ],
	"58" : [ 2904.27099609375, 19.904613494873047, 621.97930908203125, 843.07012939453125, 11.67963695526123 ],
	"59" : [ 1689.037841796875, 25.035642623901367, 894.373291015625, 854.749755859375, 11.621587753295898 ],
	"6" : [ 220.512557983398438, 4.382612228393555, 367.279693603515625, 70.867301940917969, 11.656416893005371 ],
	"60" : [ 1392.9854736328125, 38.858329772949219, 3005.2021484375, 866.371337890625, 29.744762420654297 ],
	"61" : [ 52.424724578857422, 2.986846923828125, 110.714767456054688, 896.1160888671875, 15.255510330200195 ],
	"62" : [ 23.138860702514648, 3.12621021270752, 127.925483703613281, 911.37158203125, 11.71446704864502 ],
	"63" : [ 99.937049865722656, 4.046267032623291, 160.0142822265625, 923.0860595703125, 11.67963695526123 ],
	"64" : [ 103.613723754882812, 8.859054565429688, 243.828231811523438, 934.76568603515625, 11.644806861877441 ],
	"65" : [ 162.961822509765625, 7.942823886871338, 323.712982177734375, 946.4105224609375, 22.291156768798828 ],
	"66" : [ 254.623275756835938, 5.966724395751953, 456.633880615234375, 968.70166015625, 11.633196830749512 ],
	"67" : [ 415.66680908203125, 9.706419944763184, 364.404144287109375, 980.33489990234375, 32.949115753173828 ],
	"68" : [ 1934.3380126953125, 17.03968620300293, 1022.160888671875, 1013.28399658203125, 34.063674926757812 ],
	"69" : [ 1.012783169746399, 2.397421360015869, 266.0140380859375, 1047.34765625, 11.749297142028809 ],
	"7" : [ 1882.8916015625, 15.733431816101074, 757.322998046875, 82.523719787597656, 11.795737266540527 ],
	"70" : [ 1.800194144248962, 3.086340188980103, 328.19207763671875, 1059.096923828125, 11.644806861877441 ],
	"71" : [ 4.386054992675781, 3.291825294494629, 318.762908935546875, 1070.7418212890625, 11.71446704864502 ],
	"72" : [ 158.444183349609375, 2.28038763999939, 197.356246948242188, 1082.4561767578125, 11.70285701751709 ],
	"73" : [ 448.6505126953125, 2.235140800476074, 195.449295043945312, 1094.1590576171875, 11.772517204284668 ],