{
	"0" : [ 15.669241905212402, 3.139641523361206, 328.65667724609375, 6.931156635284424, 3.517823219299316 ],
	"1" : [ 145.609161376953125, 15.723628044128418, 1270.9918212890625, 10.448979377746582, 5.990748405456543 ],
	"10" : [ 209.452072143554688, 21.49412727355957, 1197.29150390625, 65.712471008300781, 7.267845630645752 ],
	"11" : [ 125.710235595703125, 13.172545433044434, 1313.66845703125, 72.980316162109375, 6.466757297515869 ],
	"12" : [ 180.389419555664062, 6.737764358520508, 270.172821044921875, 79.447074890136719, 3.517823219299316 ],
	"13" : [ 4.994078159332275, 2.667734861373901, 354.509033203125, 82.964897155761719, 3.529433012008667 ],
	"14" : [ 331.269256591796875, 12.634360313415527, 1232.004638671875, 86.494331359863281, 11.459047317504883 ],
	"15" : [ 199.648513793945312, 8.487648963928223, 703.51336669921875, 97.953376770019531, 3.575872898101807 ],
	"16" : [ 142.99798583984375, 7.106802940368652, 271.856292724609375, 101.529251098632812, 3.947392225265503 ],
	"17" : [ 24.769855499267578, 3.282017230987549, 246.749542236328125, 105.476646423339844, 3.517823219299316 ],
	"18" : [ 195.21905517578125, 13.926708221435547, 799.31585693359375, 108.994468688964844, 3.959002256393433 ],
	"19" : [ 57.167385101318359, 10.77352237701416, 1055.1864013671875, 112.953468322753906, 3.599092960357666 ],
	"2" : [ 170.561813354492188, 14.336728096008301, 1227.025390625, 16.439727783203125, 8.823582649230957 ],
	"20" : [ 4.450229167938232, 6.505805015563965, 295.507171630859375, 116.552558898925781, 3.680362701416016 ],
	"21" : [ 55.906932830810547, 5.939092636108398, 394.29681396484375, 120.232925415039062, 3.599092960357666 ],
	"22" : [ 363.712738037109375, 12.276442527770996, 891.94769287109375, 123.832015991210938, 7.511655330657959 ],
	"23" : [ 243.920364379882812, 8.112252235412598, 352.183563232421875, 131.343673706054688, 3.575872898101807 ],
	"24" : [ 11.074122428894043, 6.541531085968018, 198.994842529296875, 134.919540405273438, 3.517823219299316 ],
	"25" : [ 105.903793334960938, 8.198293685913086, 375.34832763671875, 138.437362670898438, 5.085170269012451 ],
	"26" : [ 11.347281455993652, 3.479259252548218, 191.913070678710938, 143.522537231445312, 3.506213188171387 ],
	"27" : [ 478.299774169921875, 4.461412906646729, 201.788345336914062, 147.02874755859375, 3.506213188171387 ],
	"28" : [ 267.428955078125, 17.479425430297852, 1302.5860595703125, 150.53497314453125, 8.544942855834961 ],
	"29" : [ 95.905746459960938, 15.257950782775879, 1368.264404296875, 159.079910278320312, 4.690430641174316 ],
	"3" : [ 25.152830123901367, 6.476607322692871, 350.122650146484375, 25.263311386108398, 3.889342308044434 ],
	"30" : [ 122.907905578613281, 6.338140964508057, 228.123764038085938, 163.770339965820312, 3.506213188171387 ],
	"31" : [ 211.482498168945312, 12.27867603302002, 676.424560546875, 167.27655029296875, 6.757006645202637 ],
	"32" : [ 153.237091064453125, 9.06403923034668, 404.394622802734375, 174.033554077148438, 3.506213188171387 ],
	"33" : [ 239.950454711914062, 13.352293968200684, 983.83831787109375, 177.539779663085938, 9.508571624755859 ],
	"34" : [ 6.134202480316162, 4.065174102783203, 223.873916625976562, 187.04833984375, 3.599092960357666 ],
	"35" : [ 6.438094615936279, 8.747968673706055, 350.60791015625, 190.647430419921875, 4.365351676940918 ],
	"36" : [ 169.727218627929688, 5.054789066314697, 369.703338623046875, 195.012786865234375, 3.541043043136597 ],
	"37" : [ 106.187942504882812, 5.75950813293457, 576.08880615234375, 198.5538330078125, 3.494603157043457 ],
	"38" : [ 208.05743408203125, 15.443328857421875, 752.14068603515625, 202.048431396484375, 5.131609916687012 ],
	"39" : [ 6.734698295593262, 9.050304412841797, 264.853118896484375, 207.180038452148438, 3.622313022613525 ],
	"4" : [ 26.613019943237305, 5.5267653465271, 861.15911865234375, 29.152652740478516, 3.575872898101807 ],
	"40" : [ 30.367242813110352, 5.286940097808838, 342.7799072265625, 210.802352905273438, 4.017052173614502 ],
	"41" : [ 19.211849212646484, 8.467540740966797, 417.04791259765625, 214.819412231445312, 3.517823219299316 ],
	"42" : [ 294.85595703125, 9.102938652038574, 1134.10986328125, 218.337234497070312, 11.075918197631836 ],
	"43" : [ 48.298667907714844, 6.215030670166016, 445.335968017578125, 229.41314697265625, 4.005442142486572 ],
	"44" : [ 182.893997192382812, 13.809266090393066, 523.2813720703125, 233.418594360351562, 9.369251251220703 ],
	"45" : [ 1.644592642784119, 4.418800354003906, 126.536880493164062, 242.787841796875, 3.610702991485596 ],
	"46" : [ 81.19451904296875, 4.273328304290771, 191.609588623046875, 246.398544311523438, 3.599092960357666 ],
	"47" : [ 123.398696899414062, 4.632297992706299, 165.183258056640625, 249.997634887695312, 3.645532846450806 ],
	"48" : [ 92.669677734375, 4.420748233795166, 318.57098388671875, 253.643173217773438, 3.808072566986084 ],
	"49" : [ 242.20361328125, 6.439450740814209, 294.3887939453125, 257.45123291015625, 5.154829978942871 ],
	"5" : [ 352.665283203125, 12.061692237854004, 1155.595947265625, 32.728527069091797, 18.239274978637695 ],
	"50" : [ 189.358505249023438, 9.710785865783691, 264.378143310546875, 262.6060791015625, 4.29569149017334 ],
	"51" : [ 0.932802557945251, 4.80136251449585, 278.85211181640625, 266.901763916015625, 3.750022649765015 ],
	"52" : [ 877.00592041015625, 8.335562705993652, 638.93560791015625, 270.65179443359375, 4.400181293487549 ],
	"53" : [ 109.390609741210938, 7.523128986358643, 509.7755126953125, 275.051971435546875, 4.1563720703125 ],
	"54" : [ 122.492805480957031, 5.848501682281494, 727.08502197265625, 279.208343505859375, 4.167981624603271 ],
	"55" : [ 2.927617788314819, 7.299467086791992, 351.78155517578125, 283.376312255859375, 3.912562370300293 ],
	"56" : [ 975.251220703125, 12.466390609741211, 714.20184326171875, 287.28887939453125, 3.552653074264526 ],
	"57" : [ 2.473381280899048, 7.542644023895264, 170.835174560546875, 290.841552734375, 3.691972732543945 ],
	"58" : [ 18.119604110717773, 4.40731143951416, 157.079666137695312, 294.53350830078125, 3.541043043136597 ],
	"59" : [ 205.424148559570312, 6.377697467803955, 181.152145385742188, 298.074554443359375, 3.587482929229736 ],
	"6" : [ 3.729682445526123, 4.893983840942383, 372.99212646484375, 50.967800140380859, 3.494603157043457 ],
	"60" : [ 89.027580261230469, 4.591119289398193, 199.196685791015625, 301.66204833984375, 3.494603157043457 ],
	"61" : [ 129.31573486328125, 5.169715404510498, 387.973297119140625, 305.156646728515625, 3.761632680892944 ],
	"62" : [ 253.183685302734375, 7.559680461883545, 585.7926025390625, 308.91827392578125, 5.305759429931641 ],
	"63" : [ 3.324339628219604, 5.402678966522217, 316.389007568359375, 314.224029541015625, 3.552653074264526 ],
	"64" : [ 10.192703247070312, 5.788218975067139, 173.630950927734375, 317.776702880859375, 3.610702991485596 ],
	"65" : [ 812.93841552734375, 6.054935455322266, 826.318359375, 321.38739013671875, 4.1563720703125 ],
	"66" : [ 8.93984317779541, 5.435249805450439, 304.9600830078125, 325.54376220703125, 3.575872898101807 ],
	"67" : [ 47.842365264892578, 6.472476482391357, 163.693023681640625, 329.11962890625, 3.924172401428223 ],
	"68" : [ 293.94464111328125, 16.054376602172852, 536.76702880859375, 333.0438232421875, 3.517823219299316 ],
	"69" : [ 583.04534912109375, 11.501314163208008, 422.088958740234375, 336.5616455078125, 4.469841480255127 ],
	"7" : [ 143.81793212890625, 5.791217803955078, 482.26702880859375, 54.46240234375, 3.494603157043457 ],
	"70" : [ 74.931404113769531, 4.635376930236816, 222.558746337890625, 341.031463623046875, 3.494603157043457 ],
	"71" : [ 34.240596771240234, 7.03459644317627, 97.491813659667969, 344.52606201171875, 3.587482929229736 ],
	"72" : [ 61.281414031982422, 11.435348510742188, 233.257598876953125, 348.113555908203125, 5.31736946105957 ],
	"8" : [ 240.703659057617188, 11.110214233398438, 1150.4227294921875, 57.957008361816406, 4.23764181137085 ],