{
	"0" : [ 662.551513671875, 8.008966445922852, 553.66265869140625, 1.764716506004333, 9.647891044616699 ],
	"1" : [ 1803.5318603515625, 4.037801265716553, 741.24200439453125, 11.41260814666748, 17.774875640869141 ],
	"10" : [ 42.148773193359375, 5.936676025390625, 925.59130859375, 92.067123413085938, 2.229115724563599 ],
	"11" : [ 6.558719158172607, 3.741220235824585, 195.390914916992188, 94.296234130859375, 2.380045413970947 ],
	"12" : [ 151.505905151367188, 6.462518215179443, 1130.60693359375, 96.676284790039062, 11.075918197631836 ],
	"13" : [ 1034.419677734375, 3.645368576049805, 656.2791748046875, 107.752197265625, 23.800453186035156 ],
	"14" : [ 102.942413330078125, 4.145848274230957, 834.26007080078125, 131.552658081054688, 4.539501190185547 ],
	"15" : [ 45.691669464111328, 4.788230419158936, 471.413299560546875, 136.092147827148438, 2.356825351715088 ],
	"16" : [ 47.596199035644531, 2.793233394622803, 257.434417724609375, 138.448974609375, 4.435011386871338 ],
	"17" : [ 706.25274658203125, 6.583930969238281, 750.80059814453125, 142.883987426757812, 14.419591903686523 ],
	"18" : [ 63.265041351318359, 4.483188629150391, 457.71148681640625, 157.3035888671875, 2.171065807342529 ],
	"19" : [ 175.770355224609375, 6.399788379669189, 783.57470703125, 159.474655151367188, 13.363083839416504 ],
	"2" : [ 2580.999755859375, 6.645555973052979, 1053.4971923828125, 29.187482833862305, 4.005442142486572 ],
	"20" : [ 377.599609375, 5.169349193572998, 738.3389892578125, 172.837738037109375, 7.383945465087891 ],
	"21" : [ 1224.3612060546875, 3.729253053665161, 725.4200439453125, 180.2216796875, 19.597640991210938 ],
	"22" : [ 556.73638916015625, 6.36272668838501, 631.59979248046875, 199.819320678710938, 2.182675838470459 ],
	"23" : [ 444.141204833984375, 10.183426856994629, 840.23980712890625, 202.001998901367188, 2.12462592124939 ],
	"24" : [ 27.599992752075195, 8.369897842407227, 324.15411376953125, 204.126617431640625, 2.13623571395874 ],
	"25" : [ 225.963577270507812, 6.8795485496521, 680.0845947265625, 206.262863159179688, 2.19428563117981 ],
	"26" : [ 329.261016845703125, 6.701960563659668, 530.346923828125, 208.457138061523438, 2.217505693435669 ],
	"27" : [ 34.853248596191406, 4.768224716186523, 325.1986083984375, 210.674652099609375, 2.13623571395874 ],
	"28" : [ 33.828647613525391, 3.428847074508667, 551.8218994140625, 212.810882568359375, 2.1594557762146 ],
	"29" : [ 31.827499389648438, 10.494226455688477, 688.63726806640625, 214.9703369140625, 2.12462592124939 ],
	"3" : [ 618.74554443359375, 4.52723503112793, 610.18450927734375, 33.192924499511719, 24.647981643676758 ],
	"30" : [ 43.862018585205078, 5.744404315948486, 420.4346923828125, 217.094970703125, 2.12462592124939 ],
	"31" : [ 424.23089599609375, 12.616142272949219, 536.988037109375, 219.219589233398438, 2.693514823913574 ],
	"32" : [ 64.746536254882812, 4.495713233947754, 242.575088500976562, 221.913101196289062, 2.14784574508667 ],
	"33" : [ 8.967267036437988, 6.786297798156738, 368.25335693359375, 224.060958862304688, 2.19428563117981 ],
	"34" : [ 349.889617919921875, 10.543785095214844, 472.5965576171875, 226.255233764648438, 2.275555610656738 ],
	"35" : [ 347.626495361328125, 11.789150238037109, 542.0555419921875, 228.530792236328125, 2.171065807342529 ],
	"36" : [ 299.054229736328125, 12.287117004394531, 854.96337890625, 230.701858520507812, 2.13623571395874 ],
	"37" : [ 172.293914794921875, 3.54970383644104, 891.1954345703125, 232.838088989257812, 27.666576385498047 ],
	"38" : [ 1.582201361656189, 12.927939414978027, 1115.2601318359375, 260.504669189453125, 3.332063436508179 ],
	"39" : [ 14.50672721862793, 6.786047458648682, 727.86407470703125, 263.83673095703125, 2.1594557762146 ],
	"4" : [ 648.39959716796875, 7.78110408782959, 516.1827392578125, 57.840908050537109, 2.739954710006714 ],
	"40" : [ 64.282142639160156, 12.210472106933594, 431.72412109375, 265.996185302734375, 2.12462592124939 ],
	"41" : [ 13.922635078430176, 18.504238128662109, 899.5216064453125, 268.120819091796875, 3.250793695449829 ],
	"42" : [ 19.722455978393555, 3.449701547622681, 424.758331298828125, 271.371612548828125, 2.13623571395874 ],
	"43" : [ 604.08233642578125, 5.144296646118164, 859.9073486328125, 273.507843017578125, 16.520998001098633 ],
	"44" : [ 209.041885375976562, 5.120762348175049, 552.9888916015625, 290.028839111328125, 2.12462592124939 ],
	"45" : [ 164.057723999023438, 13.418179512023926, 980.8958740234375, 292.153472900390625, 7.105306148529053 ],
	"46" : [ 81.261093139648438, 5.683140277862549, 431.35260009765625, 299.2587890625, 2.275555610656738 ],
	"47" : [ 1605.8997802734375, 17.700695037841797, 926.92535400390625, 301.534332275390625, 2.14784574508667 ],
	"48" : [ 37.766757965087891, 6.497140407562256, 435.831573486328125, 303.68218994140625, 2.1594557762146 ],
	"49" : [ 183.050994873046875, 4.016281127929688, 421.359283447265625, 305.841644287109375, 2.19428563117981 ],
	"5" : [ 803.67449951171875, 3.871453285217285, 764.12652587890625, 60.580860137939453, 10.901768684387207 ],
	"50" : [ 6.279090404510498, 4.844484806060791, 202.788162231445312, 308.035919189453125, 2.321995496749878 ],
	"51" : [ 111.20135498046875, 6.231460571289062, 791.1275634765625, 310.35791015625, 6.199728012084961 ],
	"52" : [ 243.461288452148438, 5.477556228637695, 600.523681640625, 316.557647705078125, 2.19428563117981 ],
	"53" : [ 279.67083740234375, 7.997625827789307, 420.23553466796875, 318.751922607421875, 2.13623571395874 ],
	"54" : [ 165.327713012695312, 13.520072937011719, 1089.638671875, 320.888153076171875, 8.115374565124512 ],
	"55" : [ 114.972442626953125, 3.981386661529541, 378.50726318359375, 329.0035400390625, 4.028662204742432 ],
	"56" : [ 693.32037353515625, 3.4810950756073, 712.37994384765625, 333.032196044921875, 10.599908828735352 ],
	"57" : [ 41.406307220458984, 9.043567657470703, 713.9349365234375, 343.632110595703125, 3.401723384857178 ],
	"6" : [ 1169.5428466796875, 5.784955978393555, 581.6522216796875, 71.482627868652344, 6.36226749420166 ],
	"7" : [ 338.676849365234375, 7.045979976654053, 436.7406005859375, 77.844894409179688, 3.19274377822876 ],
	"8" : [ 557.73699951171875, 4.706779003143311, 492.4693603515625, 81.037643432617188, 3.274013519287109 ],
	"9" : [ 730.739990234375, 6.07937479019165, 480.36376953125, 84.311653137207031, 7.755465030670166 ]
}
