{
	"0" : [ 180.155776977539062, 4.748251438140869, 94.382301330566406, 0.313469380140305, 0.371519267559052 ],
	"1" : [ 16.859182357788086, 1.369757652282715, 34.348258972167969, 0.684988677501678, 0.510838985443115 ],
	"2" : [ 20.642963409423828, 0.877255380153656, 35.858745574951172, 1.195827722549438, 0.417959183454514 ],
	"3" : [ 21.613525390625, 0.897060513496399, 33.969242095947266, 1.613786816596985, 0.383129239082336 ],
	"4" : [ 40.605194091796875, 0.958941400051117, 36.423637390136719, 1.996916055679321, 0.441179126501083 ],
	"5" : [ 263.81256103515625, 1.404734134674072, 24.687505722045898, 2.438095331192017, 0.49922901391983 ],
	"6" : [ 8.707260131835938, 1.124921202659607, 25.920528411865234, 2.937324285507202, 0.429569154977798 ],
	"7" : [ 66.906021118164062, 6.402975082397461, 407.46771240234375, 3.366893529891968, 0.603718817234039 ]
}
