{
	"0" : [ 519.79986572265625, 11.149175643920898, 972.53802490234375, 12.271745681762695, 30.116281509399414 ],
	"1" : [ 282.32269287109375, 22.293462753295898, 1244.2010498046875, 42.388027191162109, 6.048798084259033 ],
	"10" : [ 31.837545394897461, 1.796881914138794, 275.81072998046875, 95.735870361328125, 3.506213188171387 ],
	"11" : [ 101.019561767578125, 17.460765838623047, 1331.7203369140625, 99.242088317871094, 3.552653074264526 ],
	"12" : [ 1146.2730712890625, 22.947021484375, 1467.3704833984375, 102.79473876953125, 6.257777690887451 ],
	"13" : [ 1480.9781494140625, 8.799450874328613, 1455.0018310546875, 109.052520751953125, 3.564263105392456 ],
	"14" : [ 1084.5240478515625, 12.272567749023438, 1479.38818359375, 112.616783142089844, 3.610702991485596 ],
	"15" : [ 833.43646240234375, 11.901384353637695, 1181.1998291015625, 116.227485656738281, 3.645532846450806 ],
	"16" : [ 103.585929870605469, 7.832728385925293, 257.31280517578125, 119.873016357421875, 3.645532846450806 ],
	"17" : [ 1025.87451171875, 12.162521362304688, 1150.1107177734375, 123.518547058105469, 3.866122484207153 ],
	"18" : [ 215.428237915039062, 11.332396507263184, 360.118408203125, 127.384674072265625, 3.552653074264526 ],
	"19" : [ 195.86859130859375, 12.771171569824219, 673.26092529296875, 130.93731689453125, 3.819682598114014 ],
	"2" : [ 631.2593994140625, 15.455399513244629, 1072.5831298828125, 48.436824798583984, 10.007800102233887 ],
	"20" : [ 383.448211669921875, 12.623154640197754, 802.38592529296875, 134.757003784179688, 3.529433012008667 ],
	"21" : [ 1265.195556640625, 18.519245147705078, 1310.193603515625, 138.28643798828125, 4.806530475616455 ],
	"22" : [ 1690.932861328125, 18.679426193237305, 1549.21533203125, 143.092971801757812, 4.562721252441406 ],
	"23" : [ 1397.4276123046875, 15.444476127624512, 1247.0263671875, 147.655685424804688, 4.771700859069824 ],
	"24" : [ 1565.87890625, 21.243478775024414, 1206.27001953125, 152.427398681640625, 4.597550868988037 ],
	"25" : [ 1626.1300048828125, 13.446444511413574, 1122.2696533203125, 157.024948120117188, 5.886258602142334 ],
	"26" : [ 1892.400634765625, 16.999288558959961, 1302.5699462890625, 162.911209106445312, 3.622313022613525 ],
	"27" : [ 1767.4493408203125, 20.829504013061523, 1605.4700927734375, 166.53350830078125, 3.517823219299316 ],
	"28" : [ 2019.3150634765625, 20.114322662353516, 1597.7789306640625, 170.05133056640625, 3.494603157043457 ],
	"29" : [ 1417.3875732421875, 15.909340858459473, 1067.6748046875, 173.545944213867188, 4.28408145904541 ],
	"3" : [ 683.83856201171875, 14.368191719055176, 991.2081298828125, 58.444625854492188, 12.840635299682617 ],
	"30" : [ 1992.0826416015625, 19.084781646728516, 1467.69287109375, 177.83001708984375, 3.564263105392456 ],
	"31" : [ 1826.7437744140625, 16.366630554199219, 1563.8798828125, 181.394287109375, 3.680362701416016 ],
	"32" : [ 617.2689208984375, 17.25389289855957, 855.250732421875, 185.07464599609375, 3.494603157043457 ],
	"33" : [ 1655.9605712890625, 18.97413444519043, 1515.27734375, 188.569244384765625, 3.529433012008667 ],
	"4" : [ 674.35845947265625, 4.835403442382812, 1288.6280517578125, 71.285263061523438, 3.691972732543945 ],
	"5" : [ 1258.9171142578125, 17.150793075561523, 1050.8013916015625, 74.97723388671875, 6.559637069702148 ],
	"6" : [ 186.118682861328125, 5.087092876434326, 208.968399047851562, 81.536872863769531, 3.506213188171387 ],
	"7" : [ 39.816352844238281, 2.026307582855225, 103.023826599121094, 85.043083190917969, 3.541043043136597 ],
	"8" : [ 0.965091466903687, 0.807812571525574, 117.372398376464844, 88.584129333496094, 3.633922815322876 ],
	"9" : [ 597.43572998046875, 24.389902114868164, 1077.909423828125, 92.218048095703125, 3.517823219299316 ]
}
