{
	"0" : [ 3.481807231903076, 2.864615440368652, 127.079132080078125, 2.020136117935181, 2.600634813308716 ],
	"1" : [ 18.265832901000977, 2.534579038619995, 127.833984375, 4.620770931243896, 2.542585134506226 ],
	"10" : [ 117.226646423339844, 16.588905334472656, 2377.8740234375, 36.048980712890625, 10.344490051269531 ],
	"11" : [ 29.126493453979492, 4.855616569519043, 297.697174072265625, 46.393470764160156, 2.600634813308716 ],
	"12" : [ 27.581859588623047, 5.39442777633667, 153.559463500976562, 48.994102478027344, 2.670294761657715 ],
	"13" : [ 122.577651977539062, 17.244802474975586, 2265.708984375, 51.664398193359375, 9.380861282348633 ],
	"14" : [ 1.996809720993042, 10.60499382019043, 683.97662353515625, 61.045261383056641, 3.076643943786621 ],
	"15" : [ 17.425678253173828, 4.471218585968018, 91.386161804199219, 64.121902465820312, 2.438095331192017 ],
	"16" : [ 30.425012588500977, 2.771669387817383, 110.286911010742188, 66.55999755859375, 2.461315155029297 ],
	"17" : [ 25.132108688354492, 3.748009204864502, 85.259727478027344, 69.021316528320312, 2.496145009994507 ],
	"18" : [ 77.136589050292969, 5.099894523620605, 1605.767822265625, 71.517463684082031, 8.45206356048584 ],
	"19" : [ 12.287198066711426, 3.513934850692749, 118.637748718261719, 79.969520568847656, 2.438095331192017 ],
	"2" : [ 45.66778564453125, 9.474217414855957, 208.602813720703125, 7.163355827331543, 3.041814088821411 ],
	"20" : [ 24.472499847412109, 8.233515739440918, 366.273162841796875, 82.407615661621094, 3.006984233856201 ],
	"21" : [ 21.66023063659668, 3.910635709762573, 181.90667724609375, 85.414604187011719, 2.449705123901367 ],
	"22" : [ 32.165718078613281, 3.773316860198975, 86.53546142578125, 87.864311218261719, 2.449705123901367 ],
	"23" : [ 119.388404846191406, 13.90242862701416, 2173.601318359375, 90.314010620117188, 7.918004512786865 ],
	"24" : [ 3.841159820556641, 2.598167419433594, 116.753509521484375, 98.232017517089844, 2.461315155029297 ],
	"25" : [ 20.40861701965332, 3.905054330825806, 120.849998474121094, 100.693336486816406, 2.438095331192017 ],
	"26" : [ 12.705183029174805, 3.892228126525879, 92.149154663085938, 103.131431579589844, 2.449705123901367 ],
	"27" : [ 120.50897216796875, 18.243989944458008, 2654.705810546875, 105.581130981445312, 9.659501075744629 ],
	"28" : [ 43.683723449707031, 4.338333606719971, 152.44024658203125, 115.240638732910156, 2.519365072250366 ],
	"29" : [ 110.938453674316406, 14.278427124023438, 1415.0386962890625, 117.760002136230469, 4.318911552429199 ],
	"3" : [ 76.641380310058594, 3.29088830947876, 1050.6080322265625, 10.205169677734375, 7.430385589599609 ],
	"30" : [ 113.13134765625, 6.487521648406982, 99.49517822265625, 122.078910827636719, 3.285623550415039 ],
	"31" : [ 121.478324890136719, 12.503069877624512, 1249.4075927734375, 125.364532470703125, 2.507755041122437 ],
	"32" : [ 100.773818969726562, 4.54807186126709, 96.214767456054688, 127.872291564941406, 2.519365072250366 ],
	"33" : [ 88.65594482421875, 5.341305255889893, 173.41046142578125, 130.39166259765625, 2.589025020599365 ],
	"34" : [ 125.452713012695312, 15.382807731628418, 2226.9814453125, 132.980682373046875, 6.571247100830078 ],
	"35" : [ 1.906204462051392, 3.569943428039551, 144.640167236328125, 139.551925659179688, 2.496145009994507 ],
	"36" : [ 3.920721054077148, 2.626983880996704, 90.232955932617188, 142.048065185546875, 2.438095331192017 ],
	"37" : [ 15.565568923950195, 3.582752227783203, 99.405288696289062, 144.486160278320312, 2.449705123901367 ],
	"38" : [ 122.001174926757812, 14.975732803344727, 1687.529052734375, 146.935867309570312, 4.551111221313477 ],
	"39" : [ 1.583048343658447, 5.020561218261719, 224.7803955078125, 151.486984252929688, 2.449705123901367 ],
	"4" : [ 2.277391195297241, 2.834260225296021, 102.161636352539062, 17.635555267333984, 2.739954710006714 ],
	"40" : [ 18.170625686645508, 2.299334049224854, 76.207794189453125, 153.936691284179688, 2.449705123901367 ],
	"41" : [ 31.87327766418457, 3.509586095809937, 91.515548706054688, 156.386398315429688, 2.449705123901367 ],
	"42" : [ 126.368385314941406, 15.712625503540039, 1493.44140625, 158.836105346679688, 4.736870765686035 ],
	"43" : [ 22.728111267089844, 3.459769725799561, 87.421127319335938, 163.572967529296875, 2.589025020599365 ],
	"44" : [ 95.678146362304688, 3.576372385025024, 70.546501159667969, 166.162002563476562, 2.530975103378296 ],
	"45" : [ 120.674774169921875, 10.581240653991699, 259.832611083984375, 168.692977905273438, 3.343673467636108 ],
	"46" : [ 96.591514587402344, 4.989992141723633, 68.313560485839844, 172.036651611328125, 2.496145009994507 ],
	"47" : [ 95.985877990722656, 10.734781265258789, 951.31671142578125, 174.532791137695312, 2.647074937820435 ],
	"48" : [ 104.781005859375, 4.236850261688232, 127.644340515136719, 177.17987060546875, 2.461315155029297 ],
	"49" : [ 177.273788452148438, 13.738804817199707, 1610.7354736328125, 179.64117431640625, 5.700499057769775 ],
	"5" : [ 6.492828369140625, 2.38415002822876, 92.408828735351562, 20.375509262084961, 2.472925186157227 ],
	"50" : [ 183.659255981445312, 3.966774463653564, 329.15032958984375, 185.3416748046875, 2.449705123901367 ],
	"51" : [ 4.324563026428223, 15.613988876342773, 639.38128662109375, 187.7913818359375, 3.703582763671875 ],
	"52" : [ 70.824653625488281, 7.601019859313965, 249.119720458984375, 191.494964599609375, 2.519365072250366 ],
	"53" : [ 105.581405639648438, 3.950625419616699, 236.428909301757812, 194.014328002929688, 2.623854875564575 ],
	"54" : [ 3.126291036605835, 4.693265914916992, 246.529617309570312, 196.63818359375, 2.519365072250366 ],
	"55" : [ 372.9688720703125, 16.832313537597656, 1320.2421875, 199.157546997070312, 3.912562370300293 ],
	"56" : [ 100.164115905761719, 7.934050559997559, 232.305679321289062, 203.070114135742188, 2.774784564971924 ],
	"57" : [ 4.826398849487305, 4.274868488311768, 126.148109436035156, 205.844894409179688, 2.461315155029297 ],
	"58" : [ 5.08713960647583, 4.511101722717285, 73.617454528808594, 208.30621337890625, 2.472925186157227 ],
	"59" : [ 4.872896194458008, 6.199686050415039, 317.0399169921875, 210.779144287109375, 2.890884399414062 ],
	"6" : [ 34.933120727539062, 2.842550277709961, 71.578506469726562, 22.848434448242188, 2.565804958343506 ],
	"60" : [ 189.035064697265625, 12.002650260925293, 1372.28759765625, 213.670028686523438, 3.819682598114014 ],
	"61" : [ 7.566014289855957, 6.994399070739746, 94.874397277832031, 217.489700317382812, 2.496145009994507 ],
	"62" : [ 2.732988834381104, 6.744186401367188, 122.15185546875, 219.985855102539062, 2.484535217285156 ],
	"63" : [ 138.5367431640625, 13.397438049316406, 1867.108154296875, 222.470382690429688, 5.491519451141357 ],
	"64" : [ 1.703742504119873, 3.574855089187622, 135.129165649414062, 227.961898803710938, 2.565804958343506 ],
	"65" : [ 7.92809009552002, 2.15717601776123, 105.581893920898438, 230.5277099609375, 2.647074937820435 ],
	"66" : [ 33.001392364501953, 5.349318027496338, 149.304840087890625, 233.174789428710938, 2.647074937820435 ],
	"67" : [ 115.145027160644531, 15.037081718444824, 2253.133544921875, 235.821853637695312, 7.581315040588379 ],
	"68" : [ 2.119998455047607, 5.15666389465332, 212.8646240234375, 243.403167724609375, 2.530975103378296 ],
	"69" : [ 3.619263410568237, 2.262901067733765, 80.873420715332031, 245.93414306640625, 2.449705123901367 ],
	"7" : [ 116.712104797363281, 15.022761344909668, 1736.2164306640625, 25.414239883422852, 5.688889026641846 ],
	"70" : [ 43.577228546142578, 3.436842441558838, 133.458511352539062, 248.38385009765625, 2.496145009994507 ],
	"8" : [ 2.185816764831543, 3.630217552185059, 190.245498657226562, 31.103128433227539, 2.461315155029297 ],
	"9" : [ 33.960933685302734, 3.458287715911865, 99.69537353515625, 33.564445495605469, 2.484535217285156 ]
}
