{
	"0" : [ 161.948959350585938, 2.357751607894897, 345.008819580078125, 0.963628113269806, 1.660226702690125 ],
	"1" : [ 81.149063110351562, 11.871585845947266, 296.314971923828125, 2.623854875564575, 1.648616790771484 ],
	"10" : [ 201.010772705078125, 2.685297012329102, 201.241867065429688, 19.609251022338867, 1.741496562957764 ],
	"11" : [ 326.106781005859375, 10.804737091064453, 575.25341796875, 21.350748062133789, 1.729886651039124 ],
	"12" : [ 286.161865234375, 11.536067962646484, 417.592437744140625, 23.080635070800781, 1.671836733818054 ],
	"13" : [ 7.188538074493408, 1.504775524139404, 165.57293701171875, 24.752471923828125, 1.729886651039124 ],
	"14" : [ 1.600538849830627, 3.636924028396606, 210.901473999023438, 26.482358932495117, 1.729886651039124 ],
	"15" : [ 343.7135009765625, 15.743313789367676, 630.6580810546875, 28.212244033813477, 1.695056676864624 ],
	"16" : [ 374.28326416015625, 10.922629356384277, 881.9388427734375, 29.90730094909668, 7.47682523727417 ],
	"17" : [ 84.935379028320312, 2.287129878997803, 210.204940795898438, 37.384128570556641, 1.660226702690125 ],
	"18" : [ 341.358795166015625, 7.163391590118408, 205.737945556640625, 39.044353485107422, 2.19428563117981 ],
	"19" : [ 3.298666715621948, 4.553032875061035, 319.522430419921875, 41.238639831542969, 1.683446764945984 ],
	"2" : [ 168.814254760742188, 7.300662994384766, 201.978622436523438, 4.27247142791748, 1.660226702690125 ],
	"20" : [ 121.26385498046875, 12.649192810058594, 403.15234375, 42.922084808349609, 1.637006759643555 ],
	"21" : [ 152.13525390625, 5.810866832733154, 503.65576171875, 44.559093475341797, 1.857596397399902 ],
	"22" : [ 170.305160522460938, 10.722394943237305, 569.93695068359375, 46.416690826416016, 1.892426252365112 ],
	"23" : [ 10.13900089263916, 1.972218990325928, 126.176612854003906, 48.309116363525391, 1.637006759643555 ],
	"3" : [ 33.864772796630859, 5.346479892730713, 254.4609375, 5.932698249816895, 1.741496562957764 ],
	"4" : [ 874.85174560546875, 21.206571578979492, 1146.391845703125, 7.674194812774658, 3.494603157043457 ],
	"5" : [ 139.134750366210938, 2.715701818466187, 299.326080322265625, 11.168798446655273, 1.671836733818054 ],
	"6" : [ 103.978065490722656, 4.708498001098633, 307.497314453125, 12.840635299682617, 1.695056676864624 ],
	"7" : [ 256.894012451171875, 3.162317037582397, 322.392578125, 14.535691261291504, 1.683446764945984 ],
	"8" : [ 99.276763916015625, 4.722420692443848, 370.20166015625, 16.219139099121094, 1.753106594085693 ],
	"9" : [ 170.496047973632812, 3.561321258544922, 233.910934448242188, 17.972244262695312, 1.637006759643555 ]
}
