{
	"0" : [ 0.053144329476557, 0.732061667125363, 0.21624222983842, 0.0, 0.026785691366448 ],
	"1" : [ 0.025194778874478, 0.573252826998385, 0.19624507476052, 0.016393442967879, 0.121428545758993 ],
	"10" : [ 0.051955426732509, 0.80260391221495, 0.258026813518419, 0.170712490147802, 0.044642843391297 ],
	"11" : [ 0.043838324510456, 0.638523524955289, 0.360353687774941, 0.187500006474043, 0.00178572253665 ],
	"12" : [ 0.061869536716781, 0.818190183518129, 0.15963754190125, 0.20334174285579, 0.00178572253665 ],
	"13" : [ 0.058397569831245, 0.71727525825768, 0.311064263771026, 0.219183479237538, 0.014285706951549 ],
	"14" : [ 0.042299508730977, 0.799451606029582, 0.218126070013599, 0.235301074577139, 0.005357094268299 ],
	"15" : [ 0.022074455700728, 0.803619915036068, 0.143257142634191, 0.251221625954261, 0.032142858976398 ],
	"16" : [ 0.0, 0.53363645916976, 0.092816294570279, 0.267733309218819, 0.024999968829798 ],
	"17" : [ 0.024820550075967, 0.865258438659649, 0.193495214335636, 0.284087336596458, 0.0035714450733 ],
	"18" : [ 0.024385124369783, 0.753491964168727, 0.117405052548103, 0.29996847400185, 0.0 ],
	"19" : [ 0.013844164368595, 0.710630383815124, 0.131763668288209, 0.315770809359953, 0.030357136439748 ],
	"2" : [ 0.053861193840397, 0.509552117966197, 0.269077888256842, 0.034875473602117, 0.0 ],
	"20" : [ 0.037531730285011, 0.786800514259274, 0.086254759966352, 0.332243078652782, 0.0 ],
	"21" : [ 0.04735125233443, 0.935429600837577, 0.019902275722543, 0.348045414010885, 0.00178572253665 ],
	"22" : [ 0.040643064488774, 0.965325273034423, 0.023612032992199, 0.363887137444547, 0.00178572253665 ],
	"23" : [ 0.046710691141959, 0.846670907942984, 0.079309642203825, 0.37972888677438, 0.010714261878249 ],
	"24" : [ 0.042043819277482, 0.476927889146759, 0.309682423628591, 0.395767654170521, 0.017857152024849 ],
	"25" : [ 0.007865492562404, 0.663442247934967, 0.0, 0.411964077453582, 0.019642874561499 ],
	"26" : [ 0.004265057714868, 0.550299635273578, 0.019627610563347, 0.428199888812202, 0.230357107103088 ],
	"27" : [ 0.012958997721888, 0.684457967697491, 0.169249746784795, 0.449085746053657, 0.0 ],
	"28" : [ 0.020439690457076, 0.865479214499583, 0.097829348503723, 0.46488810730793, 0.0 ],
	"29" : [ 0.035894184453309, 0.817524650630986, 0.207665019429301, 0.480690416769863, 0.0035714450733 ],
	"3" : [ 0.040467436794633, 0.643610147048939, 0.239799986150969, 0.050677805723199, 0.382142862643481 ],
	"30" : [ 0.043775214749969, 0.639593427261117, 0.262541349732123, 0.496571554175255, 0.0 ],
	"31" : [ 0.059333697945132, 0.410734489215098, 0.466907397202211, 0.512373915429529, 0.014285706951549 ],
	"32" : [ 1.0, 0.0, 0.470578593780749, 0.528491484872959, 0.035714230708047 ],
	"33" : [ 0.050007308392158, 0.556456307613088, 0.20608970124708, 0.545081970184806, 0.008928539341599 ],
	"34" : [ 0.66279122207281, 0.058641653097689, 0.36557960036976, 0.561081349505388, 0.473214271962726 ],
	"35" : [ 0.36168828408478, 0.031117213034681, 0.509524271922191, 0.587326600536134, 0.733928515505562 ],
	"36" : [ 0.418407256057656, 0.035231622556456, 0.502584222657124, 0.619325359177297, 0.18571426371179 ],
	"37" : [ 0.115802867640591, 0.108514407411164, 0.442964690330667, 0.6392260483987, 0.026785691366448 ],
	"38" : [ 0.058753226219233, 0.367822707877565, 0.294509602997721, 0.655619515644239, 0.162499944076991 ],
	"39" : [ 0.016586370714682, 0.754488438905723, 0.186578903141415, 0.675007875025495, 0.00178572253665 ],
	"4" : [ 0.047235397695116, 0.873834670209863, 0.247860647387148, 0.074913303505088, 0.005357094268299 ],
	"40" : [ 0.021187663848248, 0.738436107190837, 0.162167414950704, 0.690849650251498, 0.008928539341599 ],
	"41" : [ 0.018816929683209, 0.717314117172548, 0.101582734961959, 0.70684902957208, 0.007142816804949 ],
	"42" : [ 0.022566485550188, 0.8898795062965, 0.13537046942418, 0.722808994920932, 0.019642874561499 ],
	"43" : [ 0.489839680929247, 0.066700932865455, 0.313730111115685, 0.739044806279552, 1.0 ],
	"44" : [ 0.057420720484785, 0.770663511533183, 0.238132632806211, 0.776915210861641, 0.00178572253665 ],
	"45" : [ 0.051039270911404, 0.759122512443852, 0.45814480376364, 0.792756934295304, 0.021428523756498 ],
	"46" : [ 0.09705976736421, 0.702283064806561, 0.53499431033812, 0.809032159625653, 0.017857152024849 ],
	"47" : [ 0.124196571255917, 0.643408208906315, 0.595314608018633, 0.825228608804884, 0.0 ],
	"48" : [ 0.188220723328656, 0.724950485704382, 0.715119739970765, 0.841030918266817, 0.005357094268299 ],
	"49" : [ 0.242571036989295, 0.658411054039683, 0.644238954349283, 0.856951469643939, 0.007142816804949 ],
	"5" : [ 0.064551481008073, 0.760829197957422, 0.1889229920573, 0.090833861356253, 0.024999968829798 ],
	"50" : [ 0.172674551426787, 0.687496310745471, 0.632752353469283, 0.872911434992791, 0.0 ],
	"51" : [ 0.150362959506617, 0.684644125570118, 0.578040001821742, 0.888713796247065, 0.014285706951549 ],
	"52" : [ 0.145087455271065, 0.815200068920329, 0.720855674680642, 0.904831365690495, 0.0 ],
	"53" : [ 0.387498047535792, 0.725966537838844, 0.959976810347874, 0.920633726944769, 0.0 ],
	"54" : [ 0.183700004924997, 0.809505462611683, 0.751880494602214, 0.93643598461436, 0.0 ],
	"55" : [ 0.298857234402868, 0.906566352805315, 0.792208888022342, 0.952238345868634, 0.010714261878249 ],
	"56" : [ 0.199314732704636, 1.0, 0.811639027736751, 0.968277087368604, 0.0035714450733 ],
	"57" : [ 0.145663401350208, 0.698963783639282, 0.813759118236049, 0.984158276566338, 0.00178572253665 ],
	"58" : [ 0.120042200121885, 0.90658657127625, 1.0, 1.0, 0.016071429488199 ],
	"6" : [ 0.039722498079728, 0.912879792264581, 0.201299168937797, 0.107187895207934, 0.007142816804949 ],
	"7" : [ 0.064954522451717, 0.810036172817035, 0.234913152389919, 0.123147854082744, 0.0035714450733 ],
	"8" : [ 0.070819559294916, 0.884132331963425, 0.205376793377523, 0.139029004436221, 0.0035714450733 ],
	"9" : [ 0.047448448269108, 0.522706748289456, 0.161207426945905, 0.154910154789699, 0.0 ]
}
