{
	"0" : [ 519.79986572265625, 11.149175643920898, 972.53802490234375, 23866214400.0, 58570444800.0 ],
	"1" : [ 282.32269287109375, 22.293462753295898, 1244.2010498046875, 82436661248.0, 11763763200.0 ],
	"10" : [ 31.837545394897461, 1.796881914138794, 275.81072998046875, 186188087296.0, 6818918400.0 ],
	"11" : [ 101.019561767578125, 17.460765838623047, 1331.7203369140625, 193006993408.0, 6909235200.0 ],
	"12" : [ 1146.2730712890625, 22.947021484375, 1467.3704833984375, 199916240896.0, 12170188800.0 ],
	"13" : [ 1480.9781494140625, 8.799450874328613, 1455.0018310546875, 212086423552.0, 6931814400.0 ],
	"14" : [ 1084.5240478515625, 12.272567749023438, 1479.38818359375, 219018231808.0, 7022131200.0 ],
	"15" : [ 833.43646240234375, 11.901384353637695, 1181.1998291015625, 226040365056.0, 7089868800.0 ],
	"16" : [ 103.585929870605469, 7.832728385925293, 257.31280517578125, 233130246144.0, 7089868800.0 ],
	"17" : [ 1025.87451171875, 12.162521362304688, 1150.1107177734375, 240220110848.0, 7518873600.0 ],
	"18" : [ 215.428237915039062, 11.332396507263184, 360.118408203125, 247738990592.0, 6909235200.0 ],
	"19" : [ 195.86859130859375, 12.771171569824219, 673.26092529296875, 254648221696.0, 7428556800.0 ],
	"2" : [ 631.2593994140625, 15.455399513244629, 1072.5831298828125, 94200422400.0, 19463270400.0 ],
	"20" : [ 383.448211669921875, 12.623154640197754, 802.38592529296875, 262076776448.0, 6864076800.0 ],
	"21" : [ 1265.195556640625, 18.519245147705078, 1310.193603515625, 268940853248.0, 9347788800.0 ],
	"22" : [ 1690.932861328125, 18.679426193237305, 1549.21533203125, 278288629760.0, 8873625600.0 ],
	"23" : [ 1397.4276123046875, 15.444476127624512, 1247.0263671875, 287162269696.0, 9280051200.0 ],
	"24" : [ 1565.87890625, 21.243478775024414, 1206.27001953125, 296442331136.0, 8941363200.0 ],
	"25" : [ 1626.1300048828125, 13.446444511413574, 1122.2696533203125, 305383669760.0, 11447654400.0 ],
	"26" : [ 1892.400634765625, 16.999288558959961, 1302.5699462890625, 316831334400.0, 7044710400.0 ],
	"27" : [ 1767.4493408203125, 20.829504013061523, 1605.4700927734375, 323876028416.0, 6841497600.0 ],
	"28" : [ 2019.3150634765625, 20.114322662353516, 1597.7789306640625, 330717528064.0, 6796339200.0 ],
	"29" : [ 1417.3875732421875, 15.909340858459473, 1067.6748046875, 337513873408.0, 8331724800.0 ],
	"3" : [ 683.83856201171875, 14.368191719055176, 991.2081298828125, 113663688704.0, 24972595200.0 ],
	"30" : [ 1992.0826416015625, 19.084781646728516, 1467.69287109375, 345845596160.0, 6931814400.0 ],
	"31" : [ 1826.7437744140625, 16.366630554199219, 1563.8798828125, 352777404416.0, 7157606400.0 ],
	"32" : [ 617.2689208984375, 17.25389289855957, 855.250732421875, 359935016960.0, 6796339200.0 ],
	"33" : [ 1655.9605712890625, 18.97413444519043, 1515.27734375, 366731362304.0, 6864076800.0 ],
	"4" : [ 674.35845947265625, 4.835403442382812, 1288.6280517578125, 138636296192.0, 7180185600.0 ],
	"5" : [ 1258.9171142578125, 17.150793075561523, 1050.8013916015625, 145816469504.0, 12757248000.0 ],
	"6" : [ 186.118682861328125, 5.087092876434326, 208.968399047851562, 158573723648.0, 6818918400.0 ],
	"7" : [ 39.816352844238281, 2.026307582855225, 103.023826599121094, 165392646144.0, 6886656000.0 ],
	"8" : [ 0.965091466903687, 0.807812571525574, 117.372398376464844, 172279300096.0, 7067289600.0 ],
	"9" : [ 597.43572998046875, 24.389902114868164, 1077.909423828125, 179346587648.0, 6841497600.0 ]
}
