{
	"0" : [ 1.767399668693542, 3.865706205368042, 135.081649780273438, 8.788752555847168, 7.558095455169678 ],
	"1" : [ 40.062175750732422, 3.17397928237915, 222.310714721679688, 16.346847534179688, 3.633922815322876 ],
	"10" : [ 8.275118827819824, 6.249887943267822, 73.63751220703125, 66.536781311035156, 3.529433012008667 ],
	"11" : [ 119.345977783203125, 5.647433757781982, 193.777069091796875, 70.066215515136719, 3.506213188171387 ],
	"12" : [ 13.910043716430664, 6.524057865142822, 282.586578369140625, 73.572425842285156, 3.668752908706665 ],
	"13" : [ 5.333382606506348, 16.333541870117188, 1912.5970458984375, 77.241180419921875, 4.400181293487549 ],
	"14" : [ 6.836648941040039, 3.393694400787354, 208.391983032226562, 81.641357421875, 3.494603157043457 ],
	"15" : [ 23.409061431884766, 3.169620752334595, 140.228179931640625, 85.135963439941406, 3.552653074264526 ],
	"16" : [ 13.386226654052734, 16.530717849731445, 2161.237548828125, 88.688613891601562, 4.736870765686035 ],
	"17" : [ 24.533777236938477, 16.110296249389648, 2391.943603515625, 93.425491333007812, 6.629297256469727 ],
	"18" : [ 78.926033020019531, 5.364196300506592, 303.51690673828125, 100.054786682128906, 3.552653074264526 ],
	"19" : [ 205.98828125, 11.195976257324219, 2170.618896484375, 103.607437133789062, 4.736870765686035 ],
	"2" : [ 286.706268310546875, 16.754327774047852, 2471.244873046875, 19.980770111083984, 5.549569129943848 ],
	"20" : [ 72.746170043945312, 5.495094299316406, 284.540618896484375, 108.344306945800781, 3.610702991485596 ],
	"21" : [ 174.677337646484375, 10.528802871704102, 2321.059326171875, 111.955009460449219, 4.678821086883545 ],
	"22" : [ 1.055976271629333, 6.782810688018799, 806.13409423828125, 116.633834838867188, 4.748480796813965 ],
	"23" : [ 36.951671600341797, 15.247237205505371, 2495.774658203125, 121.382316589355469, 9.578230857849121 ],
	"24" : [ 31.577522277832031, 5.110844612121582, 237.994155883789062, 130.960540771484375, 3.900952339172363 ],
	"25" : [ 2.396637201309204, 3.62675666809082, 432.0462646484375, 134.861495971679688, 3.575872898101807 ],
	"26" : [ 2.333825826644897, 12.792843818664551, 2173.7529296875, 138.437362670898438, 8.870022773742676 ],
	"27" : [ 37.224815368652344, 7.257916450500488, 318.969207763671875, 147.307388305664062, 3.517823219299316 ],
	"28" : [ 59.314239501953125, 4.952926158905029, 655.48321533203125, 150.825210571289062, 3.506213188171387 ],
	"29" : [ 14.067216873168945, 5.352434158325195, 350.5826416015625, 154.331436157226562, 3.564263105392456 ],
	"3" : [ 6.56516170501709, 4.431753635406494, 194.044143676757812, 25.530340194702148, 9.404081344604492 ],
	"30" : [ 22.676918029785156, 20.271757125854492, 2071.66015625, 157.89569091796875, 5.932698249816895 ],
	"31" : [ 151.745132446289062, 6.057031631469727, 303.598846435546875, 163.828384399414062, 3.552653074264526 ],
	"32" : [ 305.9818115234375, 8.746463775634766, 497.1629638671875, 167.38104248046875, 3.506213188171387 ],
	"33" : [ 25.548860549926758, 5.800544261932373, 680.78057861328125, 170.887252807617188, 3.494603157043457 ],
	"34" : [ 8.548988342285156, 10.308242797851562, 607.6116943359375, 174.381866455078125, 4.655601024627686 ],
	"35" : [ 78.899971008300781, 5.078352451324463, 182.263702392578125, 179.037460327148438, 3.587482929229736 ],
	"36" : [ 141.6070556640625, 7.868687152862549, 232.95062255859375, 182.62493896484375, 3.587482929229736 ],
	"37" : [ 48.093368530273438, 9.493117332458496, 696.8817138671875, 186.212432861328125, 3.529433012008667 ],
	"38" : [ 62.198337554931641, 4.557348251342773, 184.276077270507812, 189.741851806640625, 3.599092960357666 ],
	"39" : [ 34.636646270751953, 18.405252456665039, 2834.845458984375, 193.340957641601562, 6.571247100830078 ],
	"4" : [ 10.448664665222168, 4.149506568908691, 153.8187255859375, 34.934421539306641, 3.912562370300293 ],
	"40" : [ 2.445425033569336, 5.586464405059814, 133.561920166015625, 199.912200927734375, 3.924172401428223 ],
	"41" : [ 22.557558059692383, 17.36085319519043, 3253.879638671875, 203.83636474609375, 9.264761924743652 ],
	"42" : [ 21.126672744750977, 12.561615943908691, 348.51824951171875, 213.10113525390625, 8.196643829345703 ],
	"43" : [ 24.38224983215332, 16.925958633422852, 2987.8955078125, 221.297775268554688, 7.360725402832031 ],
	"44" : [ 73.918693542480469, 4.64555549621582, 254.592803955078125, 228.65850830078125, 3.529433012008667 ],
	"45" : [ 140.153091430664062, 14.498510360717773, 2631.0361328125, 232.187942504882812, 3.982222318649292 ],
	"46" : [ 152.769210815429688, 17.297792434692383, 2686.18994140625, 236.170166015625, 7.34911584854126 ],
	"47" : [ 2.409419298171997, 2.222808837890625, 280.130126953125, 243.519271850585938, 3.622313022613525 ],
	"48" : [ 2.408067941665649, 15.609915733337402, 3054.629638671875, 247.141586303710938, 8.010884284973145 ],
	"49" : [ 38.525409698486328, 5.636250495910645, 216.825241088867188, 255.1524658203125, 4.330521583557129 ],
	"5" : [ 49.922523498535156, 15.84795093536377, 2686.860107421875, 38.84698486328125, 11.366168022155762 ],
	"50" : [ 90.006546020507812, 9.462451934814453, 236.2891845703125, 259.483001708984375, 7.511655330657959 ],
	"51" : [ 9.716728210449219, 14.38731575012207, 532.37066650390625, 266.994659423828125, 4.423401355743408 ],
	"52" : [ 2.206896066665649, 13.84881591796875, 702.2601318359375, 271.418060302734375, 4.794920444488525 ],
	"53" : [ 8.890499114990234, 5.346646308898926, 351.85687255859375, 276.212982177734375, 11.865396499633789 ],
	"54" : [ 15.449461936950684, 15.835516929626465, 3074.45458984375, 288.078369140625, 6.130067825317383 ],
	"55" : [ 7.247205257415771, 6.599109649658203, 341.567596435546875, 294.20843505859375, 9.752381324768066 ],
	"56" : [ 5.184159755706787, 13.376372337341309, 1215.9476318359375, 303.9608154296875, 5.027120113372803 ],
	"57" : [ 38.145004272460938, 14.40211009979248, 1851.82177734375, 308.987945556640625, 7.558095455169678 ],
	"58" : [ 23.882720947265625, 13.409934997558594, 2130.766845703125, 316.5460205078125, 3.819682598114014 ],
	"59" : [ 88.50677490234375, 9.2283935546875, 578.71453857421875, 320.36572265625, 4.063492298126221 ],
	"6" : [ 3.228349447250366, 3.717869281768799, 416.27032470703125, 50.213150024414062, 5.3289794921875 ],
	"60" : [ 66.692001342773438, 5.912828922271729, 196.006622314453125, 324.42919921875, 3.494603157043457 ],
	"61" : [ 51.864604949951172, 7.030486583709717, 386.39813232421875, 327.923797607421875, 3.529433012008667 ],
	"62" : [ 209.486007690429688, 8.053954124450684, 345.904205322265625, 331.4532470703125, 3.517823219299316 ],
	"63" : [ 203.382553100585938, 5.047367095947266, 313.966339111328125, 334.9710693359375, 3.866122484207153 ],
	"64" : [ 173.773605346679688, 3.603703737258911, 166.815933227539062, 338.837188720703125, 3.541043043136597 ],
	"65" : [ 25.091842651367188, 9.738972663879395, 265.093353271484375, 342.37823486328125, 3.494603157043457 ],
	"66" : [ 34.498561859130859, 3.33604621887207, 173.33123779296875, 345.872833251953125, 3.506213188171387 ],
	"67" : [ 138.946136474609375, 8.618462562561035, 335.289642333984375, 349.379058837890625, 3.645532846450806 ],
	"68" : [ 80.425308227539062, 4.626772880554199, 230.975448608398438, 353.024566650390625, 3.529433012008667 ],
	"7" : [ 5.48661470413208, 5.993251800537109, 137.618728637695312, 55.542133331298828, 3.564263105392456 ],
	"8" : [ 22.739049911499023, 14.47337532043457, 217.367034912109375, 59.106395721435547, 3.680362701416016 ],
	"9" : [ 26.656522750854492, 5.786057949066162, 507.406463623046875, 62.786758422851562, 3.750022649765015 ]
}
