{
	"0" : [ 250.851165771484375, 9.166411399841309, 1051.876708984375, 9.938140869140625, 17.426576614379883 ],
	"1" : [ 98.519905090332031, 10.853367805480957, 986.46893310546875, 27.364717483520508, 3.622313022613525 ],
	"10" : [ 163.995834350585938, 7.922971725463867, 665.26971435546875, 68.823944091796875, 1.811156511306763 ],
	"11" : [ 340.715301513671875, 7.829984664916992, 565.3531494140625, 70.635101318359375, 1.555737018585205 ],
	"12" : [ 48.795669555664062, 6.409287929534912, 553.196533203125, 72.190841674804688, 1.230657577514648 ],
	"13" : [ 525.16778564453125, 10.254447937011719, 596.5865478515625, 73.421493530273438, 1.439637184143066 ],
	"14" : [ 316.967498779296875, 7.492923259735107, 460.630126953125, 74.861137390136719, 1.311927437782288 ],
	"15" : [ 551.806884765625, 7.314867496490479, 432.904327392578125, 76.173057556152344, 1.172607660293579 ],
	"16" : [ 94.521202087402344, 8.455278396606445, 887.52325439453125, 77.345672607421875, 1.741496562957764 ],
	"17" : [ 108.947517395019531, 9.557466506958008, 555.5125732421875, 79.087165832519531, 1.648616790771484 ],
	"18" : [ 446.202239990234375, 8.468812942504883, 519.255126953125, 80.73577880859375, 1.799546480178833 ],
	"19" : [ 526.60845947265625, 6.353475570678711, 678.69708251953125, 82.535331726074219, 1.869206309318542 ],
	"2" : [ 800.44525146484375, 10.401017189025879, 508.773284912109375, 30.987030029296875, 2.972154140472412 ],
	"20" : [ 354.517913818359375, 6.450351715087891, 613.47991943359375, 84.404533386230469, 1.160997748374939 ],
	"21" : [ 500.690948486328125, 7.883331298828125, 626.84307861328125, 85.565536499023438, 1.114557862281799 ],
	"22" : [ 303.185211181640625, 6.413211345672607, 402.828765869140625, 86.680091857910156, 1.091337919235229 ],
	"23" : [ 259.171295166015625, 8.103531837463379, 536.1865234375, 87.771430969238281, 1.520907044410706 ],
	"24" : [ 435.2471923828125, 6.999905109405518, 312.117645263671875, 89.292335510253906, 1.137777805328369 ],
	"25" : [ 6.636434078216553, 2.149505138397217, 79.067161560058594, 90.43011474609375, 1.10294783115387 ],
	"26" : [ 6.61870813369751, 13.674565315246582, 423.470489501953125, 91.533058166503906, 1.544126987457275 ],
	"27" : [ 144.553421020507812, 9.199727058410645, 1741.98193359375, 93.077186584472656, 47.4267578125 ],
	"28" : [ 119.459396362304688, 8.972531318664551, 803.318359375, 140.503952026367188, 6.153287887573242 ],
	"29" : [ 438.53814697265625, 10.474794387817383, 713.024169921875, 146.6572265625, 2.821224451065063 ],
	"3" : [ 362.914520263671875, 11.536895751953125, 1061.9620361328125, 33.959182739257812, 5.863038539886475 ],
	"30" : [ 235.397369384765625, 9.998942375183105, 692.34442138671875, 149.47845458984375, 1.602176904678345 ],
	"31" : [ 33.371963500976562, 7.468419551849365, 475.285614013671875, 151.08062744140625, 1.253877520561218 ],
	"32" : [ 48.344547271728516, 10.159328460693359, 785.0164794921875, 152.334518432617188, 3.006984233856201 ],
	"33" : [ 111.010627746582031, 10.128350257873535, 759.4415283203125, 155.34149169921875, 10.657958984375 ],
	"34" : [ 47.445201873779297, 10.054252624511719, 698.13848876953125, 165.99945068359375, 3.320453405380249 ],
	"35" : [ 270.070159912109375, 11.217751502990723, 630.7716064453125, 169.319915771484375, 3.482993125915527 ],
	"36" : [ 242.472000122070312, 13.771405220031738, 705.35089111328125, 172.802902221679688, 2.1594557762146 ],
	"37" : [ 108.650077819824219, 6.012319087982178, 476.829925537109375, 174.962356567382812, 1.160997748374939 ],
	"38" : [ 37.716293334960938, 6.102631568908691, 413.279693603515625, 176.12335205078125, 2.356825351715088 ],
	"39" : [ 38.923686981201172, 4.089565753936768, 443.788177490234375, 178.480178833007812, 1.184217691421509 ],
	"4" : [ 68.07366943359375, 5.945708751678467, 1141.0645751953125, 39.822223663330078, 4.121541976928711 ],
	"40" : [ 151.155303955078125, 11.769116401672363, 749.390869140625, 179.664398193359375, 6.188117980957031 ],
	"41" : [ 1127.687255859375, 6.298639297485352, 774.73895263671875, 185.852523803710938, 53.347846984863281 ],
	"5" : [ 74.760337829589844, 13.954431533813477, 1183.288330078125, 43.943763732910156, 6.025578022003174 ],
	"6" : [ 766.09295654296875, 10.334724426269531, 615.574462890625, 49.969341278076172, 3.378503322601318 ],
	"7" : [ 58.640201568603516, 10.291097640991211, 921.0718994140625, 53.347846984863281, 9.34603214263916 ],
	"8" : [ 156.451217651367188, 5.267953395843506, 629.14959716796875, 62.693878173828125, 4.249251842498779 ],
	"9" : [ 244.71551513671875, 5.750242710113525, 833.736083984375, 66.943130493164062, 1.880816340446472 ]
}
