{
	"0" : [ 4.603969573974609, 2.35806679725647, 235.546249389648438, 16.497777938842773, 1.648616790771484 ],
	"1" : [ 258.521728515625, 19.147798538208008, 2353.00244140625, 18.146394729614258, 7.604535102844238 ],
	"10" : [ 7.784987449645996, 4.229928493499756, 84.237251281738281, 68.150566101074219, 1.648616790771484 ],
	"11" : [ 5.646014213562012, 10.67982006072998, 371.18121337890625, 69.799186706542969, 1.671836733818054 ],
	"12" : [ 130.030380249023438, 4.760139465332031, 163.472122192382812, 71.471023559570312, 1.834376454353333 ],
	"13" : [ 19.670570373535156, 14.411014556884766, 900.6390380859375, 73.305397033691406, 9.845260620117188 ],
	"14" : [ 5.845330715179443, 2.405312061309814, 248.111236572265625, 83.150657653808594, 1.590566873550415 ],
	"15" : [ 102.730705261230469, 3.299585103988647, 202.327346801757812, 84.741226196289062, 2.043355941772461 ],
	"16" : [ 4.648626804351807, 16.603672027587891, 1697.2857666015625, 86.784584045410156, 7.093696117401123 ],
	"17" : [ 12.344977378845215, 15.642979621887207, 2386.083984375, 93.878273010253906, 6.606077194213867 ],
	"18" : [ 85.866958618164062, 3.584285259246826, 232.575897216796875, 100.484352111816406, 1.590566873550415 ],
	"19" : [ 190.56524658203125, 14.564947128295898, 2206.29345703125, 102.074920654296875, 6.640906810760498 ],
	"2" : [ 52.641921997070312, 15.120253562927246, 1646.76806640625, 25.75092887878418, 24.798912048339844 ],
	"20" : [ 76.906150817871094, 4.099525928497314, 303.917816162109375, 108.715827941894531, 1.648616790771484 ],
	"21" : [ 52.656024932861328, 14.979969024658203, 2404.153564453125, 110.36444091796875, 20.596099853515625 ],
	"22" : [ 1.969519972801208, 5.101620197296143, 235.201919555664062, 130.960540771484375, 4.945850372314453 ],
	"23" : [ 2.871988773345947, 15.807947158813477, 2102.26904296875, 135.906387329101562, 11.505487442016602 ],
	"24" : [ 9.037630081176758, 3.771278858184814, 193.552886962890625, 147.411880493164062, 1.753106594085693 ],
	"25" : [ 23.16754150390625, 15.021468162536621, 413.477630615234375, 149.164993286132812, 1.613786816596985 ],
	"26" : [ 59.978595733642578, 3.453825950622559, 515.96002197265625, 150.778778076171875, 1.578956961631775 ],
	"27" : [ 29.403945922851562, 7.607824325561523, 651.20733642578125, 152.35772705078125, 1.637006759643555 ],
	"28" : [ 20.642024993896484, 5.380431652069092, 510.678924560546875, 153.994735717773438, 1.625396847724915 ],
	"29" : [ 10.394667625427246, 5.289433002471924, 260.878631591796875, 155.620132446289062, 1.555737018585205 ],
	"3" : [ 2.997261762619019, 6.029535293579102, 454.16278076171875, 50.549842834472656, 7.41877555847168 ],
	"30" : [ 23.095924377441406, 3.85771369934082, 484.34417724609375, 157.175872802734375, 1.671836733818054 ],
	"31" : [ 8.240222930908203, 2.953684568405151, 157.374343872070312, 158.84771728515625, 1.648616790771484 ],
	"32" : [ 4.931320190429688, 15.640712738037109, 2640.708740234375, 160.496322631835938, 3.343673467636108 ],
	"33" : [ 11.19062614440918, 4.302428722381592, 259.141265869140625, 163.839996337890625, 1.637006759643555 ],
	"34" : [ 145.809295654296875, 5.821083545684814, 359.988677978515625, 165.477005004882812, 1.555737018585205 ],
	"35" : [ 248.104644775390625, 9.124696731567383, 816.24859619140625, 167.032745361328125, 1.625396847724915 ],
	"36" : [ 8.664745330810547, 4.364542961120605, 354.228485107421875, 168.65814208984375, 1.625396847724915 ],
	"37" : [ 10.105841636657715, 4.749489307403564, 308.72515869140625, 170.283538818359375, 1.602176904678345 ],
	"38" : [ 23.070001602172852, 5.280284881591797, 674.40277099609375, 171.885711669921875, 1.602176904678345 ],
	"39" : [ 133.6905517578125, 8.272297859191895, 526.0545654296875, 173.487884521484375, 1.811156511306763 ],
	"4" : [ 37.799476623535156, 5.365915298461914, 167.497482299804688, 57.968616485595703, 1.578956961631775 ],
	"40" : [ 87.059890747070312, 7.279313564300537, 390.996856689453125, 175.299041748046875, 6.675736904144287 ],
	"41" : [ 114.608978271484375, 5.289758205413818, 163.83856201171875, 181.974777221679688, 1.555737018585205 ],
	"42" : [ 133.50018310546875, 7.923785209655762, 354.994171142578125, 183.530517578125, 5.758548736572266 ],
	"43" : [ 51.256175994873047, 5.057569026947021, 185.11175537109375, 189.289077758789062, 1.555737018585205 ],
	"44" : [ 40.573940277099609, 2.736329555511475, 156.2337646484375, 190.844802856445312, 1.555737018585205 ],
	"45" : [ 47.571113586425781, 4.323124885559082, 166.81689453125, 192.400543212890625, 1.567346930503845 ],
	"46" : [ 23.774499893188477, 17.890508651733398, 2875.407470703125, 193.9678955078125, 6.327437877655029 ],
	"47" : [ 2.367921829223633, 5.438392162322998, 113.08544921875, 200.295333862304688, 2.786394596099854 ],
	"48" : [ 52.188987731933594, 18.051115036010742, 3203.166748046875, 203.08172607421875, 11.377778053283691 ],
	"49" : [ 20.041286468505859, 14.371608734130859, 391.163299560546875, 214.459503173828125, 7.801904678344727 ],
	"5" : [ 6.176587104797363, 2.246260643005371, 137.110244750976562, 59.547573089599609, 1.567346930503845 ],
	"50" : [ 20.331508636474609, 16.990148544311523, 2990.4326171875, 222.261398315429688, 7.47682523727417 ],
	"51" : [ 83.636642456054688, 17.541065216064453, 2636.443115234375, 229.738235473632812, 6.826666831970215 ],
	"52" : [ 146.116546630859375, 16.59013557434082, 2455.362548828125, 236.564895629882812, 10.112290382385254 ],
	"53" : [ 93.352653503417969, 10.993607521057129, 484.852996826171875, 246.67718505859375, 64.992652893066406 ],
	"54" : [ 33.415596008300781, 13.684995651245117, 1927.4190673828125, 311.669830322265625, 11.923446655273438 ],
	"55" : [ 91.79901123046875, 7.950628280639648, 321.454254150390625, 323.593292236328125, 3.204353809356689 ],
	"56" : [ 115.421669006347656, 10.626020431518555, 754.4066162109375, 326.797637939453125, 2.426485300064087 ],
	"57" : [ 92.463592529296875, 3.488011598587036, 239.764312744140625, 329.22412109375, 3.982222318649292 ],
	"58" : [ 159.175827026367188, 7.127872467041016, 376.216461181640625, 333.20635986328125, 1.555737018585205 ],
	"59" : [ 8.550948143005371, 2.899938106536865, 241.871170043945312, 334.7620849609375, 1.555737018585205 ],
	"6" : [ 18.424272537231445, 13.278831481933594, 1156.3026123046875, 61.114921569824219, 1.683446764945984 ],
	"60" : [ 219.911209106445312, 4.770814418792725, 364.844696044921875, 336.31781005859375, 1.985306143760681 ],
	"61" : [ 220.1934814453125, 4.750650405883789, 286.16387939453125, 338.303131103515625, 1.648616790771484 ],
	"62" : [ 151.288604736328125, 3.340319395065308, 164.606491088867188, 339.951751708984375, 1.671836733818054 ],
	"63" : [ 79.187080383300781, 3.108771085739136, 237.778915405273438, 341.62359619140625, 1.706666707992554 ],
	"64" : [ 26.892518997192383, 9.123508453369141, 309.68292236328125, 343.33026123046875, 2.554194927215576 ],
	"65" : [ 24.607404708862305, 3.984749317169189, 172.408737182617188, 345.884429931640625, 1.555737018585205 ],
	"66" : [ 49.110660552978516, 2.209341764450073, 127.166648864746094, 347.440185546875, 1.590566873550415 ],
	"67" : [ 164.713348388671875, 9.483996391296387, 336.5477294921875, 349.03076171875, 2.03174614906311 ],
	"68" : [ 119.38323974609375, 7.951589107513428, 276.1934814453125, 351.0625, 2.020136117935181 ],
	"69" : [ 62.026294708251953, 7.269484043121338, 231.524627685546875, 353.0826416015625, 2.171065807342529 ],
	"7" : [ 29.332462310791016, 2.804557800292969, 221.5084228515625, 62.798366546630859, 1.567346930503845 ],
	"8" : [ 21.065738677978516, 14.600414276123047, 618.34185791015625, 64.365715026855469, 2.171065807342529 ],
	"9" : [ 4.539176464080811, 5.312175750732422, 54.582084655761719, 66.536781311035156, 1.613786816596985 ]
}
