{
	"0" : [ 191.1531982421875, 3.707028150558472, 38.486057281494141, 0.394739240407944, 1.219047665596008 ],
	"1" : [ 12.591855049133301, 2.374896764755249, 45.055469512939453, 1.613786816596985, 1.242267608642578 ],
	"10" : [ 142.705917358398438, 2.187455415725708, 37.662937164306641, 17.78648567199707, 1.288707494735718 ],
	"11" : [ 150.216476440429688, 2.586093425750732, 48.765640258789062, 19.075193405151367, 1.184217691421509 ],
	"12" : [ 182.137054443359375, 11.069382667541504, 492.40380859375, 20.259410858154297, 1.625396847724915 ],
	"13" : [ 168.203384399414062, 1.998464703559875, 42.596851348876953, 21.884807586669922, 1.230657577514648 ],
	"14" : [ 163.460189819335938, 1.847350358963013, 43.885612487792969, 23.11546516418457, 1.184217691421509 ],
	"15" : [ 0.403805106878281, 1.429234862327576, 26.525854110717773, 24.2996826171875, 1.184217691421509 ],
	"16" : [ 452.81329345703125, 4.811484813690186, 747.43701171875, 25.48390007019043, 3.308843612670898 ],
	"17" : [ 1.081609606742859, 3.819065093994141, 39.183975219726562, 28.792743682861328, 1.300317406654358 ],
	"18" : [ 1.912083745002747, 5.187128067016602, 118.0045166015625, 30.093061447143555, 1.300317406654358 ],
	"19" : [ 1.77637505531311, 5.998558521270752, 196.328704833984375, 31.393379211425781, 1.288707494735718 ],
	"2" : [ 0.492674440145493, 1.200984239578247, 48.965122222900391, 2.856054306030273, 1.184217691421509 ],
	"20" : [ 246.988510131835938, 9.975319862365723, 757.72039794921875, 32.682086944580078, 3.15791392326355 ],
	"21" : [ 15.727616310119629, 2.568316221237183, 44.667728424072266, 35.840000152587891, 1.195827722549438 ],
	"22" : [ 4.038334846496582, 4.120445251464844, 111.383010864257812, 37.03582763671875, 1.172607660293579 ],
	"23" : [ 2.192862272262573, 3.474786996841431, 63.910602569580078, 38.20843505859375, 1.207437634468079 ],
	"24" : [ 3.166025876998901, 3.552800416946411, 81.210044860839844, 39.415874481201172, 1.184217691421509 ],
	"25" : [ 10.959017753601074, 5.20097541809082, 320.40283203125, 40.600090026855469, 1.590566873550415 ],
	"26" : [ 3.213364362716675, 3.265150547027588, 60.251766204833984, 42.190658569335938, 1.195827722549438 ],
	"27" : [ 1.453078746795654, 2.118511438369751, 63.904029846191406, 43.386486053466797, 1.242267608642578 ],
	"28" : [ 232.3900146484375, 11.269277572631836, 855.10931396484375, 44.628753662109375, 3.552653074264526 ],
	"29" : [ 186.66900634765625, 9.420207023620605, 660.8599853515625, 48.181404113769531, 1.253877520561218 ],
	"3" : [ 101.778274536132812, 9.369132041931152, 637.67010498046875, 4.040272235870361, 3.633922815322876 ],
	"30" : [ 108.369583129882812, 4.079636573791504, 44.233867645263672, 49.435283660888672, 1.230657577514648 ],
	"31" : [ 21.23426628112793, 4.148753643035889, 67.554161071777344, 50.665939331054688, 1.207437634468079 ],
	"32" : [ 125.558250427246094, 3.821650266647339, 64.564010620117188, 51.873378753662109, 1.474467158317566 ],
	"33" : [ 154.802764892578125, 6.61537504196167, 95.530403137207031, 53.347846984863281, 1.230657577514648 ],
	"34" : [ 105.363456726074219, 4.382568836212158, 125.593589782714844, 54.578502655029297, 1.253877520561218 ],
	"35" : [ 148.259384155273438, 3.380999326705933, 75.081787109375, 55.832382202148438, 1.369977355003357 ],
	"36" : [ 23.146158218383789, 4.537143707275391, 28.805402755737305, 57.202358245849609, 1.172607660293579 ],
	"37" : [ 1.284016251564026, 4.865602970123291, 103.662239074707031, 58.374965667724609, 1.613786816596985 ],
	"38" : [ 23.280002593994141, 3.617073059082031, 65.887649536132812, 59.988754272460938, 1.230657577514648 ],
	"39" : [ 4.728720188140869, 2.062470197677612, 60.054302215576172, 61.219409942626953, 1.253877520561218 ],
	"4" : [ 1.028197288513184, 3.80938982963562, 29.983161926269531, 7.674194812774658, 1.230657577514648 ],
	"40" : [ 163.774246215820312, 3.248837471008301, 47.942596435546875, 62.473289489746094, 1.288707494735718 ],
	"41" : [ 151.466659545898438, 3.864067077636719, 60.412258148193359, 63.761997222900391, 1.428027153015137 ],
	"42" : [ 43.54150390625, 1.112032771110535, 19.329742431640625, 65.190025329589844, 1.207437634468079 ],
	"43" : [ 41.052928924560547, 4.500460147857666, 52.348186492919922, 66.3974609375, 1.265487551689148 ],
	"44" : [ 137.02978515625, 3.203764200210571, 86.936965942382812, 67.662948608398438, 1.277097463607788 ],
	"45" : [ 0.895183026790619, 1.548100709915161, 42.945079803466797, 68.940048217773438, 1.184217691421509 ],
	"46" : [ 11.33470344543457, 3.48696756362915, 49.133438110351562, 70.124259948730469, 1.358367323875427 ],
	"47" : [ 0.803107440471649, 1.244365334510803, 44.4827880859375, 71.482627868652344, 1.184217691421509 ],
	"48" : [ 43.571937561035156, 10.200106620788574, 112.924995422363281, 72.666847229003906, 1.323537468910217 ],
	"49" : [ 0.89883279800415, 2.606858968734741, 34.290275573730469, 73.990386962890625, 1.172607660293579 ],
	"5" : [ 0.852050840854645, 1.509734272956848, 33.199684143066406, 8.904852867126465, 1.184217691421509 ],
	"50" : [ 1.029826045036316, 2.242924690246582, 37.175682067871094, 75.162994384765625, 1.265487551689148 ],
	"51" : [ 1.535072684288025, 2.878204107284546, 41.165584564208984, 76.428482055664062, 1.172607660293579 ],
	"52" : [ 10.444801330566406, 3.356250762939453, 39.725559234619141, 77.601089477539062, 1.184217691421509 ],
	"53" : [ 4.681646823883057, 6.460935592651367, 127.485671997070312, 78.785308837890625, 1.230657577514648 ],
	"54" : [ 0.895780205726624, 1.695790886878967, 71.463844299316406, 80.015960693359375, 1.207437634468079 ],
	"55" : [ 0.94948673248291, 2.603537321090698, 74.505538940429688, 81.223403930664062, 1.207437634468079 ],
	"56" : [ 0.654702484607697, 1.467796444892883, 65.8548583984375, 82.430839538574219, 1.219047665596008 ],
	"57" : [ 17.715797424316406, 1.012745380401611, 62.013671875, 83.649887084960938, 1.195827722549438 ],
	"58" : [ 65.207839965820312, 5.059064865112305, 165.044281005859375, 84.845710754394531, 1.172607660293579 ],
	"59" : [ 76.36529541015625, 2.234090805053711, 64.428581237792969, 86.018325805664062, 1.288707494735718 ],
	"6" : [ 0.92579060792923, 2.381861686706543, 73.19970703125, 10.089070320129395, 1.184217691421509 ],
	"60" : [ 7.685816287994385, 4.869824886322021, 71.581825256347656, 87.307029724121094, 1.172607660293579 ],
	"61" : [ 108.635673522949219, 4.903400897979736, 64.575279235839844, 88.479637145996094, 1.184217691421509 ],
	"62" : [ 20.887388229370117, 5.980883121490479, 50.396533966064453, 89.663856506347656, 1.277097463607788 ],
	"63" : [ 126.203895568847656, 4.65992259979248, 93.077369689941406, 90.940956115722656, 1.172607660293579 ],
	"64" : [ 133.240936279296875, 5.084237575531006, 43.38525390625, 92.113563537597656, 1.184217691421509 ],
	"65" : [ 142.309478759765625, 2.461370944976807, 105.944534301757812, 93.297775268554688, 1.346757411956787 ],
	"66" : [ 144.951431274414062, 1.984149813652039, 119.99725341796875, 94.644538879394531, 1.219047665596008 ],
	"7" : [ 1.329555749893188, 3.789911508560181, 84.699943542480469, 11.273287773132324, 1.323537468910217 ],
	"8" : [ 4.147737503051758, 9.210694313049316, 428.129852294921875, 12.59682559967041, 4.017052173614502 ],
	"9" : [ 152.206954956054688, 3.712019681930542, 52.535087585449219, 16.61387825012207, 1.172607660293579 ]
}
