{
	"0" : [ 112.826690673828125, 10.637029647827148, 2714.752197265625, 22.325986862182617, 11.250067710876465 ],
	"1" : [ 119.987007141113281, 13.577462196350098, 3362.149169921875, 33.576053619384766, 8.46367359161377 ],
	"10" : [ 2274.43505859375, 10.948793411254883, 3234.556884765625, 59.25732421875, 11.656416893005371 ],
	"11" : [ 2390.157958984375, 13.60438346862793, 3188.506591796875, 70.913742065429688, 10.704399108886719 ],
	"12" : [ 2089.1875, 11.969272613525391, 3170.2880859375, 81.618141174316406, 5.479909420013428 ],
	"13" : [ 3.794689416885376, 5.300197601318359, 333.763763427734375, 87.098052978515625, 1.381587266921997 ],
	"14" : [ 14.174520492553711, 6.45134162902832, 285.471160888671875, 88.479637145996094, 1.532516956329346 ],
	"15" : [ 30.547628402709961, 3.738757610321045, 141.147369384765625, 90.012153625488281, 1.172607660293579 ],
	"16" : [ 2400.08251953125, 13.735697746276855, 3088.34033203125, 91.184761047363281, 4.736870765686035 ],
	"17" : [ 14.953289031982422, 3.848970890045166, 132.569854736328125, 95.921630859375, 1.300317406654358 ],
	"18" : [ 2.005531549453735, 4.207699298858643, 164.839126586914062, 97.221946716308594, 1.242267608642578 ],
	"19" : [ 4.35789966583252, 6.241517066955566, 337.6912841796875, 98.464218139648438, 1.335147380828857 ],
	"2" : [ 14.208648681640625, 0.841448962688446, 93.870964050292969, 42.039726257324219, 1.207437634468079 ],
	"20" : [ 62.063007354736328, 6.046796321868896, 731.6767578125, 99.799362182617188, 5.514739036560059 ],
	"21" : [ 2102.011474609375, 7.525472164154053, 2753.960205078125, 105.314102172851562, 7.39555549621582 ],
	"22" : [ 10.845033645629883, 2.358211040496826, 128.443115234375, 112.709663391113281, 1.265487551689148 ],
	"23" : [ 7.808389663696289, 6.977551937103271, 602.9649658203125, 113.975151062011719, 1.648616790771484 ],
	"24" : [ 188.78228759765625, 9.651482582092285, 1973.5135498046875, 115.623764038085938, 3.09986400604248 ],
	"25" : [ 173.073898315429688, 11.270888328552246, 2494.220458984375, 118.723625183105469, 11.784127235412598 ],
	"26" : [ 174.261749267578125, 4.186963081359863, 317.31854248046875, 130.50775146484375, 1.404807209968567 ],
	"27" : [ 11.095966339111328, 7.036029815673828, 668.74737548828125, 131.912567138671875, 1.253877520561218 ],
	"28" : [ 135.924346923828125, 13.020736694335938, 2367.63134765625, 133.16644287109375, 1.753106594085693 ],
	"29" : [ 130.069015502929688, 10.879712104797363, 1679.3516845703125, 134.919540405273438, 1.950476169586182 ],
	"3" : [ 24.762065887451172, 1.914313197135925, 89.925537109375, 43.247165679931641, 1.578956961631775 ],
	"30" : [ 27.258155822753906, 3.233822345733643, 190.284027099609375, 136.870025634765625, 1.242267608642578 ],
	"31" : [ 142.0770263671875, 5.022586345672607, 567.357666015625, 138.112289428710938, 4.562721252441406 ],
	"32" : [ 10.162546157836914, 3.763218879699707, 353.12060546875, 142.675018310546875, 1.532516956329346 ],
	"33" : [ 212.516799926757812, 4.218881607055664, 561.42852783203125, 144.207534790039062, 1.381587266921997 ],
	"34" : [ 181.517623901367188, 4.784282207489014, 610.69073486328125, 145.589111328125, 1.207437634468079 ],
	"35" : [ 75.903312683105469, 2.798800468444824, 179.30426025390625, 146.796554565429688, 1.207437634468079 ],
	"36" : [ 2159.6181640625, 13.282133102416992, 3109.330810546875, 148.003997802734375, 21.594558715820312 ],
	"37" : [ 55.019294738769531, 10.86723518371582, 2697.853271484375, 169.598541259765625, 12.387845993041992 ],
	"38" : [ 198.601730346679688, 10.112951278686523, 2489.5478515625, 181.98638916015625, 4.14476203918457 ],
	"39" : [ 2368.65234375, 14.516539573669434, 3700.27490234375, 186.131149291992188, 6.234557628631592 ],
	"4" : [ 20.361572265625, 1.22809886932373, 77.876327514648438, 44.826122283935547, 1.184217691421509 ],
	"40" : [ 2.544546127319336, 2.860160112380981, 172.101028442382812, 192.365707397460938, 1.729886651039124 ],
	"41" : [ 35.452800750732422, 6.115540027618408, 407.587982177734375, 194.095596313476562, 1.637006759643555 ],
	"42" : [ 1.416067838668823, 6.11126184463501, 310.5211181640625, 195.73260498046875, 1.335147380828857 ],
	"43" : [ 0.799687922000885, 4.925881862640381, 273.296783447265625, 197.0677490234375, 1.230657577514648 ],
	"44" : [ 0.847894012928009, 1.77248215675354, 144.886306762695312, 198.298416137695312, 1.172607660293579 ],
	"45" : [ 5.769111633300781, 5.976295948028564, 352.209808349609375, 199.471023559570312, 4.435011386871338 ],
	"46" : [ 2.870378017425537, 12.019692420959473, 1397.4642333984375, 203.906036376953125, 1.416417241096497 ],
	"47" : [ 0.49657866358757, 2.477867126464844, 58.986419677734375, 205.32244873046875, 1.219047665596008 ],
	"48" : [ 1.574866652488708, 2.92473578453064, 137.294540405273438, 206.54150390625, 1.265487551689148 ],
	"49" : [ 2.200944662094116, 1.804582834243774, 140.661972045898438, 207.806991577148438, 1.207437634468079 ],
	"5" : [ 24.041059494018555, 5.255916118621826, 368.01922607421875, 46.010341644287109, 1.462857127189636 ],
	"50" : [ 88.384536743164062, 5.327091693878174, 395.94451904296875, 209.014419555664062, 2.925714254379272 ],
	"51" : [ 83.771446228027344, 8.67595386505127, 1824.348876953125, 211.940139770507812, 1.996916055679321 ],
	"52" : [ 2.344261646270752, 2.792147397994995, 61.859363555908203, 213.937057495117188, 1.172607660293579 ],
	"53" : [ 87.913322448730469, 9.92957592010498, 531.860595703125, 215.109664916992188, 1.706666707992554 ],
	"54" : [ 5.906535148620605, 4.334306716918945, 388.030670166015625, 216.816329956054688, 1.242267608642578 ],
	"55" : [ 102.458274841308594, 9.325511932373047, 1140.4183349609375, 218.05859375, 1.288707494735718 ],
	"56" : [ 141.820831298828125, 2.190402030944824, 118.209182739257812, 219.347305297851562, 1.416417241096497 ],
	"57" : [ 2.433519840240479, 6.36897087097168, 340.6131591796875, 220.763717651367188, 1.381587266921997 ],
	"58" : [ 7.591679573059082, 3.569267511367798, 482.00274658203125, 222.145309448242188, 3.564263105392456 ],
	"59" : [ 2269.3623046875, 15.126755714416504, 4055.354736328125, 225.709564208984375, 10.251609802246094 ],
	"6" : [ 15.54658317565918, 2.516682863235474, 189.886520385742188, 47.473197937011719, 1.207437634468079 ],
	"60" : [ 3.388730049133301, 2.82024359703064, 131.555923461914062, 235.961181640625, 1.172607660293579 ],
	"61" : [ 1.116114497184753, 1.660910367965698, 135.646163940429688, 237.1337890625, 1.451247215270996 ],
	"62" : [ 0.41173642873764, 1.672083735466003, 38.100841522216797, 238.585037231445312, 1.195827722549438 ],
	"63" : [ 4.085741519927979, 9.740399360656738, 968.1741943359375, 239.780868530273438, 3.471383333206177 ],
	"64" : [ 97.396430969238281, 12.674863815307617, 3293.2392578125, 243.252243041992188, 12.910294532775879 ],
	"65" : [ 2338.67529296875, 12.45229434967041, 3424.13330078125, 256.16253662109375, 37.117095947265625 ],
	"66" : [ 516.70501708984375, 2.155961990356445, 371.23760986328125, 293.279632568359375, 1.195827722549438 ],
	"67" : [ 353.31231689453125, 1.662991285324097, 370.09588623046875, 294.4754638671875, 1.219047665596008 ],
	"68" : [ 461.86846923828125, 1.628117918968201, 403.739501953125, 295.69451904296875, 1.184217691421509 ],
	"69" : [ 386.333038330078125, 1.653727531433105, 398.927581787109375, 296.87872314453125, 1.265487551689148 ],
	"7" : [ 2297.15966796875, 11.998342514038086, 3319.2548828125, 48.680633544921875, 6.339047431945801 ],
	"70" : [ 445.826080322265625, 1.277878522872925, 367.402252197265625, 298.14422607421875, 1.242267608642578 ],
	"71" : [ 379.299072265625, 1.368915677070618, 263.425201416015625, 299.386474609375, 1.172607660293579 ],
	"72" : [ 473.600311279296875, 1.079456567764282, 361.77960205078125, 300.55908203125, 1.184217691421509 ],
	"73" : [ 327.35040283203125, 1.980529308319092, 447.65838623046875, 301.743316650390625, 1.230657577514648 ],
	"74" : [ 412.44091796875, 1.873357892036438, 275.577972412109375, 302.973968505859375, 1.184217691421509 ],