{
	"0" : [ 35.637779235839844, 14.193236351013184, 3155.8525390625, 33.576053619384766, 12.945124626159668 ],
	"1" : [ 2157.808837890625, 14.408892631530762, 3707.859130859375, 46.52117919921875, 8.510113716125488 ],
	"10" : [ 149.5484619140625, 5.623098850250244, 416.403594970703125, 137.090606689453125, 7.941224575042725 ],
	"11" : [ 185.478912353515625, 4.83720064163208, 533.62994384765625, 145.031829833984375, 2.356825351715088 ],
	"12" : [ 2141.3623046875, 13.975557327270508, 3125.143798828125, 147.388656616210938, 22.20988655090332 ],
	"13" : [ 55.019294738769531, 10.86723518371582, 2697.853271484375, 169.598541259765625, 12.387845993041992 ],
	"14" : [ 198.081008911132812, 10.123235702514648, 2492.12744140625, 181.98638916015625, 4.1563720703125 ],
	"15" : [ 58.560752868652344, 16.725131988525391, 3530.72412109375, 186.14276123046875, 13.525623321533203 ],
	"16" : [ 46.864521026611328, 7.995787620544434, 469.495574951171875, 199.66839599609375, 5.688889026641846 ],
	"17" : [ 1.767783164978027, 2.7425217628479, 82.2862548828125, 205.357284545898438, 2.507755041122437 ],
	"18" : [ 89.850563049316406, 7.851378440856934, 343.232635498046875, 207.865036010742188, 6.38548755645752 ],
	"19" : [ 95.546882629394531, 9.558568954467773, 506.81939697265625, 214.250518798828125, 5.096779823303223 ],
	"2" : [ 2201.064208984375, 14.717824935913086, 3478.909912109375, 55.031291961669922, 35.387210845947266 ],
	"20" : [ 2140.32421875, 15.15223217010498, 3609.64794921875, 219.347305297851562, 74.315467834472656 ],
	"21" : [ 446.259246826171875, 1.673836350440979, 366.261505126953125, 293.66278076171875, 2.879274368286133 ],
	"22" : [ 413.45635986328125, 1.485736489295959, 395.609527587890625, 296.54205322265625, 2.438095331192017 ],
	"23" : [ 444.2138671875, 1.269199371337891, 311.14239501953125, 298.980133056640625, 2.821224451065063 ],
	"24" : [ 370.5711669921875, 1.914786815643311, 363.42620849609375, 301.801361083984375, 2.623854875564575 ],
	"3" : [ 2157.188232421875, 17.152982711791992, 3342.994873046875, 90.418502807617188, 6.548027038574219 ],
	"4" : [ 5.196925640106201, 7.592910289764404, 230.036697387695312, 96.966529846191406, 2.832834482192993 ],
	"5" : [ 62.379638671875, 6.022592067718506, 736.80426025390625, 99.799362182617188, 5.526349067687988 ],
	"6" : [ 319.1856689453125, 13.670199394226074, 3056.844482421875, 105.325714111328125, 8.684263229370117 ],
	"7" : [ 157.629989624023438, 10.737709999084473, 1852.381103515625, 114.009979248046875, 4.713650703430176 ],
	"8" : [ 191.096023559570312, 11.76313304901123, 2350.5400390625, 118.723625183105469, 14.442811965942383 ],
	"9" : [ 148.162551879882812, 12.461409568786621, 2055.108642578125, 133.16644287109375, 3.924172401428223 ]
}
