{
	"0" : [ 383.088836669921875, 7.499874591827393, 261.482818603515625, 8.800362586975098, 2.182675838470459 ],
	"1" : [ 216.19140625, 4.684759140014648, 399.5087890625, 10.983038902282715, 2.13623571395874 ],
	"10" : [ 285.0081787109375, 5.94504451751709, 348.942962646484375, 56.772789001464844, 2.798004627227783 ],
	"11" : [ 138.921661376953125, 11.82882022857666, 906.45013427734375, 59.570793151855469, 15.917279243469238 ],
	"12" : [ 10.496747970581055, 4.649308681488037, 341.4510498046875, 75.488075256347656, 6.106848239898682 ],
	"13" : [ 44.291542053222656, 7.786974906921387, 756.16162109375, 81.594917297363281, 11.807347297668457 ],
	"14" : [ 165.021194458007812, 12.453845977783203, 868.2789306640625, 93.402267456054688, 25.19365119934082 ],
	"15" : [ 262.420379638671875, 5.397442817687988, 332.70635986328125, 118.595916748046875, 2.554194927215576 ],
	"16" : [ 384.61712646484375, 7.184596061706543, 343.440826416015625, 121.150115966796875, 2.507755041122437 ],
	"17" : [ 69.566825866699219, 9.122781753540039, 301.024169921875, 123.657867431640625, 2.380045413970947 ],
	"18" : [ 406.12689208984375, 7.210377216339111, 436.420989990234375, 126.037910461425781, 2.089795827865601 ],
	"19" : [ 308.947509765625, 4.580496788024902, 321.268707275390625, 128.127716064453125, 1.892426252365112 ],
	"2" : [ 115.108268737792969, 13.423874855041504, 962.22412109375, 13.119274139404297, 4.771700859069824 ],
	"20" : [ 2.758196830749512, 2.15363335609436, 208.9058837890625, 130.0201416015625, 1.706666707992554 ],
	"21" : [ 44.623252868652344, 14.151975631713867, 941.84332275390625, 131.726806640625, 15.452879905700684 ],
	"22" : [ 148.374526977539062, 5.532339572906494, 435.55438232421875, 147.1796875, 6.29260778427124 ],
	"23" : [ 373.850433349609375, 4.053733825683594, 324.4708251953125, 153.4722900390625, 3.274013519287109 ],
	"24" : [ 495.027313232421875, 3.833459854125977, 331.4561767578125, 156.746307373046875, 1.520907044410706 ],
	"25" : [ 210.94537353515625, 3.413522720336914, 240.401535034179688, 158.2672119140625, 3.773242712020874 ],
	"26" : [ 297.34735107421875, 14.936134338378906, 757.916015625, 162.040451049804688, 3.459773302078247 ],
	"27" : [ 211.277908325195312, 11.18216609954834, 697.56292724609375, 165.500228881835938, 14.628571510314941 ],
	"28" : [ 6.84744119644165, 3.220835447311401, 242.939117431640625, 180.128799438476562, 1.520907044410706 ],
	"29" : [ 677.7706298828125, 8.608226776123047, 844.10540771484375, 181.649703979492188, 20.085260391235352 ],
	"3" : [ 190.02117919921875, 11.465804100036621, 679.80133056640625, 17.890975952148438, 10.855328559875488 ],
	"30" : [ 136.589828491210938, 5.847797870635986, 433.537322998046875, 201.734970092773438, 1.637006759643555 ],
	"31" : [ 243.9154052734375, 8.795534133911133, 385.884124755859375, 203.371978759765625, 4.516281127929688 ],
	"32" : [ 458.538238525390625, 14.390092849731445, 928.6561279296875, 207.888259887695312, 17.240816116333008 ],
	"33" : [ 213.44171142578125, 10.967046737670898, 678.14373779296875, 225.129074096679688, 12.341405868530273 ],
	"34" : [ 277.757049560546875, 5.785792350769043, 480.172027587890625, 237.470474243164062, 16.788026809692383 ],
	"35" : [ 86.8433837890625, 6.21623420715332, 433.24249267578125, 254.258499145507812, 4.365351676940918 ],
	"36" : [ 197.281448364257812, 7.526881694793701, 822.2774658203125, 258.62384033203125, 2.03174614906311 ],
	"37" : [ 169.163833618164062, 2.951301336288452, 219.73785400390625, 260.655609130859375, 2.623854875564575 ],
	"38" : [ 588.1273193359375, 9.411062240600586, 407.700592041015625, 263.279449462890625, 2.217505693435669 ],
	"39" : [ 273.2158203125, 3.158340930938721, 231.687591552734375, 265.4969482421875, 1.648616790771484 ],
	"4" : [ 212.014511108398438, 9.316668510437012, 335.506195068359375, 28.746303558349609, 1.973696112632751 ],
	"40" : [ 330.40240478515625, 3.270917177200317, 330.676055908203125, 267.14556884765625, 6.907936573028564 ],
	"41" : [ 334.92633056640625, 10.824674606323242, 794.15728759765625, 274.05352783203125, 50.538230895996094 ],
	"42" : [ 542.6656494140625, 7.117001533508301, 388.73028564453125, 324.59173583984375, 3.378503322601318 ],
	"43" : [ 452.9334716796875, 15.16171932220459, 647.87982177734375, 327.970245361328125, 1.822766423225403 ],
	"44" : [ 194.394989013671875, 12.43537712097168, 913.6397705078125, 329.79302978515625, 21.989297866821289 ],
	"45" : [ 25.656667709350586, 5.729288578033447, 412.660400390625, 351.782318115234375, 2.647074937820435 ],
	"46" : [ 368.6910400390625, 13.338383674621582, 573.37469482421875, 354.42938232421875, 4.736870765686035 ],
	"47" : [ 527.9359130859375, 4.543869972229004, 399.740631103515625, 359.166259765625, 1.520907044410706 ],
	"48" : [ 131.109283447265625, 6.087164878845215, 436.1630859375, 360.687164306640625, 4.446621417999268 ],
	"5" : [ 361.245452880859375, 6.369115352630615, 295.138275146484375, 30.719999313354492, 4.400181293487549 ],
	"6" : [ 435.24609375, 14.132052421569824, 562.2640380859375, 35.120182037353516, 3.053424119949341 ],
	"7" : [ 275.504364013671875, 8.63249397277832, 375.689300537109375, 38.173606872558594, 3.332063436508179 ],
	"8" : [ 313.38201904296875, 3.535163402557373, 344.925079345703125, 41.505668640136719, 6.153287887573242 ],
	"9" : [ 360.893707275390625, 13.104792594909668, 614.56231689453125, 47.658958435058594, 9.113832473754883 ]
}
