{
	"0" : [ 26.510496139526367, 15.061679840087891, 1213.262939453125, 6.931156635284424, 9.508571624755859 ],
	"1" : [ 170.561813354492188, 14.336728096008301, 1227.025390625, 16.439727783203125, 8.823582649230957 ],
	"10" : [ 174.166366577148438, 8.004121780395508, 447.549468994140625, 97.953376770019531, 7.523265361785889 ],
	"11" : [ 27.682924270629883, 13.938783645629883, 400.95196533203125, 105.476646423339844, 7.47682523727417 ],
	"12" : [ 174.84893798828125, 10.253266334533691, 509.60040283203125, 112.953468322753906, 5.921088218688965 ],
	"13" : [ 53.946182250976562, 5.979211330413818, 568.01837158203125, 118.874557495117188, 5.839818477630615 ],
	"14" : [ 360.460205078125, 11.409676551818848, 942.0916748046875, 124.714378356933594, 6.629297256469727 ],
	"15" : [ 264.847381591796875, 8.471939086914062, 452.92437744140625, 131.343673706054688, 5.863038539886475 ],
	"16" : [ 126.09149169921875, 10.38592529296875, 432.318939208984375, 137.206710815429688, 6.3158278465271 ],
	"17" : [ 289.008636474609375, 3.838719367980957, 306.80828857421875, 143.522537231445312, 5.816598415374756 ],
	"18" : [ 269.60247802734375, 18.843761444091797, 1288.0423583984375, 149.339141845703125, 9.740771293640137 ],
	"19" : [ 97.744865417480469, 15.274873733520508, 1360.4161376953125, 159.079910278320312, 5.874648571014404 ],
	"2" : [ 34.868202209472656, 9.11113452911377, 452.838348388671875, 25.263311386108398, 5.863038539886475 ],
	"20" : [ 188.6142578125, 13.594650268554688, 574.23968505859375, 164.954559326171875, 9.079002380371094 ],
	"21" : [ 230.254226684570312, 16.459074020385742, 1029.91015625, 174.033554077148438, 13.014784812927246 ],
	"22" : [ 33.333427429199219, 7.684523582458496, 258.55072021484375, 187.04833984375, 5.863038539886475 ],
	"23" : [ 158.866653442382812, 6.568057060241699, 420.238616943359375, 192.911376953125, 5.897868633270264 ],
	"24" : [ 182.141448974609375, 17.079727172851562, 813.89501953125, 198.809249877929688, 8.370793342590332 ],
	"25" : [ 75.344482421875, 8.498485565185547, 275.552337646484375, 207.180038452148438, 5.839818477630615 ],
	"26" : [ 273.751953125, 12.974544525146484, 1180.0068359375, 213.019866943359375, 16.393287658691406 ],
	"27" : [ 53.204330444335938, 6.441665172576904, 350.218048095703125, 229.41314697265625, 6.3158278465271 ],
	"3" : [ 354.47637939453125, 15.207386016845703, 1122.8565673828125, 31.126348495483398, 19.841451644897461 ],
	"4" : [ 28.309246063232422, 7.311132431030273, 390.9241943359375, 50.967800140380859, 5.863038539886475 ],
	"5" : [ 232.382354736328125, 15.393223762512207, 1125.4295654296875, 56.830837249755859, 5.863038539886475 ],
	"6" : [ 130.813018798828125, 20.521514892578125, 1309.37158203125, 62.693878173828125, 10.286439895629883 ],
	"7" : [ 125.710235595703125, 13.172545433044434, 1313.66845703125, 72.980316162109375, 6.466757297515869 ],
	"8" : [ 186.203323364257812, 4.951130867004395, 325.6737060546875, 79.447074890136719, 5.816598415374756 ],
	"9" : [ 342.790283203125, 15.846404075622559, 1236.6739501953125, 85.263671875, 12.689704895019531 ]
}
