{
	"0" : [ 774.25921630859375, 10.683794021606445, 975.28436279296875, 1.160997748374939, 29.779592514038086 ],
	"1" : [ 438.17315673828125, 9.537203788757324, 833.5338134765625, 30.940589904785156, 89.977325439453125 ],
	"10" : [ 266.414093017578125, 5.01667594909668, 326.794921875, 149.710662841796875, 1.776326537132263 ],
	"11" : [ 198.036270141601562, 7.871307373046875, 172.9593505859375, 151.486984252929688, 1.613786816596985 ],
	"12" : [ 177.250732421875, 6.999611854553223, 229.101913452148438, 153.10076904296875, 1.520907044410706 ],
	"13" : [ 165.139617919921875, 7.129250049591064, 221.639236450195312, 154.621673583984375, 1.799546480178833 ],
	"14" : [ 44.615390777587891, 2.166908979415894, 260.924774169921875, 156.421218872070312, 1.567346930503845 ],
	"15" : [ 238.589324951171875, 0.99139803647995, 192.606094360351562, 157.988571166992188, 1.602176904678345 ],
	"16" : [ 815.13616943359375, 9.296841621398926, 802.87725830078125, 159.590744018554688, 11.540317535400391 ],
	"17" : [ 269.843475341796875, 7.626619338989258, 606.67730712890625, 171.131072998046875, 2.960544109344482 ],
	"18" : [ 262.960296630859375, 11.10667610168457, 429.494293212890625, 174.09161376953125, 3.204353809356689 ],
	"19" : [ 318.635833740234375, 13.551345825195312, 626.0491943359375, 177.29595947265625, 2.472925186157227 ],
	"2" : [ 215.6123046875, 8.59144115447998, 534.60064697265625, 120.917915344238281, 16.671926498413086 ],
	"20" : [ 62.40924072265625, 10.868095397949219, 222.644363403320312, 179.768890380859375, 3.529433012008667 ],
	"21" : [ 709.3646240234375, 13.306498527526855, 678.107666015625, 183.298324584960938, 11.075918197631836 ],
	"22" : [ 644.28399658203125, 18.616800308227539, 684.0196533203125, 194.374237060546875, 4.806530475616455 ],
	"23" : [ 163.435272216796875, 12.045657157897949, 293.33856201171875, 199.180770874023438, 9.020952224731445 ],
	"24" : [ 135.220855712890625, 15.274807929992676, 953.49212646484375, 208.20172119140625, 56.064579010009766 ],
	"25" : [ 10.49635124206543, 12.402680397033691, 402.851959228515625, 264.26629638671875, 5.921088218688965 ],
	"26" : [ 224.249984741210938, 15.238018035888672, 587.793212890625, 270.1873779296875, 12.178866386413574 ],
	"27" : [ 299.7232666015625, 10.671051025390625, 530.53375244140625, 282.36627197265625, 3.14630389213562 ],
	"28" : [ 11.88923454284668, 3.225846290588379, 110.577583312988281, 285.5125732421875, 1.648616790771484 ],
	"29" : [ 33.057849884033203, 13.224773406982422, 256.404998779296875, 287.16119384765625, 2.380045413970947 ],
	"3" : [ 50.459571838378906, 8.183773994445801, 213.546066284179688, 137.58984375, 1.648616790771484 ],
	"4" : [ 256.3555908203125, 7.884230136871338, 236.443130493164062, 139.23846435546875, 1.706666707992554 ],
	"5" : [ 226.05010986328125, 7.507152557373047, 230.248992919921875, 140.94512939453125, 1.520907044410706 ],
	"6" : [ 59.082401275634766, 6.054494380950928, 509.4571533203125, 142.466033935546875, 1.950476169586182 ],
	"7" : [ 214.309646606445312, 9.18272876739502, 339.45489501953125, 144.41650390625, 2.13623571395874 ],
	"8" : [ 217.113128662109375, 9.056862831115723, 226.445144653320312, 146.552749633789062, 1.544126987457275 ],
	"9" : [ 214.587997436523438, 10.281983375549316, 366.85638427734375, 148.096878051757812, 1.613786816596985 ]
}
