{
	"0" : [ 36.651885986328125, 2.795661449432373, 223.123641967773438, 16.486167907714844, 2.414875268936157 ],
	"1" : [ 268.376800537109375, 18.464962005615234, 2407.257568359375, 18.901042938232422, 6.826666831970215 ],
	"10" : [ 13.93321418762207, 7.090070247650146, 232.542816162109375, 72.759727478027344, 4.678821086883545 ],
	"11" : [ 5.469015598297119, 16.25958251953125, 1931.8585205078125, 77.438545227050781, 4.330521583557129 ],
	"12" : [ 4.538491725921631, 2.264393091201782, 162.646560668945312, 81.769073486328125, 2.461315155029297 ],
	"13" : [ 93.940963745117188, 4.606259822845459, 201.82110595703125, 84.230384826660156, 2.368435382843018 ],
	"14" : [ 4.755447387695312, 16.741518020629883, 1702.3831787109375, 86.598823547363281, 7.024036407470703 ],
	"15" : [ 40.5009765625, 15.922523498535156, 2384.306640625, 93.622856140136719, 6.733787059783936 ],
	"16" : [ 89.239860534667969, 4.419008731842041, 317.009552001953125, 100.356643676757812, 2.449705123901367 ],
	"17" : [ 196.10003662109375, 13.557090759277344, 2245.628662109375, 102.806350708007812, 5.897868633270264 ],
	"18" : [ 75.86907958984375, 3.758880615234375, 303.312896728515625, 108.704216003417969, 2.426485300064087 ],
	"19" : [ 180.991470336914062, 14.9073486328125, 2517.279052734375, 111.130699157714844, 5.584399223327637 ],
	"2" : [ 52.872142791748047, 15.124889373779297, 1646.010498046875, 25.72770881652832, 24.822132110595703 ],
	"20" : [ 36.860610961914062, 13.138493537902832, 777.37945556640625, 116.715103149414062, 14.245442390441895 ],
	"21" : [ 1.969519972801208, 5.101620197296143, 235.201919555664062, 130.960540771484375, 4.945850372314453 ],
	"22" : [ 2.871988773345947, 15.802581787109375, 2102.334716796875, 135.906387329101562, 11.493877410888672 ],
	"23" : [ 38.940223693847656, 3.649224758148193, 241.861679077148438, 147.4002685546875, 2.356825351715088 ],
	"24" : [ 74.624275207519531, 11.628970146179199, 522.339599609375, 149.757095336914062, 2.368435382843018 ],
	"25" : [ 12.564800262451172, 5.867076873779297, 550.066162109375, 152.125534057617188, 2.333605527877808 ],
	"26" : [ 14.228137969970703, 5.836431980133057, 323.0216064453125, 154.459136962890625, 2.345215320587158 ],
	"27" : [ 21.494428634643555, 3.233840465545654, 501.881072998046875, 156.804351806640625, 2.356825351715088 ],
	"28" : [ 10.479375839233398, 20.393693923950195, 2591.8427734375, 159.161178588867188, 4.678821086883545 ],
	"29" : [ 12.56208324432373, 4.373073101043701, 286.60406494140625, 163.839996337890625, 2.345215320587158 ],
	"3" : [ 2.943597078323364, 4.471610069274902, 456.530914306640625, 50.549842834472656, 6.501587390899658 ],
	"30" : [ 134.596893310546875, 9.688901901245117, 570.63079833984375, 166.185211181640625, 2.333605527877808 ],
	"31" : [ 9.444671630859375, 4.802787780761719, 417.755584716796875, 168.518814086914062, 2.368435382843018 ],
	"32" : [ 20.721132278442383, 4.823792457580566, 536.0103759765625, 170.887252807617188, 2.496145009994507 ],
	"33" : [ 102.105262756347656, 7.430318355560303, 507.592926025390625, 173.383407592773438, 8.59138298034668 ],
	"34" : [ 103.746551513671875, 5.006186962127686, 231.58428955078125, 181.974777221679688, 2.345215320587158 ],
	"35" : [ 89.383346557617188, 4.151198387145996, 171.733688354492188, 184.32000732421875, 3.1695237159729 ],
	"36" : [ 35.131649017333984, 11.545948028564453, 1133.0452880859375, 187.489517211914062, 2.345215320587158 ],
	"37" : [ 44.224822998046875, 3.973700523376465, 159.59613037109375, 189.834732055664062, 2.368435382843018 ],
	"38" : [ 59.093791961669922, 5.261682987213135, 210.619277954101562, 192.203170776367188, 2.391655445098877 ],
	"39" : [ 21.111740112304688, 16.755788803100586, 2948.615478515625, 194.594833374023438, 5.387029647827148 ],
	"4" : [ 10.334113121032715, 6.039199829101562, 167.704483032226562, 57.051429748535156, 2.380045413970947 ],
	"40" : [ 2.346683740615845, 5.724071979522705, 136.3509521484375, 199.981857299804688, 3.09986400604248 ],
	"41" : [ 49.492721557617188, 17.898246765136719, 3216.947509765625, 203.08172607421875, 11.110748291015625 ],
	"42" : [ 20.304924011230469, 12.465793609619141, 356.95367431640625, 214.192474365234375, 8.068934440612793 ],
	"43" : [ 20.378082275390625, 16.956188201904297, 3004.9638671875, 222.261398315429688, 7.34911584854126 ],
	"44" : [ 82.283653259277344, 17.533103942871094, 2636.115478515625, 229.610519409179688, 6.815056800842285 ],
	"45" : [ 151.6572265625, 16.656774520874023, 2523.176513671875, 236.425582885742188, 9.763991355895996 ],
	"46" : [ 93.325119018554688, 11.12153434753418, 483.262237548828125, 246.1895751953125, 65.480270385742188 ],
	"47" : [ 33.415596008300781, 13.684995651245117, 1927.4190673828125, 311.669830322265625, 11.923446655273438 ],
	"48" : [ 91.79901123046875, 7.950628280639648, 321.454254150390625, 323.593292236328125, 3.204353809356689 ],
	"49" : [ 117.409873962402344, 10.23792552947998, 755.10821533203125, 326.797637939453125, 2.333605527877808 ],
	"5" : [ 20.528419494628906, 14.884414672851562, 299.08544921875, 59.431472778320312, 3.366893529891968 ],
	"50" : [ 64.797126770019531, 3.218348026275635, 222.213027954101562, 329.131256103515625, 2.438095331192017 ],
	"51" : [ 221.350006103515625, 6.654130935668945, 344.7633056640625, 331.5693359375, 2.333605527877808 ],
	"52" : [ 167.741409301757812, 4.200061798095703, 278.16302490234375, 333.9029541015625, 2.414875268936157 ],
	"53" : [ 242.083648681640625, 7.408361911773682, 381.07501220703125, 336.31781005859375, 2.530975103378296 ],
	"54" : [ 159.917190551757812, 2.986692905426025, 167.398788452148438, 338.848785400390625, 2.380045413970947 ],
	"55" : [ 76.650688171386719, 3.779608964920044, 180.13568115234375, 341.228851318359375, 2.507755041122437 ],
	"56" : [ 27.442470550537109, 8.368674278259277, 1016.9327392578125, 343.736602783203125, 2.345215320587158 ],
	"57" : [ 36.843761444091797, 3.283995628356934, 174.017608642578125, 346.081817626953125, 2.333605527877808 ],
	"58" : [ 198.798538208007812, 9.77935791015625, 300.149139404296875, 348.4154052734375, 2.635464906692505 ],
	"59" : [ 71.645339965820312, 6.926682472229004, 268.654449462890625, 351.050872802734375, 2.484535217285156 ],
	"6" : [ 26.127893447875977, 2.338084697723389, 327.349945068359375, 62.798366546630859, 2.345215320587158 ],
	"60" : [ 118.286735534667969, 6.48650598526001, 220.3704833984375, 353.535430908203125, 2.728344678878784 ],
	"7" : [ 33.654384613037109, 10.068415641784668, 676.76593017578125, 65.143585205078125, 2.786394596099854 ],
	"8" : [ 6.725475311279297, 4.115054607391357, 86.966941833496094, 67.929977416992188, 2.391655445098877 ],
	"9" : [ 106.173980712890625, 6.618233203887939, 245.622665405273438, 70.321632385253906, 2.438095331192017 ]
}
