{
	"0" : [ 0.877899285826212, 4.0 ],
	"1" : [ 3.867665914850265, 1.278450899352703 ],
	"10" : [ 2.335931513980298, 0.424168343110931 ],
	"11" : [ 0.778536049840252, 0.166349591491166 ],
	"12" : [ 0.140550002373658, 1.82668691608604 ],
	"13" : [ 0.0, 1.299871801128428 ],
	"14" : [ 0.287930702263946, 1.424174996315893 ],
	"15" : [ 0.120486343026567, 1.614040459558166 ],
	"16" : [ 0.852062644830586, 0.568736255799979 ],
	"17" : [ 0.718797121424031, 1.744008313920025 ],
	"18" : [ 0.654079277774024, 2.337002319746331 ],
	"19" : [ 0.198017741721819, 2.353177027981357 ],
	"2" : [ 3.365315790108989, 1.033188502781999 ],
	"20" : [ 1.777786450100086, 0.242080827970848 ],
	"21" : [ 1.981829606732309, 1.954922398055614 ],
	"22" : [ 0.192919070699262, 2.938542211643734 ],
	"23" : [ 0.386044338148678, 1.824176113972548 ],
	"24" : [ 1.289699893140586, 0.330034130612236 ],
	"25" : [ 1.574814625350244, 0.544885822699422 ],
	"26" : [ 3.033779647661723, 0.527180878304218 ],
	"27" : [ 1.168602064324607, 1.971293637647933 ],
	"28" : [ 2.051352561190879, 0.573843261229347 ],
	"29" : [ 1.699749785276247, 1.01791793120571 ],
	"3" : [ 3.696344089536196, 1.046051156186556 ],
	"30" : [ 2.197781827150344, 1.097448104926452 ],
	"31" : [ 2.55017005500047, 1.744180820452637 ],
	"32" : [ 2.563686921332587, 1.240527804839712 ],
	"33" : [ 2.919389933535618, 1.833452146174352 ],
	"34" : [ 2.944311178828335, 1.050620274468073 ],
	"35" : [ 3.168650619017253, 1.550026795655779 ],
	"36" : [ 3.418508264053597, 1.579811221413057 ],
	"37" : [ 2.825636617227403, 0.5558780125898 ],
	"38" : [ 2.189935261687352, 1.668728667971932 ],
	"39" : [ 2.278540971210846, 2.137375842141508 ],
	"4" : [ 3.677978700088925, 1.157838218521289 ],
	"40" : [ 2.495545894603977, 2.405640072728837 ],
	"41" : [ 1.24666074753013, 3.071915965221437 ],
	"42" : [ 1.729156507454052, 1.678052217033624 ],
	"43" : [ 0.583467448114969, 3.175770941219283 ],
	"44" : [ 0.404392619064416, 2.834576694969513 ],
	"45" : [ 1.026953110790476, 3.00002494922192 ],
	"46" : [ 1.605573409317289, 3.317094574364392 ],
	"47" : [ 0.685325861240653, 3.9399397312781 ],
	"48" : [ 3.198887300835974, 2.961804938216791 ],
	"49" : [ 3.215481569661663, 2.429374707874361 ],
	"5" : [ 0.569069343269528, 0.586526797860545 ],
	"50" : [ 3.513823712688887, 2.389440873555417 ],
	"51" : [ 3.384816145254459, 3.094603578101311 ],
	"52" : [ 3.679975533991608, 2.715706374194573 ],
	"53" : [ 3.758107044891616, 2.89421008061526 ],
	"54" : [ 4.0, 2.762192571355658 ],
	"55" : [ 3.908777143141059, 2.39093837359905 ],
	"56" : [ 3.999975684844598, 2.141765402350379 ],
	"57" : [ 3.934733847863027, 1.651509416304746 ],
	"58" : [ 1.067252545623712, 1.258285649908417 ],
	"59" : [ 0.455454611668713, 3.801768831720685 ],
	"6" : [ 1.919274183675089, 0.0 ],
	"60" : [ 0.627975133996815, 3.586943601210541 ],
	"61" : [ 1.095288206218689, 3.61100112167137 ],
	"62" : [ 0.895509384386768, 3.339848339996691 ],
	"7" : [ 1.418142777375416, 1.506397691202725 ],
	"8" : [ 2.367211697928141, 0.822215727302652 ],
	"9" : [ 1.313616004872957, 1.023049455686878 ]
}
