{
	"0" : [ 0.898320581012223, 0.175638510523522 ],
	"1" : [ 0.44279937744619, 0.883084614805154 ],
	"10" : [ 0.524854414919403, 0.144738781818422 ],
	"11" : [ 0.434857712368398, 0.151858496807046 ],
	"12" : [ 0.412437909206438, 0.733206674304385 ],
	"13" : [ 0.680583711171968, 0.258514700584896 ],
	"14" : [ 0.453607856649604, 0.176810887211796 ],
	"15" : [ 0.730044733586356, 0.0 ],
	"16" : [ 0.750893973477338, 0.200668101624735 ],
	"17" : [ 0.505360420865072, 0.006647685425013 ],
	"18" : [ 0.05355262366645, 0.064083861148707 ],
	"19" : [ 0.477553976846037, 1.0 ],
	"2" : [ 0.572681461582154, 0.871651371594042 ],
	"20" : [ 0.47816544415954, 0.133665665718557 ],
	"21" : [ 0.507688585154981, 0.169917204894947 ],
	"22" : [ 0.126260946490411, 0.104168716224249 ],
	"3" : [ 0.584226665560867, 0.140497570341566 ],
	"4" : [ 0.462404093966751, 0.163872444628029 ],
	"5" : [ 0.113123020497479, 0.092784740938183 ],
	"6" : [ 0.018141811966747, 0.200050753103076 ],
	"7" : [ 1.0, 0.18182956082643 ],
	"8" : [ 0.580177173045962, 0.834691002641546 ],
	"9" : [ 0.0, 0.104579367949644 ]
}
