{
	"0" : [ 0.0, 3.042115017985915 ],
	"1" : [ 1.703825920533956, 3.657860577892714 ],
	"10" : [ 0.612224363006408, 3.886276914403129 ],
	"11" : [ 4.0, 1.588575391466365 ],
	"12" : [ 3.665233179512968, 1.484430128568703 ],
	"13" : [ 2.227985652360057, 1.879135744130417 ],
	"14" : [ 2.554990294064957, 1.360620459437033 ],
	"15" : [ 2.993583642363796, 4.0 ],
	"16" : [ 2.214087865163763, 2.215157877146617 ],
	"17" : [ 2.873300585485919, 2.810171273015403 ],
	"18" : [ 2.106923411285231, 1.765280828681808 ],
	"19" : [ 3.136065974665769, 0.0 ],
	"2" : [ 0.042529536476494, 3.499099999282055 ],
	"3" : [ 2.816510763649562, 0.168425354616202 ],
	"4" : [ 1.603072452218328, 3.388685139017999 ],
	"5" : [ 3.010542109930838, 1.853573871883342 ],
	"6" : [ 2.614403089082289, 1.128578002065401 ],
	"7" : [ 1.066787717385034, 1.645210071728678 ],
	"8" : [ 1.887344352934939, 2.922793643345335 ],
	"9" : [ 1.162610556684599, 2.80957291907669 ]
}
