{
	"0" : [ 1.148146879048472, 0.759309556438041 ],
	"1" : [ 1.268703332854833, 0.407442686613722 ],
	"10" : [ 2.339729268128116, 0.612909089318906 ],
	"11" : [ 3.356560124856621, 1.241611067348412 ],
	"12" : [ 3.619339482898596, 0.550268972569076 ],
	"13" : [ 3.39716477330926, 0.671401103094312 ],
	"14" : [ 3.464237968024251, 0.952271457943291 ],
	"15" : [ 3.83670985962221, 0.552256753029574 ],
	"16" : [ 3.780554297015874, 0.903826150913651 ],
	"17" : [ 3.811479471169452, 1.286479426638758 ],
	"18" : [ 3.700420975714968, 1.463276060329339 ],
	"19" : [ 3.973720966810212, 1.472272124571022 ],
	"2" : [ 1.526157364486628, 0.42089739026887 ],
	"20" : [ 4.0, 1.086230784503089 ],
	"21" : [ 0.0, 2.470878523042129 ],
	"22" : [ 0.146991837959928, 2.67166328419383 ],
	"23" : [ 0.308664358594783, 2.467539792294449 ],
	"24" : [ 0.529587976924989, 2.391407533387536 ],
	"25" : [ 0.661074740210223, 1.591346145099652 ],
	"26" : [ 0.904727345654489, 2.193542988819606 ],
	"27" : [ 0.967237877402161, 1.82774579398663 ],
	"28" : [ 0.844173954930021, 1.149321329489635 ],
	"29" : [ 1.01211781904296, 1.430093032769394 ],
	"3" : [ 1.401323199416755, 0.056894526810288 ],
	"30" : [ 1.269950562148761, 1.480075704274573 ],
	"31" : [ 0.371064925862822, 2.926380056067948 ],
	"32" : [ 0.091843498442229, 3.021679184013659 ],
	"33" : [ 0.554280774745137, 3.26501961797773 ],
	"34" : [ 0.23427629028027, 3.400536569263666 ],
	"35" : [ 0.044593640690152, 3.609570040216826 ],
	"36" : [ 0.510361641411111, 3.860694031618757 ],
	"37" : [ 0.360250923232545, 3.652244604576507 ],
	"38" : [ 0.277173525072042, 4.0 ],
	"39" : [ 0.608827979814382, 3.648641989105247 ],
	"4" : [ 2.037358250780551, 0.47877712605619 ],
	"5" : [ 1.728850103831719, 0.0 ],
	"6" : [ 1.674522675039116, 0.162919193827658 ],
	"7" : [ 1.63189375273016, 0.831336117492135 ],
	"8" : [ 1.944759099300831, 0.90455633082649 ],
	"9" : [ 2.343349355164376, 0.968843225120264 ]
}
