{
	"0" : [ 3.306848727490784, 0.374778934364663 ],
	"1" : [ 0.857101779283012, 2.511105618528658 ],
	"10" : [ 3.235942068900179, 4.0 ],
	"11" : [ 4.0, 2.717861392210719 ],
	"12" : [ 3.882958857365274, 3.155331012606392 ],
	"13" : [ 3.754210537928358, 2.977082024152264 ],
	"14" : [ 3.169502713644113, 3.54272708862242 ],
	"15" : [ 3.394467717436404, 2.659255984599211 ],
	"16" : [ 3.478871130261711, 1.979133854659905 ],
	"17" : [ 3.796572657694119, 2.165687009832636 ],
	"18" : [ 2.1272791402213, 3.644392880057773 ],
	"19" : [ 2.087026070343578, 2.214943007121369 ],
	"2" : [ 0.6565381449212, 3.151928021703807 ],
	"20" : [ 3.876717527135494, 1.330710426460714 ],
	"21" : [ 3.842243849013752, 2.426219903549338 ],
	"22" : [ 2.731165810427462, 3.677296376709221 ],
	"23" : [ 2.507224480268768, 3.270974779493399 ],
	"24" : [ 1.225440566806592, 3.793749304176345 ],
	"25" : [ 2.825613110366416, 1.917508077636051 ],
	"26" : [ 1.822552924449984, 3.508701587267365 ],
	"27" : [ 2.285034272680036, 2.963892046460535 ],
	"28" : [ 1.698804140944042, 3.012358372434719 ],
	"29" : [ 1.434212473595968, 2.043690821891194 ],
	"3" : [ 0.65935763268161, 3.647950037962466 ],
	"30" : [ 1.501993243277972, 2.485014330953428 ],
	"31" : [ 1.131693948992501, 1.983584016893977 ],
	"32" : [ 1.221759907646593, 3.081862966370734 ],
	"33" : [ 0.987950449128495, 2.815064960404658 ],
	"34" : [ 0.869045445430876, 3.34416074898786 ],
	"35" : [ 1.382629254299574, 3.316363194768575 ],
	"36" : [ 1.853244485090382, 2.522967847025809 ],
	"37" : [ 1.73907963985425, 2.032394785847895 ],
	"38" : [ 1.52135596489672, 1.436014175618722 ],
	"39" : [ 3.167532177115227, 0.0 ],
	"4" : [ 3.38988381007235, 3.58741534761934 ],
	"40" : [ 2.359357144017685, 3.832458606746976 ],
	"41" : [ 3.508919124705867, 1.185437792070545 ],
	"42" : [ 3.657811645298976, 1.647356489096662 ],
	"43" : [ 2.987496620294004, 0.519842492067397 ],
	"44" : [ 2.646179666529496, 0.417419596143706 ],
	"45" : [ 3.51728532680819, 0.275161652832127 ],
	"46" : [ 0.469643815051545, 1.264423846149552 ],
	"47" : [ 0.673707524083334, 1.698143271397643 ],
	"48" : [ 0.408166103940757, 1.939811918847004 ],
	"49" : [ 0.257853622323597, 1.380525260843279 ],
	"5" : [ 2.01119223104559, 3.275551496135578 ],
	"50" : [ 0.235698911386282, 2.369446691558349 ],
	"51" : [ 0.095141858790797, 2.046383397293555 ],
	"52" : [ 0.0, 2.718844161464234 ],
	"53" : [ 0.08883831684541, 3.002359918014869 ],
	"54" : [ 0.177345002441675, 3.366859635853834 ],
	"55" : [ 0.329408861314567, 3.644008326170328 ],
	"56" : [ 3.076556313902916, 2.451798711245952 ],
	"57" : [ 3.681424026615144, 0.771832150084387 ],
	"58" : [ 3.569477448767334, 0.607366590372328 ],
	"59" : [ 3.148920920461396, 1.070152451047715 ],
	"6" : [ 2.517120646301602, 2.059245675543587 ],
	"60" : [ 3.147401353435813, 0.817830019636479 ],
	"61" : [ 2.405349528960454, 2.743398616538216 ],
	"62" : [ 2.97097094041833, 2.792832445332107 ],
	"63" : [ 0.559203837869657, 2.668210444928795 ],
	"64" : [ 0.451192230583578, 2.980971483221903 ],
	"7" : [ 1.796324610539678, 1.074728977903253 ],
	"8" : [ 2.674883769251701, 2.411777846650259 ],
	"9" : [ 1.909240618090712, 1.502107580341877 ]
}
