{
	"0" : [ 1.89686543970394, 0.293564037539176, 0.174929812155291 ],
	"1" : [ 0.122850793316028, 1.219917411780509, 0.064866839559621 ],
	"10" : [ 0.773901167621646, 1.691578495485231, 1.750209840100176 ],
	"11" : [ 0.250889479996203, 1.9823863954238, 1.086188099348554 ],
	"12" : [ 0.315406823585913, 1.16222604220408, 1.194002981718693 ],
	"13" : [ 0.396557522895459, 0.956171883495737, 1.098747932644724 ],
	"14" : [ 0.71084020962708, 1.489578217414783, 1.75350462705956 ],
	"15" : [ 0.112181992818222, 0.319322980548599, 2.0 ],
	"16" : [ 0.204430694060605, 1.392788961061409, 1.33070411355768 ],
	"17" : [ 0.09914112819533, 0.251063117249658, 0.623760698819269 ],
	"18" : [ 0.380345307497049, 0.197175883478712, 0.483370589107983 ],
	"19" : [ 0.034533961034313, 1.514091813327412, 0.438585895826092 ],
	"2" : [ 0.196537224066951, 1.10929515040608, 0.054918446268895 ],
	"20" : [ 0.596140008990864, 1.493379474250008, 1.35087597664165 ],
	"21" : [ 0.030658906276359, 1.833362692787103, 1.008119285847734 ],
	"22" : [ 0.093357156268127, 1.754332346706811, 1.150146649328432 ],
	"23" : [ 0.754883103313727, 1.646006741016244, 1.87967948456301 ],
	"24" : [ 0.500791439172143, 0.926742057745829, 1.103401824277751 ],
	"25" : [ 0.545005231571193, 1.564001049326011, 1.186638645410159 ],
	"26" : [ 0.134894868464401, 1.680446670969745, 0.939274145787145 ],
	"27" : [ 0.272099580380986, 0.164938750875607, 0.575869359122946 ],
	"28" : [ 0.088087264550265, 1.0671717340926, 0.271500024397331 ],
	"29" : [ 0.0, 0.339642917179018, 0.880873972803898 ],
	"3" : [ 0.260896529653283, 1.384695765906925, 0.280862575990276 ],
	"30" : [ 1.877057492329695, 0.115619039152917, 0.253718204506866 ],
	"31" : [ 0.34623011125921, 0.822239259377498, 0.92978333470072 ],
	"32" : [ 0.699529500811884, 1.606787814640208, 1.555744102225115 ],
	"33" : [ 0.613639279523816, 1.624800726492355, 1.421586047182995 ],
	"34" : [ 0.44274713731051, 0.851833627901602, 1.082714403326519 ],
	"35" : [ 0.184740497096972, 1.784284201774253, 1.234528130977721 ],
	"36" : [ 0.366460772240927, 0.549945024753, 0.733590052592095 ],
	"37" : [ 0.742700880561521, 1.593642717062558, 1.867290201296798 ],
	"38" : [ 0.1608363827874, 0.176305793043446, 0.694022425709717 ],
	"39" : [ 0.245220799754911, 1.321619164416927, 1.306455394568769 ],
	"4" : [ 0.303417797142396, 1.27202244249788, 0.087040126781641 ],
	"40" : [ 0.045807368691178, 0.515440612019426, 0.475476152889766 ],
	"41" : [ 1.939850598489125, 0.227132201879695, 0.09052264838273 ],
	"42" : [ 1.963814425496679, 0.181918075454185, 0.160801477971338 ],
	"43" : [ 0.013948997615869, 0.340742412076235, 0.686703300904544 ],
	"44" : [ 0.18801079131547, 1.229404222180067, 0.258297862731016 ],
	"45" : [ 1.996465858513346, 0.187561201461609, 0.051891973579766 ],
	"46" : [ 0.296174045931482, 0.464347563214404, 0.86163207517167 ],
	"47" : [ 0.147909903866665, 0.396898724092096, 1.948353927877642 ],
	"48" : [ 0.142611579255417, 0.247257525430112, 1.905027226179719 ],
	"49" : [ 0.11524285181826, 0.495657972891364, 1.937747664960263 ],
	"5" : [ 0.256090166219548, 1.640164005036584, 1.34685810914922 ],
	"50" : [ 0.130550848861931, 0.642996523548347, 1.83590793330837 ],
	"51" : [ 0.130559014091376, 0.725076177770648, 1.767390342959278 ],
	"52" : [ 2.0, 0.0, 0.099074235431999 ],
	"53" : [ 0.106270817891699, 0.684860640849818, 1.656052326291476 ],
	"54" : [ 1.81903563232481, 0.261264515074816, 0.30477202869267 ],
	"55" : [ 0.269982034100068, 1.141832424761277, 1.64553340220783 ],
	"56" : [ 0.170312490382728, 0.857018711196083, 1.722791802129085 ],
	"57" : [ 0.751234054854742, 1.518026616348423, 1.638007550014525 ],
	"58" : [ 0.252975118732379, 1.717947546500269, 1.177449064514015 ],
	"59" : [ 0.34212302413967, 0.11876098209955, 0.525619184831394 ],
	"6" : [ 0.033497715939454, 1.355529822247054, 0.345663370475412 ],
	"60" : [ 0.12046852577684, 1.06482512980858, 0.133783366237703 ],
	"61" : [ 0.243916924801262, 2.0, 0.99012441742833 ],
	"62" : [ 0.044095070641307, 1.880421678041748, 1.166180245004771 ],
	"63" : [ 0.354109199812422, 0.238110467888664, 0.576013078626677 ],
	"64" : [ 0.05969862537592, 1.652143750796889, 0.682055472191267 ],
	"65" : [ 0.795759064337842, 1.595470722411843, 1.77107381611691 ],
	"66" : [ 0.156433065044801, 1.976768256216165, 1.128596841979575 ],
	"67" : [ 0.657500432126083, 1.677000518965249, 1.670484565821703 ],
	"68" : [ 0.407991654662433, 0.663988831149077, 0.907248608682935 ],
	"69" : [ 0.474697361331455, 0.762224829065775, 1.008303477915707 ],
	"7" : [ 0.558594664728071, 1.694491539250315, 1.24952999675513 ],
	"70" : [ 0.151921309923849, 0.257291411659456, 0.856650411418433 ],
	"71" : [ 0.058560064372649, 0.252630832640459, 0.786159934300315 ],
	"72" : [ 1.94600996026226, 0.062077935548243, 0.134250055167629 ],
	"73" : [ 0.030937848432803, 1.565309705739697, 0.507954708295215 ],
	"74" : [ 0.510811146474344, 1.560216430344905, 1.477263455890746 ],
	"75" : [ 0.260601577433907, 1.187161240450467, 0.0 ],
	"76" : [ 0.312080029246728, 1.321551977335855, 1.470232235836917 ],
	"77" : [ 0.101154698741671, 0.911364829285186, 0.199038668809443 ],
	"8" : [ 0.455501301916938, 1.792810878119379, 1.029228397413588 ],
	"9" : [ 0.058985334975057, 1.993865188515254, 1.099136053994909 ]
}
