{
	"0" : [ 0.350461339687159, 0.35678785742242, 0.062296130955376 ],
	"1" : [ 0.0, 2.360067219720527, 0.545352818658098 ],
	"10" : [ 3.239853591313467, 2.321318864469842, 2.841778879023018 ],
	"11" : [ 0.671745962448486, 0.623677105560659, 0.957795659286199 ],
	"12" : [ 3.35316128915068, 3.244071956901452, 3.173628621791954 ],
	"13" : [ 3.534857478993922, 3.633921483159258, 2.138272685084115 ],
	"14" : [ 3.917189556675852, 3.432108528942326, 1.989635057974125 ],
	"15" : [ 4.0, 3.283329762915532, 3.177023257242823 ],
	"16" : [ 0.757398872994938, 2.857398413778276, 2.294433565172139 ],
	"17" : [ 0.061014419969794, 2.19276930000059, 1.468599805091271 ],
	"18" : [ 0.271389494745099, 3.26602571212416, 0.279189403903415 ],
	"19" : [ 0.124647638920735, 3.25848647815039, 1.310723724784725 ],
	"2" : [ 0.342906072965232, 2.496288412806078, 0.661648291987293 ],
	"20" : [ 0.287334373480888, 2.969776657879419, 1.943416518130941 ],
	"21" : [ 0.468245534644856, 1.746491545135757, 1.298956565808083 ],
	"22" : [ 3.437372534759913, 2.57506993918359, 4.0 ],
	"23" : [ 3.792439202770859, 3.929469233068395, 2.778955153909812 ],
	"24" : [ 0.919490219699915, 3.351586985130131, 1.511534052892841 ],
	"25" : [ 3.484807410075615, 4.0, 3.46407018188444 ],
	"26" : [ 3.779672929884497, 2.776617782134233, 3.423982084285672 ],
	"27" : [ 3.942387981914817, 2.581861209515568, 2.133515866564309 ],
	"28" : [ 3.81907736066392, 2.181810533215757, 2.920273327688556 ],
	"29" : [ 3.654743738325098, 2.638842648061861, 2.06006938238264 ],
	"3" : [ 0.289421782493867, 0.71968382778448, 0.98416890725743 ],
	"4" : [ 0.609146235027658, 0.0, 0.181626119158363 ],
	"5" : [ 0.501233972684935, 3.257681775571354, 0.876721943834555 ],
	"6" : [ 0.660814789998674, 0.942550727658336, 0.023629623398404 ],
	"7" : [ 2.905195117197017, 2.070155109905912, 2.821715139666055 ],
	"8" : [ 0.42096769150074, 1.346922335180862, 0.0 ],
	"9" : [ 2.999057344049013, 2.65267840635074, 3.510624176936465 ]
}
