{
	"0" : [ 0.953380945255461, 0.671145008109928, 0.067190563554338 ],
	"1" : [ 0.676652623887587, 0.458990852839454, 2.0 ],
	"10" : [ 1.403394681810448, 1.556057239324957, 1.764586502499367 ],
	"11" : [ 1.811608767628583, 1.423066872768825, 0.393081522836506 ],
	"12" : [ 0.755911160249996, 1.602514549913749, 1.822568918480151 ],
	"13" : [ 0.884993923533217, 0.056955860126387, 0.679710994069847 ],
	"14" : [ 0.0, 1.02530155297688, 1.099883220838027 ],
	"15" : [ 1.812509728254021, 0.56655663284127, 0.466349597642295 ],
	"16" : [ 1.550685441014517, 1.909603059548324, 0.738057650838358 ],
	"17" : [ 1.829664792169131, 1.793530684774453, 1.224057292126494 ],
	"18" : [ 1.395094894703772, 0.991147749063016, 0.292369846401183 ],
	"19" : [ 1.11869446185933, 0.1561172332413, 0.0 ],
	"2" : [ 0.420954648491141, 0.040636074393036, 1.126691187638508 ],
	"20" : [ 2.0, 1.359253173628556, 0.882103528879452 ],
	"21" : [ 0.293380327289904, 1.941920039293109, 1.046456628468098 ],
	"22" : [ 0.345111184678816, 0.244654441415922, 0.427640034660092 ],
	"23" : [ 0.672413012398404, 0.0, 0.102490224138516 ],
	"24" : [ 1.096793368059076, 1.542522999838155, 1.24487831365945 ],
	"25" : [ 0.773187979095152, 2.0, 1.00720557727485 ],
	"26" : [ 1.193604098541745, 0.95460621125022, 1.003555295106112 ],
	"27" : [ 0.280087857402756, 1.60436276348379, 1.629650440522935 ],
	"28" : [ 0.416157316330371, 0.7766029567998, 0.724577537448174 ],
	"29" : [ 0.404245789289155, 1.513051540978984, 0.785765433318049 ],
	"3" : [ 1.817739735888122, 0.463955023465298, 1.132688665933429 ],
	"4" : [ 1.351829132737553, 0.518039620192353, 1.631233949201725 ],
	"5" : [ 1.494183203327888, 0.180055138353255, 0.694989745926809 ],
	"6" : [ 0.676839739167621, 0.580996419813642, 1.361897564035092 ],
	"7" : [ 0.10170369424003, 0.514394479344694, 1.635163607651379 ],
	"8" : [ 0.382959100807643, 1.001074021008695, 1.844600204384266 ],
	"9" : [ 1.781518829734922, 1.04407313598835, 1.533510192700159 ]
}
