{
	"0" : [ 0.523799560791075, 0.64543465981865, 0.0 ],
	"1" : [ 0.712882947333086, 0.362454894546837, 0.216037117386074 ],
	"10" : [ 1.723293785160451, 1.278885047153073, 1.283291616748006 ],
	"11" : [ 1.777620107202956, 1.127025035365189, 1.004546810910509 ],
	"12" : [ 0.649936276491797, 0.347626217986165, 0.175518353528401 ],
	"13" : [ 0.258256446880606, 1.899431694456221, 0.231916746687495 ],
	"14" : [ 0.6612042190316, 0.278500021113896, 0.28800370295072 ],
	"15" : [ 0.589546974823167, 0.159055828574838, 0.456460579131686 ],
	"16" : [ 0.223980274352876, 1.650616617295847, 0.782828697465809 ],
	"17" : [ 0.228796503063785, 1.827883172385351, 0.57230352249539 ],
	"18" : [ 0.508293315264802, 0.166001183308191, 0.856599795816653 ],
	"19" : [ 0.245814562234858, 1.907722347899633, 0.407041788518972 ],
	"2" : [ 0.219644559721881, 1.887899019434624, 0.191116261279423 ],
	"20" : [ 0.526579841851356, 0.180978640056551, 0.819133792555343 ],
	"21" : [ 0.262627064354095, 1.99236330249484, 0.502407802328214 ],
	"22" : [ 0.038573427642766, 0.847859088494751, 2.0 ],
	"23" : [ 0.052995682162186, 0.800807575082395, 1.898116991271535 ],
	"24" : [ 0.201142063436755, 0.763120218291404, 1.618487435681185 ],
	"25" : [ 0.319748276676721, 0.432300758674039, 1.441322933284443 ],
	"26" : [ 0.0, 0.872559563319443, 1.984113881712809 ],
	"27" : [ 1.830827494194851, 1.124621472465361, 1.050192581109058 ],
	"28" : [ 1.917637832984882, 1.471145851266198, 1.626182004567802 ],
	"29" : [ 1.823563820921272, 1.423476498826446, 1.584979525816131 ],
	"3" : [ 0.211034521887322, 1.542547537109602, 0.79114858305939 ],
	"30" : [ 1.915656262201552, 1.226138579215352, 1.276056553092481 ],
	"31" : [ 2.0, 1.591370656002307, 1.701812015492846 ],
	"32" : [ 1.970038095051731, 1.579644632685133, 1.719719183638515 ],
	"33" : [ 1.989948496362694, 1.564076052481401, 1.746552837853917 ],
	"34" : [ 1.928082965027563, 1.337350568580353, 1.469500457210337 ],
	"35" : [ 1.809908833149637, 1.347932767360976, 1.521654406232491 ],
	"36" : [ 1.776761476863551, 1.40454686419434, 1.547757934726765 ],
	"37" : [ 1.89091182552821, 1.161195388890337, 1.155229680274608 ],
	"38" : [ 1.748004557127103, 1.322518199809904, 1.350841953571649 ],
	"39" : [ 0.238634888463581, 1.829093086143555, 0.149106533656348 ],
	"4" : [ 0.220603123688221, 1.558645783936323, 1.014996106418315 ],
	"40" : [ 0.672656224130692, 0.49311907103034, 0.154523916609365 ],
	"41" : [ 0.308266831057544, 2.0, 0.368855457057292 ],
	"42" : [ 0.22606294788431, 1.64158111256832, 0.485506745270524 ],
	"43" : [ 0.228878356862799, 1.734966107655642, 0.529530173883715 ],
	"44" : [ 0.485385823635223, 0.200555381025169, 0.920457972854866 ],
	"45" : [ 0.310255811537619, 1.95392707673743, 0.45575232822628 ],
	"46" : [ 0.267031825696933, 1.720601585117582, 0.46873084513776 ],
	"47" : [ 0.269943429752272, 0.529569713840358, 1.511136864988605 ],
	"48" : [ 0.032200468792644, 0.920994771422388, 1.898149077856406 ],
	"49" : [ 0.205184182465796, 1.560564327745693, 0.947549361908071 ],
	"5" : [ 0.197016973021765, 1.792782066968909, 0.768068735877706 ],
	"50" : [ 0.210322581858757, 1.531018171801553, 0.681700083056108 ],
	"51" : [ 0.262368144224054, 1.693985723303695, 0.241433120156034 ],
	"52" : [ 0.247697185093558, 1.568026009258048, 0.726470396537381 ],
	"53" : [ 0.155941394772307, 0.906391852669745, 1.692000438558428 ],
	"54" : [ 0.088424306592606, 0.961777709446785, 1.797619053830702 ],
	"55" : [ 0.153860690829243, 0.832144609286918, 1.727609176178591 ],
	"56" : [ 0.115963731823154, 0.879635343545785, 1.882050590054187 ],
	"57" : [ 0.122616629445165, 0.680068362565255, 1.885045104626747 ],
	"58" : [ 0.117993558206413, 0.752859831382691, 1.943710498080291 ],
	"59" : [ 0.293041487715738, 0.469999766901629, 1.520571928500389 ],
	"6" : [ 0.558429715843765, 0.580976687472704, 0.062271160233422 ],
	"60" : [ 0.360988598288983, 0.36751481091492, 1.342322957317917 ],
	"61" : [ 0.599471969661444, 0.050843170939797, 0.6711182393835 ],
	"62" : [ 0.650835020288902, 0.0, 0.580983132386159 ],
	"63" : [ 0.711949040738434, 0.074184767895249, 0.481755795877577 ],
	"64" : [ 0.699272478324279, 0.144293724301954, 0.405604033397538 ],
	"65" : [ 1.834355737481593, 1.206334469716904, 1.209930523794504 ],
	"66" : [ 1.697754733806855, 1.246949901122897, 1.193165668980851 ],
	"67" : [ 0.604032367132716, 0.065560039959146, 0.556421472261412 ],
	"68" : [ 0.641629934068744, 0.134520626149968, 0.575421384780087 ],
	"7" : [ 0.586001788776841, 0.578367145486091, 0.032208149583905 ],
	"8" : [ 0.736522534805569, 0.46684119239564, 0.20325855890814 ],
	"9" : [ 1.839150677200786, 1.063294752210064, 0.960316915129245 ]
}
