{
	"0" : [ 1.895005141183805, 1.69753228200652, 1.331037401832092 ],
	"1" : [ 2.0, 1.661470321813892, 0.691041358052054 ],
	"10" : [ 0.398715564711225, 1.761085029709269, 1.768673340344762 ],
	"11" : [ 0.149575446190517, 1.373221749025528, 0.432950689016704 ],
	"12" : [ 0.263278988619632, 1.363246063068569, 0.50173187707413 ],
	"13" : [ 0.273892000074338, 1.697682888209529, 1.004921883888378 ],
	"14" : [ 0.127879248318751, 1.745897524054293, 0.979655873567852 ],
	"15" : [ 0.107214537060177, 1.579642529193287, 0.241706838814398 ],
	"16" : [ 1.743247561143086, 1.842242662318644, 0.49501033507506 ],
	"17" : [ 0.464565739951541, 1.8037355084088, 1.525745672537286 ],
	"18" : [ 0.348459970877604, 1.79455910022547, 1.43191693970282 ],
	"19" : [ 0.288963209984529, 1.681878762744017, 1.774117704868851 ],
	"2" : [ 1.593877905630908, 1.920322859305078, 0.95836589172704 ],
	"20" : [ 0.173321135123271, 1.718833096702836, 1.54923619364044 ],
	"21" : [ 0.114973829424877, 1.546996717792868, 0.760921783584274 ],
	"22" : [ 0.221861178043354, 1.787526919297068, 1.624316107642344 ],
	"23" : [ 0.346399039257306, 1.710438989017292, 1.946910661516235 ],
	"24" : [ 0.058837144202366, 1.868967330304628, 0.305480414109249 ],
	"25" : [ 0.035197897684287, 1.892655434168931, 0.0 ],
	"26" : [ 0.0, 1.980869267844064, 0.116745274971886 ],
	"27" : [ 1.976483505387348, 1.609409380942133, 1.1263926693126 ],
	"28" : [ 1.982550675432775, 1.590292878948952, 0.291067455562416 ],
	"29" : [ 1.981925160953551, 1.565309479949315, 0.106903948913293 ],
	"3" : [ 1.912796295334913, 1.89919174555704, 0.537386246569001 ],
	"30" : [ 0.959019350476573, 1.294720804262788, 1.681261867704385 ],
	"31" : [ 1.040353439322047, 1.332779316956697, 1.488057478395679 ],
	"32" : [ 1.028057866827216, 0.812805105339291, 1.43864950865873 ],
	"33" : [ 0.994170368207058, 1.013194931992024, 1.773962980311803 ],
	"34" : [ 1.041824977778968, 0.455787619748616, 1.271067074283582 ],
	"35" : [ 1.119697260196951, 1.078862479582739, 1.819167221784979 ],
	"36" : [ 1.105918319013406, 1.124660845314133, 1.487654063412065 ],
	"37" : [ 1.108407367363626, 0.04058750134212, 1.291268993882357 ],
	"38" : [ 1.054088192728678, 0.188698719041655, 1.229407459420722 ],
	"39" : [ 1.065045374381259, 0.0, 1.144307849444511 ],
	"4" : [ 1.807152487924364, 1.878312022573813, 1.066470422253895 ],
	"40" : [ 1.059502536315778, 1.023852597012046, 2.0 ],
	"41" : [ 1.847693382493646, 1.804206530280069, 1.37503036447014 ],
	"5" : [ 1.929000254134456, 1.714554939309172, 0.096394019914617 ],
	"6" : [ 1.687524529461425, 1.888851076532903, 0.839692280818939 ],
	"7" : [ 1.848502255688116, 1.770595526314098, 0.250114056731692 ],
	"8" : [ 1.859965174324294, 2.0, 0.845892022482561 ],
	"9" : [ 0.296359117530776, 1.490353441480514, 0.72068276800794 ]
}
