{
	"0" : [ 0.0, 1.019771124424885, 1.685882733873135 ],
	"1" : [ 1.085597409741236, 1.171035931554232, 1.085658834549631 ],
	"10" : [ 0.322958485134776, 0.928748975350649, 1.773252771875375 ],
	"11" : [ 0.076387694263024, 0.851092151729301, 1.447688004444246 ],
	"12" : [ 0.135176970734062, 1.03816938901777, 1.820849181033976 ],
	"13" : [ 0.451132765836374, 0.64462891686764, 1.282230114940923 ],
	"14" : [ 0.162905464127655, 0.801022587574338, 1.62488452354941 ],
	"15" : [ 0.511813044964999, 0.986515225779389, 1.526513054609896 ],
	"16" : [ 1.151060309176806, 0.655183904739217, 0.735548619830275 ],
	"17" : [ 0.231015069889069, 0.682511620886134, 1.436317100061475 ],
	"18" : [ 1.373715658405604, 0.164202727441051, 0.95636226994599 ],
	"19" : [ 1.717431600904451, 1.331426219080018, 1.730814505466094 ],
	"2" : [ 0.328184301369358, 1.197589726991893, 1.740961137290045 ],
	"20" : [ 1.691821384328115, 1.429671044863425, 1.893939582537908 ],
	"21" : [ 1.587278376725556, 1.296414539583126, 1.763593242223638 ],
	"22" : [ 1.624545614571937, 1.24773463565071, 2.0 ],
	"23" : [ 1.714922616791477, 1.220921960860763, 1.867039907478284 ],
	"24" : [ 1.544388184443257, 1.400073059446979, 1.943369578061919 ],
	"25" : [ 1.085900313830434, 0.425288434535553, 0.767213133900195 ],
	"26" : [ 1.178852823065758, 0.246528945866502, 0.875184044990949 ],
	"27" : [ 0.751332952831213, 0.92024462262566, 0.807508582489816 ],
	"28" : [ 1.042628922711307, 0.910954381445451, 0.914338911981832 ],
	"29" : [ 0.519755679472374, 0.842017349905512, 0.546101116924329 ],
	"3" : [ 0.551904590906833, 1.191156988772032, 1.628556443329399 ],
	"30" : [ 0.953971206323919, 0.817935362495373, 0.656699333740451 ],
	"31" : [ 1.439467540353765, 0.289959185689682, 0.791942680260623 ],
	"32" : [ 0.265464642159247, 0.737777749231884, 0.101813982334611 ],
	"33" : [ 0.676997920267641, 0.689610055884567, 0.916431187936893 ],
	"34" : [ 0.807472786853505, 0.776422803649744, 1.047163187736197 ],
	"35" : [ 0.874949263073231, 0.462355153897595, 0.799266156184306 ],
	"36" : [ 0.64134332385244, 1.048594802885866, 0.545543783145181 ],
	"37" : [ 0.509804281059243, 1.088162068753581, 0.690758827145266 ],
	"38" : [ 0.868603515657274, 1.215635279875477, 0.419771427755061 ],
	"39" : [ 1.09964873404647, 0.740104768835036, 0.506713306666967 ],
	"4" : [ 0.584009978539916, 0.851759976048848, 1.303032672839596 ],
	"40" : [ 0.377660323687265, 0.661460878340999, 0.490892591641102 ],
	"41" : [ 0.574634104286285, 0.547879060224802, 0.038972862917415 ],
	"42" : [ 0.39191606587194, 0.866244442428535, 0.397298318652468 ],
	"43" : [ 0.415724682906602, 0.591958788580129, 0.0 ],
	"44" : [ 0.397336511274311, 0.866313531660573, 0.115824365052523 ],
	"45" : [ 0.47067711155369, 0.653164569275735, 0.238980579094141 ],
	"46" : [ 0.41922038401997, 1.088861101746841, 0.52640845783642 ],
	"47" : [ 0.458006165894569, 1.052797054648938, 0.262287723532782 ],
	"48" : [ 0.682214132923906, 0.609704775629245, 0.225856969056899 ],
	"49" : [ 0.920472311543408, 1.187851007553798, 1.003035661723479 ],
	"5" : [ 0.179721981517292, 1.044157665383169, 1.622338774969039 ],
	"50" : [ 0.928041515693008, 1.125597331568016, 0.584985599335361 ],
	"51" : [ 1.115480140463996, 1.13002755243839, 0.460699806210918 ],
	"52" : [ 1.454687543933221, 1.347936453522691, 0.847935768956952 ],
	"53" : [ 1.227102083142817, 1.14158986029636, 0.895451678022135 ],
	"54" : [ 1.190138430466925, 0.922818815371491, 0.485278409698099 ],
	"55" : [ 1.311351746846744, 1.184000006556723, 0.664279143991348 ],
	"56" : [ 0.616529475115106, 0.596428260159186, 0.701660006978065 ],
	"57" : [ 1.325915964394434, 0.478205997660979, 0.628846785885591 ],
	"58" : [ 1.786266130536788, 0.0, 1.219140653705368 ],
	"59" : [ 2.0, 0.166506614336168, 1.077054548184103 ],
	"6" : [ 0.78565026822367, 0.983021910549504, 1.204938919666137 ],
	"60" : [ 1.815742867295574, 1.703584935732294, 1.023282149905621 ],
	"61" : [ 1.933981304324619, 1.846375785809923, 1.009016798672642 ],
	"62" : [ 1.817677985279139, 0.061588661466062, 1.047978431539834 ],
	"63" : [ 1.882478743051729, 0.052614211045054, 1.186932910068376 ],
	"64" : [ 1.990967212900177, 1.894370681803798, 1.129483314029109 ],
	"65" : [ 1.783844132674923, 0.455026280111641, 1.049341931191712 ],
	"66" : [ 1.917913414461988, 2.0, 1.102457119852366 ],
	"67" : [ 1.945644596095463, 0.371692903299972, 0.99053483560437 ],
	"68" : [ 1.626800622208338, 0.176569883787802, 1.104392405483011 ],
	"69" : [ 1.752266571810394, 0.287999258499864, 0.928524359361094 ],
	"7" : [ 0.260624544818326, 0.561337466174631, 0.126772448412521 ],
	"70" : [ 1.424489030188303, 0.47969782807306, 0.788335493877457 ],
	"8" : [ 0.291815479861187, 0.953051855664602, 1.284854433974853 ],
	"9" : [ 0.396621776874791, 1.074570589792783, 1.165639780182186 ]
}
