{
	"0" : [ 1.260211450756844, 5.905817677369597 ],
	"1" : [ 1.63007604341278, 3.654118258775334 ],
	"10" : [ 6.674795140432318, 0.130881528306494 ],
	"11" : [ 3.187986962552058, 3.45823919130439 ],
	"12" : [ 4.394850409044968, 2.43985435655218 ],
	"13" : [ 0.0, 5.901649013810291 ],
	"14" : [ 0.485964497027354, 7.234554456383155 ],
	"15" : [ 3.500124586005761, 5.567720099572597 ],
	"16" : [ 4.458933961970803, 5.687675469329632 ],
	"17" : [ 1.199931646274042, 8.0 ],
	"18" : [ 4.671306839706275, 3.941152137829142 ],
	"19" : [ 7.966533877907688, 4.069742564679149 ],
	"2" : [ 3.631097944200663, 1.339958920969626 ],
	"20" : [ 7.038596273086489, 5.121413823794575 ],
	"21" : [ 6.320642353225342, 1.75663311991615 ],
	"22" : [ 6.049212363780946, 4.020153358842633 ],
	"23" : [ 7.165147329527495, 3.131700826617314 ],
	"3" : [ 8.0, 2.290703245153244 ],
	"4" : [ 5.367116083822038, 6.116297201599155 ],
	"5" : [ 1.696493816469102, 6.932908727670492 ],
	"6" : [ 0.760082540149344, 4.686706980133366 ],
	"7" : [ 4.334538709624572, 0.0 ],
	"8" : [ 7.366613367486788, 1.065353767248435 ],
	"9" : [ 5.335239485146753, 0.820817453116109 ]
}
