{
	"0" : [ 0.05410052472558, 1.985657694120064, 1.959444755672098 ],
	"1" : [ 0.092951055765195, 1.894550813960149, 1.736453020245893 ],
	"10" : [ 0.842946246790345, 0.809172928314152, 0.957479808464345 ],
	"100" : [ 0.635939806128072, 0.649408351338247, 0.822567995530194 ],
	"101" : [ 0.565776108103626, 0.567525014619774, 0.904804372752197 ],
	"11" : [ 0.427911790985949, 1.043846250993888, 0.858376767285112 ],
	"12" : [ 0.746236174531856, 1.258105842404115, 0.489623597657529 ],
	"13" : [ 0.387998791555679, 1.061308406750694, 0.74568700843884 ],
	"14" : [ 2.0, 0.995095194755678, 1.3293054590866 ],
	"15" : [ 0.59964999169248, 0.452443564782888, 1.144051408567898 ],
	"16" : [ 0.49828091768005, 0.771441612093635, 0.950281260903875 ],
	"17" : [ 0.62910881180423, 1.223437276625869, 0.49417137587537 ],
	"18" : [ 0.470332347136047, 1.336893927220558, 0.62348836541229 ],
	"19" : [ 0.622455233230259, 0.542902240159155, 1.31780717932173 ],
	"2" : [ 0.071581544388905, 1.93371086877229, 1.927268270202581 ],
	"20" : [ 1.372767264891041, 0.946489624112531, 0.791425076326266 ],
	"21" : [ 1.482716389430677, 0.996267812798169, 0.894088087150348 ],
	"22" : [ 0.57812868054117, 1.295120828810402, 0.132242213544063 ],
	"23" : [ 0.398986239376499, 1.368346974966378, 0.309207516075882 ],
	"24" : [ 0.492616679489353, 1.313343994257923, 0.272784216232768 ],
	"25" : [ 0.356923818431122, 1.284951838126864, 0.324772944565711 ],
	"26" : [ 0.401912960797612, 1.160206843664575, 0.48745645897557 ],
	"27" : [ 0.507264690931756, 0.244885436206364, 1.439706495920519 ],
	"28" : [ 0.553111742426334, 0.620950216547608, 1.270369285729619 ],
	"29" : [ 1.73922379099162, 1.104407665272973, 0.970975828598597 ],
	"3" : [ 0.072548161729238, 1.860748358548926, 1.620064598221308 ],
	"30" : [ 1.762053024645833, 1.1226616287972, 1.411499046975966 ],
	"31" : [ 0.474457598231003, 0.046188692447747, 1.586752441107887 ],
	"32" : [ 1.844002848129202, 0.974534122573411, 1.193037908793707 ],
	"33" : [ 1.949072243395531, 1.074350887565533, 1.338238649295142 ],
	"34" : [ 0.806542774823493, 0.639991834531636, 0.689469705690726 ],
	"35" : [ 0.546486831325858, 0.056800862859429, 1.6424418552483 ],
	"36" : [ 0.791528624484438, 0.660617956701134, 1.061495043792087 ],
	"37" : [ 1.794445585641779, 1.166835555123014, 1.06039933624276 ],
	"38" : [ 1.677296338405029, 1.072637965029726, 1.22981586807696 ],
	"39" : [ 0.442057676770271, 0.0, 1.65300815074335 ],
	"4" : [ 0.024883322820415, 1.973762014266814, 1.846423965996095 ],
	"40" : [ 1.641952923638329, 0.991384551780763, 1.41532418717294 ],
	"41" : [ 1.759414487635532, 1.19288679383851, 1.395194493042855 ],
	"42" : [ 0.453423674341416, 0.010444858565071, 1.631470034978266 ],
	"43" : [ 1.935850979874756, 0.907777398917274, 1.256606843840274 ],
	"44" : [ 0.791498939567488, 1.183611245022212, 0.185429663074556 ],
	"45" : [ 0.592543415499222, 0.514929339662154, 0.960711992679442 ],
	"46" : [ 0.804886293701966, 1.075295474234126, 0.0 ],
	"47" : [ 0.553327243817609, 0.190792872330052, 1.506791391452732 ],
	"48" : [ 1.810189452935748, 1.207793246335976, 1.335175190682428 ],
	"49" : [ 0.459292714168034, 0.145551593410698, 1.555798586865554 ],
	"5" : [ 0.145504682228124, 1.794856764945255, 1.49386343426213 ],
	"50" : [ 0.583161916463304, 0.599520639975741, 1.013307367158942 ],
	"51" : [ 1.917396628214794, 0.98405407666005, 1.197647499736273 ],
	"52" : [ 0.749625867258008, 0.681142843107833, 0.665187991915611 ],
	"53" : [ 0.781235346650925, 1.013222818682552, 0.065447219440936 ],
	"54" : [ 0.890977509538174, 1.251598396796643, 0.267677887386922 ],
	"55" : [ 1.491898416144062, 0.982896574274583, 0.881615170957537 ],
	"56" : [ 0.42627472331215, 0.064103221469245, 1.42639870543676 ],
	"57" : [ 0.848498694065606, 0.813952582421287, 0.516140755211966 ],
	"58" : [ 0.59077829458349, 0.123900046223809, 1.584493980069346 ],
	"59" : [ 0.503314002158818, 0.86113316449709, 1.027216119550598 ],
	"6" : [ 0.18856408408568, 1.744429710420068, 1.39357910069494 ],
	"60" : [ 0.496733780940877, 0.047597855443602, 1.482859346270613 ],
	"61" : [ 1.702589916175053, 1.060398294162384, 1.312072760592226 ],
	"62" : [ 1.724903449955361, 1.0254784712055, 1.154547059296095 ],
	"63" : [ 0.839696269220429, 0.723774824794389, 0.673162503771581 ],
	"64" : [ 0.53459049237611, 0.93694148069632, 0.405367947166785 ],
	"65" : [ 0.071066480434678, 1.989439976711274, 2.0 ],
	"66" : [ 0.0, 1.959075170404369, 1.722578923127208 ],
	"67" : [ 0.022908300431319, 2.0, 1.873512883272764 ],
	"68" : [ 0.051288941473012, 1.885540921214167, 1.659465603444131 ],
	"69" : [ 0.735196046654567, 1.21805109049857, 0.588595531635706 ],
	"7" : [ 0.125616437944989, 1.817104880044611, 1.509592789409545 ],
	"70" : [ 0.581173143449521, 1.228043529109442, 0.651035602089505 ],
	"71" : [ 0.68859162815411, 1.317217719034883, 0.200778030261989 ],
	"72" : [ 0.393522255917048, 1.27643339141258, 0.39046249402866 ],
	"73" : [ 0.855290281836866, 1.023500942256127, 0.038879555329943 ],
	"74" : [ 0.70580446031892, 1.028236192030657, 0.314566278694268 ],
	"75" : [ 0.687043103522113, 1.136477485456153, 0.053117580934632 ],
	"76" : [ 0.473260886599905, 1.25306020941922, 0.144895525175309 ],
	"77" : [ 0.497021670950092, 0.9687468561503, 0.523285270128138 ],
	"78" : [ 1.940941130681379, 1.070548965151411, 1.182352795491628 ],
	"79" : [ 1.622241162610699, 1.009562887908865, 1.022785904126641 ],
	"8" : [ 0.826386670856461, 0.748374144233507, 0.970056388166728 ],
	"80" : [ 1.86290464387773, 1.139606351967942, 1.159515260170084 ],
	"81" : [ 0.979084643765657, 0.819121638730262, 0.607380603437745 ],
	"82" : [ 1.307377176647652, 1.029010040012221, 0.816675435131483 ],
	"83" : [ 0.975009962531372, 0.966887528381548, 0.408087634891876 ],
	"84" : [ 0.722505516542973, 1.140316663828919, 0.01957415989492 ],
	"85" : [ 0.568096285043152, 1.194502628016683, 0.095878586348604 ],
	"86" : [ 0.600543686498517, 1.054076556096708, 0.39429365803382 ],
	"87" : [ 0.504936931215042, 0.889504387916933, 0.386443476593888 ],
	"88" : [ 0.614946587145049, 0.861486985223486, 0.435864873179292 ],
	"89" : [ 0.671618408618942, 0.580811932795283, 0.800129105694641 ],
	"9" : [ 0.406294018234177, 1.035508411334801, 1.042423578177027 ],
	"90" : [ 0.586723201525275, 0.38411321886131, 1.167232831188089 ],
	"91" : [ 0.59956575443504, 0.531799920538888, 1.247072657079199 ],
	"92" : [ 1.7953438855747, 0.930450092387644, 1.314674900068036 ],
	"93" : [ 0.716347273964409, 1.163066730033614, 0.407004417105005 ],
	"94" : [ 1.800134202573258, 1.057758664062263, 1.083150601812757 ],
	"95" : [ 1.734186343189476, 0.918434895977515, 1.345681437780901 ],
	"96" : [ 0.84097255096914, 1.098848357145048, 0.596884525673333 ],
	"97" : [ 0.562836490555293, 0.384178507996445, 1.41000465475091 ],
	"98" : [ 1.736453313133785, 1.284904227926596, 1.358716904681714 ],
	"99" : [ 0.833376507759019, 0.733601753161913, 0.826519633209588 ]
}
