{
	"0" : [ 0.851412738337422, 1.811385695130826, 1.678750099079435 ],
	"1" : [ 0.537433920681217, 0.90387884948573, 2.0 ],
	"10" : [ 1.082805552212323, 2.0, 0.67667362677402 ],
	"11" : [ 1.094065516793413, 1.578475720071595, 0.0 ],
	"12" : [ 0.945815941799015, 1.051347207580745, 0.718506462897435 ],
	"13" : [ 1.058788390293784, 0.394605726051397, 0.282530895820241 ],
	"14" : [ 0.152107360451112, 0.937949303411377, 1.72893223505725 ],
	"15" : [ 1.345010223301688, 0.354451033011785, 0.678274705679123 ],
	"16" : [ 2.0, 1.22461399082558, 1.40717870185703 ],
	"17" : [ 1.86759679331256, 0.960196490923885, 0.880142340905504 ],
	"18" : [ 0.0, 0.563558874200837, 1.162314498631932 ],
	"19" : [ 0.988400008069533, 1.121632597734748, 1.745322221223607 ],
	"2" : [ 1.618302463038585, 1.294250639082047, 1.654206319368805 ],
	"20" : [ 0.722052575831242, 1.645249397971875, 0.914001089111065 ],
	"21" : [ 0.39980541279534, 0.662114199639878, 0.985325803805931 ],
	"22" : [ 1.67520730117105, 1.925999640563496, 1.266354038340394 ],
	"23" : [ 1.353394667351976, 1.38240443378078, 1.049800678191353 ],
	"24" : [ 0.656687392154663, 1.536904159045962, 0.231250703791479 ],
	"25" : [ 1.352783457054605, 1.293703658181406, 0.18761207440967 ],
	"26" : [ 0.700284261586643, 0.35593732136507, 1.550164490329486 ],
	"27" : [ 1.224458234494023, 1.893355263316808, 1.50613653650582 ],
	"3" : [ 0.25850112606439, 0.0, 1.090937071216088 ],
	"4" : [ 1.817103024337245, 1.649804784666988, 0.77540235028277 ],
	"5" : [ 0.160919181715011, 1.131573436305523, 0.643183288044717 ],
	"6" : [ 0.55013017896134, 0.734312010041803, 0.203151072656325 ],
	"7" : [ 0.298802384797873, 1.440069511034233, 1.275542308811297 ],
	"8" : [ 1.492256993875707, 0.632447854411697, 0.144314950506353 ],
	"9" : [ 0.332105397942694, 0.235969769030995, 1.889843627349562 ]
}
