{
	"0" : [ 1.809369575232834, 0.884509333194546, 1.163905122059053 ],
	"1" : [ 1.965484020827438, 1.017205257236233, 1.533734740841347 ],
	"10" : [ 0.615088633643563, 0.8577938455562, 1.691620811542554 ],
	"11" : [ 0.297356609569292, 1.219973044662772, 1.008152352877205 ],
	"12" : [ 0.368987774926805, 1.106972699461778, 0.957432695067526 ],
	"13" : [ 0.385570160267098, 0.908945082616955, 1.327196516868112 ],
	"14" : [ 0.263536918070498, 1.03006787613698, 1.447670553386586 ],
	"15" : [ 0.186377390728229, 1.220148045241618, 0.973980170616294 ],
	"16" : [ 1.711907176439498, 1.079007343249376, 1.835979789961451 ],
	"17" : [ 0.655727535909039, 0.82072600924924, 1.480939589257694 ],
	"18" : [ 0.515829596320065, 0.841513247275654, 1.560589124513418 ],
	"19" : [ 0.516218924104458, 0.958079488898779, 1.872080883729843 ],
	"2" : [ 1.511665611902511, 0.966468167448984, 1.66982453947212 ],
	"20" : [ 0.376332743934008, 0.990807517937172, 1.792908472631135 ],
	"21" : [ 0.279495044023025, 1.154119961954654, 1.31474742166386 ],
	"22" : [ 0.439640973391114, 0.877313497695713, 1.781665387415533 ],
	"23" : [ 0.600110449116339, 0.922316967489262, 1.855478310854508 ],
	"24" : [ 0.082224318685645, 1.174171848601705, 0.976043049398682 ],
	"25" : [ 0.0, 1.236008501081539, 0.767324017798942 ],
	"26" : [ 0.026506313384176, 1.178616085087488, 0.85162982712854 ],
	"27" : [ 1.913612519214571, 0.953473625052931, 1.274603037810769 ],
	"28" : [ 1.977483994834747, 1.155766789169119, 1.827404753740776 ],
	"29" : [ 2.0, 1.130168822795437, 1.998924810269094 ],
	"3" : [ 1.86078811069656, 0.941942277724026, 1.769139930509814 ],
	"30" : [ 1.297070243355432, 1.948647223629957, 0.295175752975294 ],
	"31" : [ 1.272330916920484, 1.87808059322063, 0.517471796237516 ],
	"32" : [ 1.253807459217429, 1.704831585831489, 0.161132038314623 ],
	"33" : [ 1.249923504397509, 1.906199494184325, 0.015949361743757 ],
	"34" : [ 1.068120857859411, 0.269324167614624, 1.075886130138602 ],
	"35" : [ 1.166567106241666, 1.910370674071578, 0.148831467612744 ],
	"36" : [ 1.218352833637028, 1.816417390458358, 0.387173411589416 ],
	"37" : [ 1.03733861449986, 0.0, 1.199488242768308 ],
	"38" : [ 1.058262935552295, 0.113729108517706, 1.136502234712311 ],
	"39" : [ 1.085834758133608, 0.017707547394776, 1.072013980817133 ],
	"4" : [ 1.737020171290028, 0.868856247359935, 1.464290086398407 ],
	"40" : [ 1.179368397202541, 2.0, 0.0 ],
	"41" : [ 1.755928983937373, 0.8170992269183, 1.211878561344585 ],
	"5" : [ 1.916805308948975, 1.074891518432175, 2.0 ],
	"6" : [ 1.624021784579559, 0.978819145128122, 1.662664871578369 ],
	"7" : [ 1.833343342282309, 1.121526415710278, 1.901228681798598 ],
	"8" : [ 1.800163859134116, 0.852733413773918, 1.655957972866117 ],
	"9" : [ 0.397170668436466, 0.986477954339931, 1.055519365858736 ]
}
