{
	"0" : [ 1.466615100675903, 0.473709350237319, 0.241772227557441 ],
	"1" : [ 0.14396423704226, 0.535660650799208, 0.760601352241746 ],
	"10" : [ 1.266518713829068, 1.768342084900498, 1.4315040374723 ],
	"11" : [ 2.0, 1.390110197601165, 1.303043967369149 ],
	"12" : [ 0.655900627269703, 1.696093917999748, 0.512123663330122 ],
	"13" : [ 1.134092923483233, 0.299554997278511, 0.0 ],
	"14" : [ 0.205656985924242, 1.092138166652916, 0.352551828512625 ],
	"15" : [ 1.82257352276211, 0.843337092705418, 1.428451987124144 ],
	"16" : [ 1.627211525055601, 1.893251109395617, 1.934690610675049 ],
	"17" : [ 1.752089985547118, 1.857945675579699, 1.344240495305266 ],
	"18" : [ 1.754368180690925, 0.98887601217054, 0.636390125041423 ],
	"19" : [ 1.384254689751169, 0.093852914575897, 0.725044069299912 ],
	"2" : [ 0.508150151226842, 0.30295039554049, 0.964854724766256 ],
	"20" : [ 1.905220673249815, 1.494535845779966, 1.895599771594759 ],
	"21" : [ 0.272777822149253, 1.849733951115258, 1.54970760760741 ],
	"22" : [ 0.780242454201642, 0.257563889627942, 0.311221456879537 ],
	"23" : [ 1.08015458325066, 0.0, 0.480261714354577 ],
	"24" : [ 1.140754843219946, 1.657684693535126, 0.823891901672707 ],
	"25" : [ 0.667794180475859, 2.0, 1.412460361054528 ],
	"26" : [ 1.26675211572434, 1.041391357157319, 1.057400903235001 ],
	"27" : [ 0.320458632344691, 1.689377835168828, 0.87581268453275 ],
	"28" : [ 0.559288391594186, 0.783903999404178, 0.344495707910073 ],
	"29" : [ 0.489741352173192, 1.54717163900627, 1.672965600576547 ],
	"3" : [ 1.738103074306607, 0.580475665316052, 1.946245234901901 ],
	"4" : [ 1.140476480380099, 0.753675480562384, 1.916935673965062 ],
	"5" : [ 1.810884950688364, 0.493014284144979, 1.180393020349551 ],
	"6" : [ 0.50231992802633, 0.736712743841186, 1.438303648973757 ],
	"7" : [ 0.0, 0.759740681814002, 1.056084782595426 ],
	"8" : [ 0.155367106291845, 1.182716585351495, 1.043004261462043 ],
	"9" : [ 1.471233147153047, 1.225713097211003, 2.0 ]
}
