{
	"0" : [ 1.13334788453968, 0.917955778225738, 0.865787380051106 ],
	"1" : [ 1.809416607059146, 0.33289445263093, 0.911600059346853 ],
	"10" : [ 0.214030925336166, 0.432594836971656, 2.0 ],
	"11" : [ 1.970476994931397, 0.0, 1.106075127999035 ],
	"12" : [ 1.924306822910028, 0.046706727703221, 0.870386262346451 ],
	"13" : [ 1.511617618713657, 0.607502284816936, 0.943405113468906 ],
	"14" : [ 1.255395682799675, 1.511338765600633, 0.751277690984295 ],
	"15" : [ 1.32687666870376, 1.663881682238759, 0.710728254489034 ],
	"16" : [ 0.503683216723264, 0.766660013992782, 1.060042502435197 ],
	"17" : [ 0.178902600432799, 0.415405663394698, 1.921320058382761 ],
	"18" : [ 1.959788809546227, 0.104900378445971, 1.198632376751627 ],
	"19" : [ 1.995288063887755, 0.298078185518696, 0.879537360098775 ],
	"2" : [ 0.452861311402172, 0.79116617749626, 1.006416372077585 ],
	"20" : [ 1.113972751975418, 0.946713856287801, 0.961476843874447 ],
	"21" : [ 2.0, 0.267681046108522, 1.017715334144497 ],
	"22" : [ 0.189426928332458, 0.400546187342808, 0.008437148041264 ],
	"23" : [ 0.224876614589622, 0.383760528112398, 0.093481499899628 ],
	"24" : [ 0.255395120575645, 0.467462203514616, 0.210126635020898 ],
	"25" : [ 0.4689785297161, 0.300303366960844, 0.829607625450293 ],
	"26" : [ 0.388623637669458, 0.243287201056317, 0.802961566896489 ],
	"27" : [ 0.212687269532986, 0.477308422862216, 1.80347721816006 ],
	"28" : [ 0.0, 0.241441407657563, 0.441366728327672 ],
	"29" : [ 0.007294896460454, 0.205708536724062, 0.257053535002597 ],
	"3" : [ 1.972170958785109, 0.304608752937478, 0.815294269003412 ],
	"30" : [ 0.041715234591807, 0.338492879908152, 0.817240657859371 ],
	"31" : [ 0.076173591164992, 0.193806432732675, 0.101089939783591 ],
	"32" : [ 0.333948138150911, 0.624462511755141, 1.091876788503267 ],
	"33" : [ 0.177633906123408, 0.223496628998278, 0.052088780147721 ],
	"34" : [ 0.405955163255322, 0.64108059528216, 0.992005502787842 ],
	"35" : [ 0.136947103855673, 0.126933438409646, 0.070174138080818 ],
	"36" : [ 0.134841663654092, 0.29280476237236, 0.0 ],
	"37" : [ 0.247316615205807, 0.568560947942318, 1.240422843677112 ],
	"38" : [ 0.285810569219102, 0.270486643520796, 0.836726893589358 ],
	"39" : [ 0.208035602025849, 0.534585369322349, 1.095121103997811 ],
	"4" : [ 0.829104870702815, 0.921555930129371, 0.978763878111467 ],
	"40" : [ 0.020358007254574, 0.287260528952791, 0.626916094451037 ],
	"41" : [ 0.370111687850075, 0.742016497474775, 0.976779860281671 ],
	"42" : [ 0.098303106228992, 0.385435308587602, 0.870377234684968 ],
	"43" : [ 0.143071157897612, 0.277065897429886, 0.795512411489889 ],
	"44" : [ 0.063469489987825, 0.27291011563423, 0.729706510714923 ],
	"45" : [ 0.357003618880805, 0.401508889636561, 0.951280745987912 ],
	"46" : [ 0.473720278452578, 0.520728133864083, 0.943819442189419 ],
	"47" : [ 0.464658132495162, 0.402609869630337, 0.908957216327176 ],
	"48" : [ 0.230802744400815, 0.517070331132499, 1.619212992239593 ],
	"49" : [ 1.933868850200578, 0.174613475030168, 1.107987266113943 ],
	"5" : [ 1.185626563001364, 0.882634175931648, 0.934713541217163 ],
	"50" : [ 1.430016159225676, 1.879816635952798, 0.616864447227218 ],
	"51" : [ 1.468764042582132, 1.974791069427827, 0.532359318815376 ],
	"52" : [ 1.783464635790178, 0.333664074241177, 1.00880448120529 ],
	"53" : [ 1.933839715573883, 0.070789859221754, 1.002817211007322 ],
	"54" : [ 1.714885120120868, 0.420609068318956, 0.976982893674823 ],
	"55" : [ 1.648029700475546, 0.485482151527827, 0.965146482651623 ],
	"56" : [ 1.238124587497882, 1.390753712998178, 0.743635566705173 ],
	"57" : [ 1.978533184272411, 0.037577656253281, 1.14893667276217 ],
	"58" : [ 1.407054685889894, 1.821265156691975, 0.656920855013423 ],
	"59" : [ 1.46669393242931, 1.926109817856002, 0.619792234094615 ],
	"6" : [ 1.164915132640232, 1.304484299741966, 0.813210407607451 ],
	"60" : [ 1.501393646747448, 2.0, 0.568181797648054 ],
	"61" : [ 1.89064146212542, 0.259862302433279, 0.845079912641843 ],
	"62" : [ 0.239844482190493, 0.544524352044229, 1.445710087621059 ],
	"63" : [ 0.223478188277281, 0.480876652247101, 1.939409054232687 ],
	"7" : [ 1.201432657277178, 1.434934375558657, 0.787969370910783 ],
	"8" : [ 1.061545272566792, 1.008680647398423, 0.913872527242398 ],
	"9" : [ 1.896602008063598, 0.142087163851516, 0.786403045639679 ]
}
