{
	"0" : [ 0.583352806544346, 2.152807934831808, 1.083139007227612 ],
	"1" : [ 0.32081008994205, 1.549343730078064, 1.155916986791754 ],
	"10" : [ 0.79793537263647, 0.459890784806433, 2.071581573312972 ],
	"11" : [ 0.607773911323295, 1.416432106157265, 1.855765086562176 ],
	"12" : [ 0.40810125970797, 1.999711495826399, 0.260304482766858 ],
	"13" : [ 0.463610767554647, 2.184948019227479, 0.688273901443252 ],
	"14" : [ 0.570493625155392, 2.099048678354529, 0.598102757044223 ],
	"15" : [ 0.54547725273014, 2.309557039432527, 0.736329305612725 ],
	"16" : [ 0.012566195212442, 2.33652907508395, 1.995564651268637 ],
	"17" : [ 0.752840475616722, 0.653254781496092, 1.688393055070105 ],
	"18" : [ 0.448791593679459, 1.342187245156895, 1.631731435765297 ],
	"19" : [ 0.707100363309345, 1.005684639412067, 1.972797609121506 ],
	"2" : [ 0.417990893479034, 1.423291963193774, 1.193461285596108 ],
	"20" : [ 0.867648329125447, 0.485876554036635, 1.88131954230961 ],
	"21" : [ 0.843593577489108, 0.230870698375962, 1.926695653822518 ],
	"22" : [ 0.888198602578928, 0.171711468561512, 1.63629355708823 ],
	"23" : [ 1.042048821069183, 0.064874186048418, 1.632941842674666 ],
	"24" : [ 0.959440992083014, 0.0, 1.925073969123197 ],
	"25" : [ 0.997363626203207, 0.139481165546534, 1.996670673473591 ],
	"26" : [ 1.059970456183212, 0.226384189405975, 1.921870539742553 ],
	"27" : [ 1.113881376779309, 0.079467709677129, 1.974696879047784 ],
	"28" : [ 0.181848558458812, 2.315800046559118, 1.931034205037153 ],
	"29" : [ 0.145249389888791, 2.674129559945496, 1.866612479722424 ],
	"3" : [ 0.468999192614301, 1.570949426425298, 1.571862267589593 ],
	"30" : [ 0.011513611847136, 2.604378346299034, 1.958375274396817 ],
	"31" : [ 0.03272103808744, 2.714355143687921, 1.347146551593352 ],
	"32" : [ 0.244028267402439, 2.5756427111843, 1.429336379769397 ],
	"33" : [ 0.150628572970067, 2.686595913345482, 1.090846272702136 ],
	"34" : [ 0.092851919598608, 2.410107029528574, 1.023504644143467 ],
	"35" : [ 0.105990606852001, 2.585362845907224, 1.622047832486454 ],
	"36" : [ 0.265254533517324, 2.270369204096212, 0.698029753966046 ],
	"37" : [ 0.0, 2.447409101814124, 1.445545587689444 ],
	"38" : [ 0.409064663633623, 2.395727074349953, 0.901392124450202 ],
	"39" : [ 0.138019589093499, 2.548685453505956, 0.874465584896625 ],
	"4" : [ 0.456493103885856, 1.910120750933376, 0.813636247947231 ],
	"40" : [ 0.160764311860215, 2.360206570917377, 0.36792057948364 ],
	"41" : [ 0.159517795334384, 1.935873246886535, 0.100013366696559 ],
	"42" : [ 0.253497294675849, 1.388717295077908, 0.35047758784998 ],
	"43" : [ 0.113540559450464, 1.604258067911084, 0.225380835505017 ],
	"44" : [ 0.189053447446003, 1.615648725247756, 0.460000488363313 ],
	"45" : [ 0.248407812966856, 1.58526355185617, 0.060821396425869 ],
	"46" : [ 0.185473674428919, 1.714956121524147, 0.0 ],
	"47" : [ 0.716195264962826, 0.424880931598433, 1.605960342885733 ],
	"48" : [ 2.841129607836008, 2.536762077369136, 2.624202699024607 ],
	"49" : [ 2.804525408593706, 2.697640433238305, 2.321041349302068 ],
	"5" : [ 0.475591661190728, 2.186412997786957, 0.233576761184535 ],
	"50" : [ 2.773280746933488, 2.400824596685416, 2.633346099969855 ],
	"51" : [ 2.846582700468855, 2.933397178931748, 3.0 ],
	"52" : [ 2.868645156613493, 2.796151072191233, 2.768015394932178 ],
	"53" : [ 2.958444669567942, 2.600995565073598, 2.356017785092506 ],
	"54" : [ 2.686367168206168, 2.535708763264564, 2.522153924628078 ],
	"55" : [ 2.929989654868341, 2.800748602507978, 2.259073860213495 ],
	"56" : [ 2.964582826192141, 2.656608935287442, 2.820073961923767 ],
	"57" : [ 2.903034016549282, 2.984358985651149, 2.46359940767356 ],
	"58" : [ 3.0, 2.814292908836241, 2.668636760528053 ],
	"59" : [ 2.943647444020321, 3.0, 2.658902886018959 ],
	"6" : [ 0.421835367196363, 1.839595196184244, 1.353482920776939 ],
	"60" : [ 2.788648250520622, 2.556075429778499, 2.216631714818963 ],
	"61" : [ 0.656729357336746, 0.887333855618244, 1.72049396110033 ],
	"7" : [ 0.351864836989105, 1.610932417390104, 0.683119884622212 ],
	"8" : [ 0.586440669654833, 1.250799996263517, 1.773750424945585 ],
	"9" : [ 0.832732992525136, 0.470942971534508, 1.472541021355211 ]
}
