{
	"0" : [ 0.959164119031668, 1.766832315658877 ],
	"1" : [ 1.525097935255722, 1.378166781860818 ],
	"10" : [ 0.398550935170218, 1.253284590058116 ],
	"11" : [ 0.62033521771212, 1.051009452503757 ],
	"12" : [ 1.775320383281338, 0.091260683955817 ],
	"13" : [ 1.026521716438215, 1.801573374308487 ],
	"14" : [ 1.339380058260562, 1.960405775940983 ],
	"15" : [ 1.316282476293578, 1.380518491704533 ],
	"16" : [ 1.514068113458266, 1.898648321291401 ],
	"17" : [ 1.678647335721321, 0.22949611625948 ],
	"18" : [ 1.170111180825234, 1.876977083333752 ],
	"19" : [ 1.34549116858585, 1.652747930867249 ],
	"2" : [ 1.552266096867668, 1.740151528392775 ],
	"20" : [ 1.432056586557436, 1.62035647001484 ],
	"21" : [ 1.484930239581477, 1.448825166546465 ],
	"22" : [ 2.0, 0.174006211642336 ],
	"23" : [ 0.925137024122889, 0.757768825956084 ],
	"24" : [ 0.538989135549818, 1.121448388702203 ],
	"25" : [ 0.752096218262156, 0.869749719713635 ],
	"26" : [ 0.806952294775945, 0.826430433577464 ],
	"27" : [ 1.865783127737453, 0.04914919386675 ],
	"28" : [ 1.783629545558731, 0.884375150598056 ],
	"29" : [ 1.89866667795105, 1.00274100082143 ],
	"3" : [ 1.593197291428585, 1.673763087972244 ],
	"30" : [ 1.869843262981707, 0.566984853558198 ],
	"31" : [ 1.783402401898005, 1.144248713488085 ],
	"32" : [ 1.687678297736108, 1.079336080920658 ],
	"33" : [ 1.957810258682246, 0.447100665574791 ],
	"34" : [ 1.962679500628838, 0.773996278647371 ],
	"35" : [ 1.875914892369695, 1.007058326839884 ],
	"36" : [ 1.905943847740394, 0.794857981489501 ],
	"37" : [ 1.949099901755197, 0.61958579241427 ],
	"38" : [ 1.970653603503352, 0.127760147276458 ],
	"39" : [ 1.885638181796619, 0.215500644737634 ],
	"4" : [ 1.718301202911219, 1.364959046272656 ],
	"40" : [ 1.110032527617176, 1.500989801808096 ],
	"41" : [ 1.146285265955672, 1.262413692309711 ],
	"42" : [ 1.019232360508683, 1.382382665662181 ],
	"43" : [ 0.930962245880882, 1.520823952367965 ],
	"44" : [ 1.071552998187966, 0.74661717028053 ],
	"45" : [ 0.453211188372709, 1.486647921673498 ],
	"46" : [ 0.38880030462616, 1.914734696560368 ],
	"47" : [ 0.325288394981352, 1.80250216625629 ],
	"48" : [ 0.283341211211047, 1.598919955809068 ],
	"49" : [ 0.528510586768057, 1.913962911625362 ],
	"5" : [ 1.938713443785334, 0.0 ],
	"50" : [ 1.688266122744088, 1.496347829709662 ],
	"51" : [ 1.841730619635284, 0.461567546214504 ],
	"52" : [ 1.611157741434288, 1.819712506324664 ],
	"53" : [ 1.344642333684267, 1.800804423903158 ],
	"54" : [ 1.222004803887167, 1.546184742537343 ],
	"55" : [ 1.187012686007168, 1.675263027800546 ],
	"56" : [ 0.480949208708261, 1.818389230124133 ],
	"57" : [ 0.605535686208021, 2.0 ],
	"58" : [ 0.902152401377413, 1.976082916976181 ],
	"59" : [ 0.761073555196695, 1.996416197263973 ],
	"6" : [ 0.912937147742952, 1.202456532595284 ],
	"60" : [ 0.153694094991959, 0.958280305050457 ],
	"61" : [ 0.001809888543715, 0.670687954297757 ],
	"62" : [ 0.10403128281546, 0.385809789155957 ],
	"63" : [ 0.189891026530127, 0.489181424002619 ],
	"64" : [ 0.595996263876243, 0.295710629565501 ],
	"65" : [ 0.790130396493124, 0.380640163970636 ],
	"66" : [ 0.064504501089212, 0.804260672303527 ],
	"67" : [ 0.0, 0.361452346877455 ],
	"68" : [ 0.080093622292129, 0.225815479911748 ],
	"69" : [ 0.014259312600608, 0.501417707847044 ],
	"7" : [ 0.409819689482153, 1.065884120689725 ],
	"70" : [ 0.27490365150862, 0.132266169943007 ],
	"71" : [ 0.150230100902492, 0.363947955993989 ],
	"72" : [ 0.106472591564119, 0.564925312877773 ],
	"73" : [ 0.440271202914619, 0.167236512093762 ],
	"74" : [ 0.497527598368341, 0.120153385679836 ],
	"75" : [ 0.608969922420535, 0.195021803335794 ],
	"76" : [ 0.197164184925113, 0.700657524975116 ],
	"77" : [ 0.266645603547208, 0.525312684360838 ],
	"78" : [ 0.325650208790856, 0.233968397246733 ],
	"79" : [ 0.964213861873322, 0.557193180026862 ],
	"8" : [ 0.317657223512205, 1.129697768537419 ],
	"80" : [ 1.490694592940083, 1.123912177760248 ],
	"81" : [ 0.823399561498428, 1.410717589426008 ],
	"82" : [ 0.34637125171306, 0.370344693086574 ],
	"83" : [ 1.065653174471949, 0.946550746910862 ],
	"84" : [ 0.586047118621854, 1.590575293399709 ],
	"85" : [ 0.682954503014633, 1.605627722953012 ],
	"86" : [ 0.472323378742193, 1.727440865096095 ],
	"87" : [ 1.038392626423035, 1.145045878725415 ],
	"88" : [ 0.434750690797031, 0.811008461580195 ],
	"89" : [ 0.834269777889711, 1.67371904334586 ],
	"9" : [ 0.242063984044653, 1.143101254059141 ],
	"90" : [ 1.149427000801071, 0.841854711771527 ]
}
