{
	"0" : [ 0.070141495675299, 0.650877983644622, 0.238155175270132 ],
	"1" : [ 0.068315775036696, 0.419966489550126, 0.004311122704562 ],
	"10" : [ 0.829891069120271, 0.117130253726791, 0.887459198873251 ],
	"11" : [ 0.937540156205039, 0.777537392840201, 0.945403704823619 ],
	"12" : [ 0.880971552037117, 0.677798547920374, 1.0 ],
	"13" : [ 0.747001607178444, 0.003247409764878, 0.498162855066483 ],
	"14" : [ 0.94022189258549, 0.408620458178157, 0.487434552520494 ],
	"15" : [ 0.950737462444516, 0.538447020612459, 0.7778119189299 ],
	"16" : [ 0.695313160166954, 0.114628449798596, 0.436614982750872 ],
	"17" : [ 0.960492162513152, 0.718880560692091, 0.564673766030281 ],
	"18" : [ 0.79856845337134, 0.0, 0.780574345032545 ],
	"19" : [ 0.883772282355336, 0.997268972652812, 0.894611231900896 ],
	"2" : [ 0.094481975903624, 0.517966739467334, 0.134570006852809 ],
	"20" : [ 0.04731823932279, 0.728754935007946, 0.0 ],
	"21" : [ 0.009220231426727, 0.384700284013691, 0.020228627645404 ],
	"22" : [ 0.977719092684085, 0.273891923497455, 0.632455523350038 ],
	"23" : [ 0.737098848683929, 0.32303385259102, 0.667799164401688 ],
	"24" : [ 0.789522304703617, 0.749677982092866, 0.602098584846135 ],
	"25" : [ 0.643947918452881, 0.161094054853897, 0.522451976374178 ],
	"26" : [ 0.90460932901191, 0.774418532741701, 0.679410845308417 ],
	"27" : [ 0.939359219321065, 1.0, 0.794442465802372 ],
	"28" : [ 0.080365120169807, 0.820338883636468, 0.105892605525485 ],
	"29" : [ 0.817050465101313, 0.145611525888956, 0.588696169705475 ],
	"3" : [ 0.932168365933839, 0.430004554301167, 0.968421625007549 ],
	"30" : [ 0.030148108184066, 0.301112858450214, 0.166145410170471 ],
	"31" : [ 0.840117771435173, 0.854604041768827, 0.751826345587043 ],
	"32" : [ 0.835490846109002, 0.465379238594187, 0.679370888217878 ],
	"33" : [ 0.852201832808934, 0.836952014306647, 0.518456495063942 ],
	"34" : [ 0.888760789391433, 0.61623175026047, 0.415308560912861 ],
	"35" : [ 0.016591330090702, 0.751056665113837, 0.161555191750026 ],
	"36" : [ 0.82544255503922, 0.361962678803176, 0.413954766607505 ],
	"37" : [ 0.785377787220849, 0.315744046451419, 0.466211505221516 ],
	"38" : [ 0.036087499412658, 0.48699177283628, 0.230481230728228 ],
	"39" : [ 0.916906592053491, 0.065319022263571, 0.602781407120923 ],
	"4" : [ 0.759326727608257, 0.222719473933773, 0.837172748595719 ],
	"40" : [ 0.0, 0.613186587901654, 0.079007825707101 ],
	"5" : [ 1.0, 0.805475036141277, 0.763921604417027 ],
	"6" : [ 0.872674795717415, 0.207592773626996, 0.80581679601596 ],
	"7" : [ 0.857168682359956, 0.543161013419122, 0.838321532765924 ],
	"8" : [ 0.820270770486145, 0.776704558833195, 0.91972242632325 ],
	"9" : [ 0.999684637208001, 0.585154831785449, 0.851767394115329 ]
}
