{
	"0" : [ 0.734951068973544, 0.0 ],
	"1" : [ 0.880393840322132, 0.142919322634889 ],
	"10" : [ 0.04853040170256, 0.781592777028378 ],
	"11" : [ 1.0, 0.356953940860019 ],
	"12" : [ 0.0, 0.514793563276414 ],
	"13" : [ 0.042539473034937, 0.147015328914025 ],
	"14" : [ 0.237911248188669, 0.830181475556284 ],
	"15" : [ 0.51305714438294, 0.97652099403486 ],
	"16" : [ 0.620417264110511, 0.547355658022749 ],
	"17" : [ 0.132678815076498, 0.638885894687887 ],
	"18" : [ 0.829032315076124, 0.327340731269955 ],
	"19" : [ 0.741105355784682, 0.83401306330446 ],
	"2" : [ 0.888451758004244, 0.666413793624717 ],
	"20" : [ 0.855398719913095, 0.932770727547543 ],
	"21" : [ 0.676456260356683, 1.0 ],
	"22" : [ 0.767214006010069, 0.561919175653545 ],
	"23" : [ 0.440202414179786, 0.736363036288431 ],
	"24" : [ 0.2021132840749, 0.451300086892441 ],
	"25" : [ 0.225566095807791, 0.080787466391306 ],
	"26" : [ 0.324276361658076, 0.201030234697144 ],
	"27" : [ 0.524811374948171, 0.193031793486868 ],
	"3" : [ 0.578109787360822, 0.707121472769013 ],
	"4" : [ 0.266897557899424, 0.619107049088575 ],
	"5" : [ 0.086644876769456, 0.005648737306721 ],
	"6" : [ 0.417013508368761, 0.018236738409587 ],
	"7" : [ 0.586557444420585, 0.306068408723852 ],
	"8" : [ 0.430880478909993, 0.484648513694792 ],
	"9" : [ 0.315173316405347, 0.95728053886192 ]
}
