{
	"0" : [ 0.196647739123721, 0.701018666405082 ],
	"1" : [ 0.552117117009544, 0.260487249516072 ],
	"10" : [ 1.918506957092567, 0.95989328191731 ],
	"11" : [ 0.993875247071382, 0.193250547627966 ],
	"12" : [ 1.163131716492729, 0.681143882730686 ],
	"13" : [ 0.33913196433457, 0.573143728683855 ],
	"14" : [ 0.0, 1.038284310548604 ],
	"15" : [ 0.838334659857767, 0.715893391186724 ],
	"16" : [ 0.992523231732272, 1.046668694514934 ],
	"17" : [ 0.22193532227836, 1.088941269995168 ],
	"18" : [ 1.265713662537234, 1.071059511444019 ],
	"19" : [ 1.793730064967202, 2.0 ],
	"2" : [ 1.316356764621217, 0.384006487426852 ],
	"20" : [ 1.528217648291246, 1.951699813293973 ],
	"21" : [ 1.710357228904267, 1.079170936149693 ],
	"22" : [ 1.389136703724007, 1.528824550325881 ],
	"23" : [ 1.615245244182671, 1.517353755941206 ],
	"3" : [ 1.807228697821436, 1.579999169012791 ],
	"4" : [ 1.06608331537775, 1.562494162133521 ],
	"5" : [ 0.012438332476299, 0.618429677992023 ],
	"6" : [ 0.231931065079573, 0.143981280893897 ],
	"7" : [ 1.400414436024884, 0.0 ],
	"8" : [ 2.0, 1.430172877881709 ],
	"9" : [ 1.606637691459258, 0.555927749104654 ]
}
