{
	"0" : [ 1.591195037158741, 2.819372448337909 ],
	"1" : [ 0.152048815726147, 0.088737876936632 ],
	"10" : [ 2.225362909096677, 3.684283557369588 ],
	"11" : [ 1.760258507977932, 2.776551970454852 ],
	"12" : [ 0.19675456781204, 0.0 ],
	"13" : [ 0.066669769191386, 0.305536742118094 ],
	"14" : [ 1.68109013997115, 2.886241698603271 ],
	"15" : [ 2.544226825274849, 3.158577693719451 ],
	"16" : [ 2.899957617564647, 3.180769653080747 ],
	"17" : [ 2.938146044945851, 3.051763507298404 ],
	"18" : [ 2.705937365494417, 3.350950732682114 ],
	"19" : [ 3.085567780897681, 3.141554128349045 ],
	"2" : [ 1.651766378006629, 2.677670580220855 ],
	"20" : [ 3.189977835536691, 2.115479509675594 ],
	"21" : [ 3.73326085530837, 2.339400327660109 ],
	"22" : [ 1.947782422508177, 3.000611165280672 ],
	"23" : [ 2.57233794043816, 3.706694784964875 ],
	"24" : [ 1.791749317215867, 3.061895548551357 ],
	"25" : [ 3.216723805683277, 3.51454916540875 ],
	"26" : [ 3.089225112276252, 2.819663179850846 ],
	"27" : [ 3.316290944146994, 2.194141865145742 ],
	"28" : [ 3.236348189297942, 2.386397355125942 ],
	"29" : [ 3.324864082993323, 3.106769099837499 ],
	"3" : [ 0.104938713460673, 0.171743286131742 ],
	"30" : [ 3.498277335217611, 1.79456516837462 ],
	"31" : [ 3.426636571676586, 1.875324503203428 ],
	"32" : [ 3.457357426881646, 3.272582386664376 ],
	"33" : [ 3.282338405559508, 2.706420884911435 ],
	"34" : [ 3.093906969840764, 3.442346388584811 ],
	"35" : [ 2.033589822325248, 3.741929493029703 ],
	"36" : [ 3.716034622780284, 1.245409255855597 ],
	"37" : [ 4.0, 1.477025047263484 ],
	"38" : [ 3.905462509027898, 1.28734162394962 ],
	"39" : [ 3.911947261776566, 1.710892912906907 ],
	"4" : [ 0.165769799208162, 0.035649976719443 ],
	"40" : [ 3.988764474861576, 1.505072724157312 ],
	"41" : [ 3.511535072454529, 2.480816326699322 ],
	"42" : [ 3.875762766971818, 1.81223733555196 ],
	"43" : [ 3.810750771127308, 2.016098971152195 ],
	"44" : [ 1.97727937800485, 3.366123011657061 ],
	"45" : [ 2.154512474401285, 3.463727969761698 ],
	"46" : [ 2.798860943736476, 4.0 ],
	"47" : [ 3.407591383117343, 2.996380198148552 ],
	"48" : [ 2.03079340277368, 3.211886910447273 ],
	"49" : [ 3.01445428588171, 3.981091868229937 ],
	"5" : [ 0.0, 0.126669753083224 ],
	"50" : [ 2.962267235247169, 3.860300577066425 ],
	"51" : [ 3.253060348358315, 3.855532106900016 ],
	"52" : [ 2.865474750587392, 3.69796994939751 ],
	"53" : [ 3.343698954310362, 3.709113928912322 ],
	"54" : [ 3.051414138837032, 3.806131954657849 ],
	"55" : [ 3.507563843135402, 3.203114471421919 ],
	"56" : [ 3.623897237177796, 1.913515324163382 ],
	"57" : [ 1.975383440844984, 3.667972820387456 ],
	"58" : [ 3.243347055144624, 3.240722337477511 ],
	"59" : [ 3.40774530541084, 3.535553617193214 ],
	"6" : [ 0.00786407477787, 0.003677110094943 ],
	"60" : [ 3.399100604884719, 2.255389894103087 ],
	"61" : [ 3.736595253143766, 1.606585008853407 ],
	"62" : [ 3.621882410634897, 1.599618717628563 ],
	"63" : [ 3.816596982523061, 1.41974677033739 ],
	"64" : [ 3.759930290802595, 1.367931051551564 ],
	"65" : [ 1.892357289432606, 3.562377164972721 ],
	"66" : [ 2.921922502340836, 1.913998178598018 ],
	"67" : [ 2.856991531507391, 1.773086018404856 ],
	"68" : [ 2.976635011434077, 1.422386150113992 ],
	"69" : [ 1.992254104806936, 3.600462141502381 ],
	"7" : [ 2.674108429858746, 3.410317086591917 ],
	"70" : [ 2.897714278715994, 1.679308602947591 ],
	"71" : [ 2.988381537603692, 1.531785414900246 ],
	"72" : [ 3.169309751707044, 1.405644491714217 ],
	"73" : [ 3.108732850769925, 1.345559932213154 ],
	"8" : [ 2.315769802515725, 3.466685488462555 ],
	"9" : [ 0.162430382869227, 0.344393359462883 ]
}
