{
	"0" : [ 1.83136221847005, 0.87515363424053 ],
	"1" : [ 0.548330810385385, 0.871277340669408 ],
	"10" : [ 1.788656836312778, 0.403038660693702 ],
	"11" : [ 0.956531254483268, 1.088630225307864 ],
	"12" : [ 0.90498551557365, 2.0 ],
	"13" : [ 1.199215201185266, 1.859829106662526 ],
	"14" : [ 1.009250615380829, 1.474364928576518 ],
	"15" : [ 0.601215397927266, 1.802623089273234 ],
	"16" : [ 0.052903856814195, 0.232114996368762 ],
	"17" : [ 0.409506950536959, 0.052414282219838 ],
	"18" : [ 0.01981461306271, 0.972718227904042 ],
	"19" : [ 0.0, 0.610384970335922 ],
	"2" : [ 1.650897289304662, 0.0 ],
	"20" : [ 0.260837453338272, 0.464753660439964 ],
	"21" : [ 0.287142805549585, 0.860790953026938 ],
	"22" : [ 0.691540456896175, 0.567726843613804 ],
	"23" : [ 0.701584525197625, 1.309602644845968 ],
	"24" : [ 0.439926760928538, 1.55458290495465 ],
	"3" : [ 1.220586247186197, 1.080007891558972 ],
	"4" : [ 1.595763974703033, 1.320015232819946 ],
	"5" : [ 2.0, 0.669586807967969 ],
	"6" : [ 0.950551171159325, 0.432761058403895 ],
	"7" : [ 1.963260021715995, 0.057553422307993 ],
	"8" : [ 1.350775142308622, 0.586986189051369 ],
	"9" : [ 1.61389278435825, 0.596373681948301 ]
}
