{
	"0" : [ 1.525663957237103, 0.801511152345887 ],
	"1" : [ 0.311218003632208, 0.876034051032145 ],
	"10" : [ 2.0, 1.046192706588718 ],
	"11" : [ 0.728693128631976, 1.860677306394567 ],
	"12" : [ 0.14494077702422, 1.913765162010889 ],
	"13" : [ 0.443689958532222, 2.0 ],
	"14" : [ 0.64577661104818, 1.580900847060964 ],
	"15" : [ 0.005376856970336, 1.579508397638761 ],
	"16" : [ 0.375215960587412, 0.018308967035253 ],
	"17" : [ 0.750651282205328, 0.204805110990471 ],
	"18" : [ 0.0, 0.33366934339626 ],
	"19" : [ 0.119256265731397, 0.0 ],
	"2" : [ 1.573423619330212, 0.463710587545187 ],
	"20" : [ 0.278462718756758, 0.429394537996452 ],
	"21" : [ 0.489261996430149, 0.548539560459863 ],
	"22" : [ 0.578827108359257, 1.120422515412751 ],
	"23" : [ 0.353220462544811, 1.472827855663789 ],
	"24" : [ 0.032205721191812, 1.237655872307585 ],
	"3" : [ 0.987562954741552, 1.491216576429241 ],
	"4" : [ 1.279056815520232, 1.051614619696798 ],
	"5" : [ 1.695390468130476, 1.07621432476931 ],
	"6" : [ 0.851545641760254, 1.068265927955635 ],
	"7" : [ 1.883834485077247, 0.68898382853447 ],
	"8" : [ 1.366511222605595, 1.56717522477697 ],
	"9" : [ 1.695707956862971, 1.426229276409018 ]
}
