{
	"0" : [ 2.0, 1.361764071702951, 0.885179389089095 ],
	"1" : [ 1.893671155135307, 1.745017375235355, 0.844890039457799 ],
	"10" : [ 0.353736412753512, 1.152821059943156, 1.81601467942535 ],
	"11" : [ 0.0, 0.81354729466505, 0.580341310113679 ],
	"12" : [ 0.021731341670664, 0.929996750851266, 0.734493524188772 ],
	"13" : [ 0.197780273724204, 0.881285070122599, 1.157236436392017 ],
	"14" : [ 0.187022374061457, 0.652103929081799, 1.005393856243521 ],
	"15" : [ 0.039350685112234, 0.727075191695859, 0.383229850633866 ],
	"16" : [ 1.541391512325786, 1.561752906383254, 1.01875909774415 ],
	"17" : [ 0.416210466191105, 1.184801164121373, 1.666724991636628 ],
	"18" : [ 0.304863636461931, 1.028110862148662, 1.571194812926636 ],
	"19" : [ 0.327867570428165, 0.916222844907687, 1.830112075745546 ],
	"2" : [ 1.399878906831867, 1.251807598104715, 1.178136367967444 ],
	"20" : [ 0.256074017366631, 0.710782490409301, 1.488591108870189 ],
	"21" : [ 0.092799341276487, 0.698368888450725, 0.784414299118608 ],
	"22" : [ 0.279482481489375, 0.822260597831383, 1.669124944042149 ],
	"23" : [ 0.321089677376781, 1.04921698602498, 2.0 ],
	"24" : [ 0.121861528352569, 0.649427272123902, 0.229154986786441 ],
	"25" : [ 0.061380749666027, 0.61206929622773, 0.039184398478899 ],
	"26" : [ 0.120200069280579, 0.685535866326038, 0.0 ],
	"27" : [ 1.986507026832401, 1.571928801371137, 0.852620903902161 ],
	"28" : [ 1.773209191706333, 1.918596459365241, 0.947570102019258 ],
	"29" : [ 1.715377760373662, 2.0, 0.864930518993617 ],
	"3" : [ 1.728927871610017, 1.633364589196346, 0.741728638445213 ],
	"30" : [ 0.67729394727231, 1.568531936934568, 0.113842819973978 ],
	"31" : [ 0.765212569780403, 1.619408641755272, 0.248789321296773 ],
	"32" : [ 0.744895503413796, 1.212707026999401, 0.317485997631164 ],
	"33" : [ 0.635647999672803, 1.36560561027879, 0.221608247769262 ],
	"34" : [ 0.82240987270624, 0.372746747092049, 0.644826734286643 ],
	"35" : [ 0.617129783410333, 1.466662832150971, 0.414384813325499 ],
	"36" : [ 0.759953843673276, 1.46036024894468, 0.40316156916205 ],
	"37" : [ 0.784211724331985, 0.0, 0.751072942080148 ],
	"38" : [ 0.850162263887914, 0.164331316358038, 0.734183908045047 ],
	"39" : [ 0.735651434896927, 0.060079265380349, 0.636718347945396 ],
	"4" : [ 1.791229532982139, 1.305630318866057, 0.902628506206612 ],
	"40" : [ 0.537101270813283, 1.440377844504881, 0.29300478844321 ],
	"41" : [ 1.926077983340594, 1.245526070118663, 0.940675330004873 ],
	"5" : [ 1.670271500269516, 1.882294794853362, 0.767781260682129 ],
	"6" : [ 1.541103197177181, 1.308627746574191, 1.080524171481726 ],
	"7" : [ 1.624093020049686, 1.75479273870531, 0.911566675703099 ],
	"8" : [ 1.749411131017365, 1.420508827785844, 0.750561124142728 ],
	"9" : [ 0.102856673333864, 0.970313000015234, 0.972853604299755 ]
}
