{
	"0" : [ 1.531690522239618, 0.0, 1.674061193813068 ],
	"1" : [ 1.849927152651657, 0.938512811000543, 1.440350648239315 ],
	"10" : [ 0.519025838789803, 1.311072718479891, 0.319239302542624 ],
	"11" : [ 0.068969884022084, 0.848656531029846, 0.146286874433389 ],
	"12" : [ 1.45122692632997, 1.44288937876734, 1.137956823838548 ],
	"13" : [ 1.817434311771329, 0.16609162767747, 1.767317465625885 ],
	"14" : [ 1.943552074579968, 1.413488337184645, 1.647575166744446 ],
	"15" : [ 0.410177986625533, 0.68082877352094, 0.712394341858705 ],
	"16" : [ 0.067440610431413, 1.297657177513963, 0.0 ],
	"17" : [ 0.141320987712203, 1.203996230489433, 0.130483855593903 ],
	"18" : [ 0.232039292353931, 0.664929364929543, 0.360827619919246 ],
	"19" : [ 1.599240493763948, 0.02801188947174, 1.989391403049702 ],
	"2" : [ 1.910748048685545, 0.68501571436466, 1.783788626835053 ],
	"20" : [ 0.0, 1.032101815506289, 0.093549047351554 ],
	"21" : [ 1.813131927944751, 1.911142245327662, 1.299190570846231 ],
	"22" : [ 1.878286859801976, 0.390549943254361, 1.998058617583906 ],
	"23" : [ 1.759434676443632, 0.090322519912803, 1.9992608023742 ],
	"24" : [ 0.72261575726065, 1.275193597668901, 0.544371528567582 ],
	"25" : [ 1.870655145115019, 2.0, 1.384933214712218 ],
	"26" : [ 0.539027424815511, 0.98322863383023, 0.458738888481395 ],
	"27" : [ 1.701408712979939, 1.717225442881683, 1.269291559816976 ],
	"28" : [ 1.932242862303363, 0.879308396138118, 2.0 ],
	"29" : [ 1.890335539132323, 1.776154144994307, 1.419298287951801 ],
	"3" : [ 0.39207303037322, 0.497286010567017, 0.544189700688496 ],
	"4" : [ 0.550044696139324, 0.799332059799142, 0.201486605665779 ],
	"5" : [ 0.290537624877991, 0.570806551857071, 0.696043880881312 ],
	"6" : [ 2.0, 0.889367489974339, 1.648832695935441 ],
	"7" : [ 1.965324543947123, 1.140374949418579, 1.465371425040614 ],
	"8" : [ 1.74851559989068, 1.198014710832706, 1.552107585576485 ],
	"9" : [ 0.344363417974402, 1.027905387772592, 0.116514937859446 ]
}
