{
	"0" : [ 1.61262002613238, 0.796819447562975 ],
	"1" : [ 1.332305293675967, 0.957038601265819 ],
	"10" : [ 0.981393035031172, 1.829735406336117 ],
	"11" : [ 1.865652730477215, 1.321522323072551 ],
	"12" : [ 0.92706335167077, 1.579747329229555 ],
	"13" : [ 0.0, 0.899126806486963 ],
	"14" : [ 0.092735499215376, 1.359208180834472 ],
	"15" : [ 0.722229915717555, 1.628238561300126 ],
	"16" : [ 0.033091374462009, 1.231129356039025 ],
	"17" : [ 1.273028024419837, 1.629124073014862 ],
	"18" : [ 1.475556056371011, 1.560707180737973 ],
	"19" : [ 0.225437272964276, 1.589820502837235 ],
	"2" : [ 0.478073945645582, 1.153632192772786 ],
	"20" : [ 1.842889621523812, 1.7945348030162 ],
	"21" : [ 0.205241489294804, 1.102777600571214 ],
	"22" : [ 0.326742227118606, 1.32677889614388 ],
	"23" : [ 0.241627096627572, 0.827802412726816 ],
	"24" : [ 1.438029395988267, 1.998519216757925 ],
	"25" : [ 1.087335558650874, 1.974883544690966 ],
	"26" : [ 0.155698770888366, 0.668302512899698 ],
	"27" : [ 1.318192771436586, 1.895945352126336 ],
	"28" : [ 1.560365508207328, 1.771061091030662 ],
	"29" : [ 2.0, 1.851248641768841 ],
	"3" : [ 0.982061415125268, 1.238181986477537 ],
	"30" : [ 1.458417196126167, 0.420434810047225 ],
	"31" : [ 1.121584943873774, 0.142458750571899 ],
	"32" : [ 1.484150409244363, 0.0 ],
	"33" : [ 1.582071563089081, 0.220514595450901 ],
	"34" : [ 1.358990482021851, 0.015590078980815 ],
	"35" : [ 1.520424980375569, 0.885160421639001 ],
	"36" : [ 1.917341491928304, 2.0 ],
	"37" : [ 1.366676932740067, 0.231774108131127 ],
	"38" : [ 1.796210550818718, 0.858376832892621 ],
	"39" : [ 1.743891473009306, 1.972278889036267 ],
	"4" : [ 1.992281604334791, 1.493033232170693 ],
	"40" : [ 1.192644852051316, 0.483140750813435 ],
	"41" : [ 0.92023539563009, 0.709201228272007 ],
	"42" : [ 0.775697624710719, 0.561282735445362 ],
	"43" : [ 0.842619404211632, 0.990737421036265 ],
	"44" : [ 1.647269208896721, 0.658724499145671 ],
	"45" : [ 1.001517297949466, 0.92079828572579 ],
	"46" : [ 1.429709505851985, 1.145188576372278 ],
	"47" : [ 1.227487245538819, 0.80949495050494 ],
	"48" : [ 1.239814308764612, 1.262959776661314 ],
	"5" : [ 0.569231077409099, 0.441978387474964 ],
	"6" : [ 0.565834717605714, 1.290027268112137 ],
	"7" : [ 0.72650286914434, 1.335242376149486 ],
	"8" : [ 0.50692750903576, 0.764728889985404 ],
	"9" : [ 0.113524519411033, 0.977754438407906 ]
}
