{
	"0" : [ 0.0, 2.663902281538355 ],
	"1" : [ 0.296522182715739, 2.57880861515202 ],
	"10" : [ 2.419557807157736, 3.265973985286566 ],
	"11" : [ 2.131241645974603, 3.128238275553882 ],
	"12" : [ 3.759296804040127, 2.557572808892725 ],
	"13" : [ 4.0, 1.805261909430012 ],
	"14" : [ 1.001058711495436, 3.430774244138692 ],
	"15" : [ 1.950857423096761, 3.6773256963482 ],
	"16" : [ 3.107568058700187, 3.597448888198953 ],
	"17" : [ 1.127326773537854, 3.645463818039393 ],
	"18" : [ 3.147566273452551, 1.996541305799162 ],
	"19" : [ 1.422344764471756, 1.094344589396939 ],
	"2" : [ 0.560110255374622, 2.466342458557383 ],
	"20" : [ 0.0464126267269, 2.375886374114048 ],
	"21" : [ 1.736305695161649, 0.372020174744044 ],
	"22" : [ 1.57054503093601, 0.143082585384682 ],
	"23" : [ 1.972859183076675, 0.526695117381849 ],
	"24" : [ 0.944316021480223, 1.307959713154155 ],
	"25" : [ 0.140990794663779, 1.914700535666859 ],
	"26" : [ 0.243504243668896, 2.060766747487482 ],
	"27" : [ 1.54016936464484, 0.677368471804478 ],
	"28" : [ 1.959304263292866, 0.0 ],
	"29" : [ 1.835090090828625, 0.039533118850762 ],
	"3" : [ 0.11371078408286, 2.814718799560688 ],
	"30" : [ 1.122184003250182, 0.76357485957119 ],
	"31" : [ 1.29677096619925, 0.536633131218587 ],
	"32" : [ 2.050994617746429, 1.422538530834105 ],
	"33" : [ 1.649416034098726, 3.568552090391089 ],
	"34" : [ 0.508492412785588, 3.89943048868816 ],
	"35" : [ 1.526413363455662, 1.828856627215963 ],
	"36" : [ 1.885212490337504, 2.203026746983631 ],
	"37" : [ 0.704080903871714, 1.934003149261029 ],
	"38" : [ 1.811213189684617, 1.992815704810775 ],
	"39" : [ 0.872187968900566, 3.864033756565575 ],
	"4" : [ 0.358988302467435, 3.158312477383947 ],
	"40" : [ 0.687148070446432, 4.0 ],
	"41" : [ 1.302607903205263, 1.756838156468226 ],
	"42" : [ 1.073737693688576, 2.596188413390327 ],
	"43" : [ 2.034144379878215, 2.852068573938841 ],
	"44" : [ 2.343035769367328, 3.688485681356024 ],
	"45" : [ 1.127271304660911, 1.993894278439288 ],
	"46" : [ 0.374865968956116, 1.616990060106312 ],
	"47" : [ 3.323580673607885, 1.268745657889521 ],
	"48" : [ 0.691997377351873, 3.378489810177905 ],
	"49" : [ 2.725806467626544, 0.370823427921247 ],
	"5" : [ 2.613889162539405, 3.6470724196186 ],
	"50" : [ 0.794687553307686, 3.688040273501883 ],
	"51" : [ 1.744542063140881, 3.002827012389209 ],
	"52" : [ 2.476416563160518, 3.145686942146898 ],
	"53" : [ 2.970138946262054, 0.763192672726083 ],
	"54" : [ 1.284272898069972, 3.948864648403882 ],
	"55" : [ 3.660353041013234, 3.073209438509186 ],
	"56" : [ 3.770471714000913, 1.882443444258362 ],
	"57" : [ 2.98788016590971, 0.427839435203409 ],
	"58" : [ 3.819667298858203, 2.746726076634384 ],
	"59" : [ 3.802368361781365, 2.081033169147573 ],
	"6" : [ 2.626047896891897, 2.027887453111358 ],
	"60" : [ 3.920553476841134, 1.610573958318501 ],
	"61" : [ 0.81064789870283, 2.208144817795858 ],
	"62" : [ 2.300455849114774, 1.839681445380165 ],
	"63" : [ 2.532326661908485, 0.623841910105984 ],
	"64" : [ 2.212505447976383, 2.381812565189768 ],
	"65" : [ 3.96957415298672, 2.299457613969192 ],
	"66" : [ 3.429078332624597, 2.896049093534419 ],
	"67" : [ 3.116556660450247, 3.192280745743509 ],
	"68" : [ 3.353960376849545, 0.548086527884756 ],
	"69" : [ 3.453961553706202, 2.358008187481297 ],
	"7" : [ 2.930002873165911, 1.325860426477618 ],
	"70" : [ 3.474539754574343, 0.912087285587533 ],
	"71" : [ 3.586576108963023, 1.404706872475618 ],
	"72" : [ 3.251259085210883, 0.809976244792567 ],
	"73" : [ 2.882684044294773, 3.500670910520259 ],
	"74" : [ 2.662840251634825, 1.155533009179367 ],
	"75" : [ 3.352322913023492, 3.311064791875584 ],
	"76" : [ 3.022840950828686, 1.049703452953361 ],
	"77" : [ 3.146907811846406, 2.811686338052044 ],
	"8" : [ 0.863328421266525, 3.017864741440579 ],
	"9" : [ 0.578021229195729, 2.986552574371019 ]
}
