{
	"0" : [ 1.845111339122543, 1.226957435954578, 0.059971818396124 ],
	"1" : [ 1.815954447182729, 0.791207648659659, 1.612666485261712 ],
	"10" : [ 1.971980551372012, 1.07530895563573, 0.022853618205619 ],
	"11" : [ 1.854078056468507, 0.816325624248963, 1.728332466355366 ],
	"12" : [ 1.913687445794034, 1.165946946440989, 0.0 ],
	"13" : [ 1.80836268214597, 1.153285280738543, 0.122451580269381 ],
	"14" : [ 1.785137676272754, 1.086641329834681, 1.419535086187043 ],
	"15" : [ 1.940317717559714, 1.032378102275751, 1.765540872575311 ],
	"16" : [ 1.804068463473492, 1.250385450928791, 0.385942025533428 ],
	"17" : [ 1.949191428102998, 0.909179655095533, 1.834735135866064 ],
	"18" : [ 1.818301144356115, 1.279968878763449, 0.44463869624766 ],
	"19" : [ 1.962024738466734, 1.001366145786692, 1.939007070472403 ],
	"2" : [ 1.884551263443554, 1.155075037543473, 1.668959186235615 ],
	"20" : [ 1.930069273325923, 1.406435528992283, 1.583233849052933 ],
	"21" : [ 1.888499885481327, 1.361923800705033, 1.477782596632588 ],
	"22" : [ 1.906633893613294, 1.347712988896744, 1.675183668763205 ],
	"23" : [ 0.310160174762387, 0.062797506930928, 0.404273008864517 ],
	"24" : [ 0.0, 1.689951959796545, 1.406659209876196 ],
	"25" : [ 0.00751307719938, 1.813763642756271, 1.49046667391652 ],
	"26" : [ 0.000841652605365, 1.822186404706818, 1.624133267132505 ],
	"27" : [ 0.021331847714667, 1.758858593766711, 1.567460708345034 ],
	"28" : [ 0.581955231830023, 0.241427541981519, 0.754873233373956 ],
	"29" : [ 0.14847239155145, 1.943845744232116, 1.488371511234966 ],
	"3" : [ 1.769823727702086, 0.866235284473034, 1.440694390213809 ],
	"30" : [ 0.076147994421907, 1.860242637648597, 1.455771147007459 ],
	"31" : [ 0.09717541729745, 2.0, 1.564960297478136 ],
	"32" : [ 0.116561822999668, 1.992146266624101, 1.455267431779726 ],
	"33" : [ 0.060293971095606, 1.772729182213372, 1.358247046167327 ],
	"34" : [ 0.060735906281005, 1.840851090156212, 1.643365029787734 ],
	"35" : [ 0.286640898156675, 0.137901945540669, 0.647481527670516 ],
	"36" : [ 0.480924326673548, 0.224665770265638, 0.712920717210312 ],
	"37" : [ 0.281165340480924, 0.134559893889775, 0.428359511160633 ],
	"38" : [ 0.317611986974722, 0.02562778104311, 0.651747594243717 ],
	"39" : [ 1.770184043152167, 0.825265937037878, 1.657445886724238 ],
	"4" : [ 1.903983940776332, 1.213477473482801, 0.186971005855644 ],
	"40" : [ 1.986725309610593, 1.135915741861624, 0.084954935188799 ],
	"41" : [ 1.912501428960219, 1.072535783654532, 2.0 ],
	"42" : [ 1.817874037304221, 1.054343536553269, 1.75408101712594 ],
	"43" : [ 1.896143967603529, 1.146068731724445, 1.886195817166641 ],
	"44" : [ 2.0, 1.060531736083808, 1.870717583668444 ],
	"45" : [ 1.971976119067465, 1.193246703255949, 1.744475380702186 ],
	"46" : [ 1.899678702294377, 1.265882711924392, 1.737335355876688 ],
	"47" : [ 1.958786813927456, 1.32321867672751, 1.510745777152472 ],
	"48" : [ 1.7646523059653, 1.158587822171333, 1.044476961775421 ],
	"49" : [ 1.809320260696755, 1.184037501614558, 1.216518523855355 ],
	"5" : [ 1.942235147096389, 1.006222421933827, 0.149610455929009 ],
	"50" : [ 1.786167912805629, 1.213853742896234, 0.598032401888786 ],
	"51" : [ 1.783775105893347, 1.103319787460938, 0.924528099365759 ],
	"52" : [ 1.837517002660837, 1.004184612775231, 0.460976883982325 ],
	"53" : [ 1.794029968044905, 1.018391676090303, 0.362526366889348 ],
	"54" : [ 1.763071302032283, 1.063412621178857, 0.256576246685788 ],
	"55" : [ 0.363600451075863, 0.114168262046129, 0.466783397352111 ],
	"56" : [ 0.500666791047018, 0.302439100043974, 0.796904487062425 ],
	"57" : [ 0.249658454550482, 0.039157204153284, 0.611589569293492 ],
	"58" : [ 1.869710715161551, 1.066782320325175, 0.313995829652957 ],
	"59" : [ 1.771502451588316, 1.145815933528584, 0.763113755136664 ],
	"6" : [ 0.34711897052317, 0.0, 0.485126357249738 ],
	"60" : [ 1.825772834194014, 1.120288698579096, 0.48242878662991 ],
	"7" : [ 0.525934578531028, 0.223765097184185, 0.709830895243791 ],
	"8" : [ 0.258242895118251, 0.010801974056104, 0.520518093328672 ],
	"9" : [ 0.426560049745715, 0.101309776617108, 0.54703328554983 ]
}
