{
	"0" : [ 0.149592535680638, 1.521280790090985 ],
	"1" : [ 0.249931975756143, 1.539121606314471 ],
	"10" : [ 0.525000731573214, 0.025320120441778 ],
	"11" : [ 0.471276721306972, 0.0 ],
	"12" : [ 0.370879860922464, 0.09815163607923 ],
	"13" : [ 0.136519012062795, 1.046166209921243 ],
	"14" : [ 0.085764810322206, 1.289977077052002 ],
	"15" : [ 0.469121293596627, 0.78457687853069 ],
	"16" : [ 0.513126669468557, 0.236956970204456 ],
	"17" : [ 0.282394687723913, 0.722975170889892 ],
	"18" : [ 0.673807291112412, 0.466260165776857 ],
	"19" : [ 0.623935040338539, 0.202917981091434 ],
	"2" : [ 0.112215240339186, 1.331213559009041 ],
	"20" : [ 0.135848321727079, 0.4574337971153 ],
	"21" : [ 0.031561806595393, 0.920609545718427 ],
	"22" : [ 1.06966772152263, 0.326860780425434 ],
	"23" : [ 0.0, 0.752462352364667 ],
	"24" : [ 0.627680685150169, 1.282404719260098 ],
	"25" : [ 0.682789819929224, 1.410952816957306 ],
	"26" : [ 2.0, 1.27206537782277 ],
	"27" : [ 1.695150317391404, 1.03777774780409 ],
	"28" : [ 1.593964071183232, 1.707602480822796 ],
	"29" : [ 1.986474514961791, 1.124279565255267 ],
	"3" : [ 0.641692406379571, 1.666562812989068 ],
	"30" : [ 1.675331226480341, 1.857213362662939 ],
	"31" : [ 1.945580950652482, 0.793081608547269 ],
	"32" : [ 1.726870356894614, 0.956958401801816 ],
	"33" : [ 1.645067936099623, 1.133326654927333 ],
	"34" : [ 1.923604400956809, 1.638638287025883 ],
	"35" : [ 1.898777383534627, 1.023917612138028 ],
	"36" : [ 1.581644269335128, 1.837094181734613 ],
	"37" : [ 1.900892856436033, 1.228778723506214 ],
	"38" : [ 1.844805728100817, 1.172400834575718 ],
	"39" : [ 1.630149517628517, 1.229275702795377 ],
	"4" : [ 0.172272257058193, 1.169856810033724 ],
	"40" : [ 0.693906104486608, 0.773024897584658 ],
	"41" : [ 0.695587165593111, 0.289592588565998 ],
	"42" : [ 1.838450394407406, 2.0 ],
	"43" : [ 1.878170228239606, 1.770387797233946 ],
	"44" : [ 1.862107327258578, 0.52923258735998 ],
	"45" : [ 0.593881384026177, 0.494747316383201 ],
	"46" : [ 1.502320195557399, 1.397263484557951 ],
	"47" : [ 1.546664481375554, 1.649206346229817 ],
	"48" : [ 1.718147430334249, 0.533748214647196 ],
	"49" : [ 1.825516402991824, 1.391436209903716 ],
	"5" : [ 0.218943201989371, 1.077041528331959 ],
	"50" : [ 0.036289026919547, 0.548361334674793 ],
	"51" : [ 0.290950092019171, 0.324704205124438 ],
	"52" : [ 1.792093037151094, 1.719472579524851 ],
	"53" : [ 1.95962031240993, 1.457539028938376 ],
	"54" : [ 1.509455857519348, 0.856989080501951 ],
	"55" : [ 1.559151773580914, 0.969026127856657 ],
	"56" : [ 0.005882903968365, 1.090796941367181 ],
	"57" : [ 1.759260174225613, 1.405865917223228 ],
	"58" : [ 1.748555969653247, 0.402191624056171 ],
	"59" : [ 1.854512609525626, 0.787097157734136 ],
	"6" : [ 0.504341452080687, 1.17268312433774 ],
	"60" : [ 0.065259319494906, 0.839180251508111 ],
	"61" : [ 1.257349153527278, 0.363876231288757 ],
	"62" : [ 1.453879701059831, 1.234387103822225 ],
	"63" : [ 1.178599901438304, 0.259329887145978 ],
	"64" : [ 0.207046966991332, 0.486405299005081 ],
	"65" : [ 0.434302524272286, 0.576501494896406 ],
	"66" : [ 1.63317985972285, 0.863460499319813 ],
	"67" : [ 1.812902563284615, 0.898240403975198 ],
	"68" : [ 1.666266375581056, 0.513775215237198 ],
	"69" : [ 1.603302706039519, 0.312337281887258 ],
	"7" : [ 0.776949919684896, 1.635652417291826 ],
	"70" : [ 1.523162595007817, 0.417328996691266 ],
	"71" : [ 1.555008095171883, 0.123773291920142 ],
	"72" : [ 0.039695629833042, 0.549277299270485 ],
	"73" : [ 1.304604013372133, 0.457684933592978 ],
	"74" : [ 1.219290032289829, 0.579859867944932 ],
	"75" : [ 1.325485106531242, 0.611929313084903 ],
	"76" : [ 1.262896512242077, 0.683728341227772 ],
	"77" : [ 1.136889044539552, 0.430035602036127 ],
	"78" : [ 0.177786592288313, 0.674232923028913 ],
	"79" : [ 0.732208479289811, 1.459606028141432 ],
	"8" : [ 0.373658283817772, 1.340641445697163 ],
	"80" : [ 0.718959307230218, 1.406411695516779 ],
	"81" : [ 0.113416981663828, 0.744345420842093 ],
	"82" : [ 0.35832675148773, 0.469362750761903 ],
	"9" : [ 0.645050811129256, 0.919373479967304 ]
}
