{
	"0" : [ 0.871701547215361, 0.264364436720716, 1.234631304056495 ],
	"1" : [ 1.176923379771069, 1.122166553236952, 1.618276709718425 ],
	"10" : [ 0.827874644543628, 1.20376391770591, 0.31720271267223 ],
	"11" : [ 0.915255627382126, 0.740738157678186, 0.388315849995553 ],
	"12" : [ 1.278806401544467, 1.398571525439976, 1.236949427776498 ],
	"13" : [ 1.070445745944523, 1.383361681743408, 0.682812729140655 ],
	"14" : [ 1.199655400894602, 0.838192047789462, 0.485413220100643 ],
	"15" : [ 1.039126955055186, 0.96321836054693, 0.026620903139537 ],
	"16" : [ 0.893790428847873, 1.167809692879333, 0.729289270550822 ],
	"17" : [ 1.407666840169155, 0.505334994446304, 0.017768117172736 ],
	"18" : [ 1.356327894738034, 1.089298270590476, 0.621141612863275 ],
	"19" : [ 1.197746348609469, 0.476885444468903, 0.222891272051684 ],
	"2" : [ 1.097606853993176, 1.312614963633021, 1.141928308709858 ],
	"20" : [ 1.487045506401726, 0.87302347506175, 0.858565773268737 ],
	"21" : [ 0.324716855982848, 0.510244652144938, 1.332027092134106 ],
	"22" : [ 2.673444112318979, 1.633410346958553, 2.186723607334446 ],
	"23" : [ 1.594429036992419, 0.263930335965802, 0.181446134572753 ],
	"24" : [ 0.199255604444683, 0.796148994711393, 1.137486722570079 ],
	"25" : [ 2.571529303641146, 1.292014893529502, 1.646350893299747 ],
	"26" : [ 1.336631503924671, 1.592190837624866, 1.885673208480804 ],
	"27" : [ 0.98612830128509, 1.058467640195522, 0.982982795432605 ],
	"28" : [ 0.481341448211137, 0.772772161177685, 0.767185512571519 ],
	"29" : [ 2.666020361242274, 0.713551856767325, 1.909634071619756 ],
	"3" : [ 0.328585045619392, 1.182960814491637, 2.347238035381337 ],
	"30" : [ 2.467976405175613, 0.827936744440179, 2.543120492886542 ],
	"31" : [ 0.307292289973918, 0.858639274943538, 1.978557926083831 ],
	"32" : [ 1.925094295468139, 1.020923245251761, 1.269862380459944 ],
	"33" : [ 2.484997127877225, 1.684873142155545, 2.044547066910772 ],
	"34" : [ 1.58348597189897, 1.485863330955818, 1.967619164111803 ],
	"35" : [ 0.076985383342757, 1.028367492610837, 1.499644544801334 ],
	"36" : [ 2.720793681634142, 1.086869581287977, 0.875510415072895 ],
	"37" : [ 2.636544948387001, 1.198816720057193, 2.143359453073651 ],
	"38" : [ 1.805726423944996, 1.261169838639675, 2.18428352835731 ],
	"39" : [ 0.168456971697628, 1.237951333325886, 1.842492617199503 ],
	"4" : [ 1.848757309333279, 0.169960483694244, 0.502828536758916 ],
	"40" : [ 2.404985771113942, 1.098747838513809, 1.059042521264232 ],
	"41" : [ 2.467971927593595, 1.47825576704496, 2.297166333159947 ],
	"42" : [ 1.795013729632022, 1.37198476265977, 1.673288655635608 ],
	"43" : [ 1.544970709607321, 1.281875070429526, 1.789647282619185 ],
	"44" : [ 0.142434770865216, 0.429235817408553, 1.28060288117508 ],
	"45" : [ 2.628504686528836, 0.664707307089757, 0.932741522918967 ],
	"46" : [ 2.698061854990911, 1.938474259504876, 1.714090943643504 ],
	"47" : [ 2.797407313206932, 2.103728835322906, 1.985094191717704 ],
	"48" : [ 1.447332793877525, 1.278366251793048, 2.268781816207762 ],
	"49" : [ 0.095947115468241, 0.664937279622038, 1.891364443119499 ],
	"5" : [ 1.037116345605849, 0.519893862285276, 1.156234201722811 ],
	"50" : [ 2.649607549577329, 1.292251811849373, 0.8755794697681 ],
	"51" : [ 2.11957918846245, 0.162813993598413, 0.182379323531028 ],
	"52" : [ 2.793716911827804, 1.981938126169145, 1.504387520663998 ],
	"53" : [ 2.945821961083519, 1.850763628705905, 2.208589432595752 ],
	"54" : [ 1.225995938679017, 1.464609873931473, 2.25616889458231 ],
	"55" : [ 0.035413010802231, 0.598440376067972, 1.553961319197197 ],
	"56" : [ 2.77027920278112, 0.938355847855667, 0.758748080619089 ],
	"57" : [ 2.011771006058586, 0.312013465753947, 0.0 ],
	"58" : [ 2.721120305046809, 1.000034891316835, 2.370773367815478 ],
	"59" : [ 2.944644971901212, 1.467337576455155, 2.488649029358653 ],
	"6" : [ 1.263923537522709, 0.792856652747813, 0.001660630283056 ],
	"60" : [ 0.0883807609903, 0.960116836570783, 1.691556336746017 ],
	"61" : [ 2.681580129715687, 1.197391907916552, 0.361201131258866 ],
	"62" : [ 1.928114041191356, 0.515103443550663, 0.557339676850345 ],
	"63" : [ 2.646578796200444, 0.783097963554843, 2.52172986880634 ],
	"64" : [ 2.948451584445137, 1.24360048870891, 2.517067060879706 ],
	"65" : [ 0.0, 1.068811985653063, 2.127601082210391 ],
	"66" : [ 2.566533203057753, 0.943591351083026, 0.454813427252749 ],
	"67" : [ 2.112494169744351, 0.498944708000462, 0.420041978470021 ],
	"68" : [ 2.839668327762881, 0.802408306731437, 2.212605998934763 ],
	"69" : [ 3.0, 1.604861450306796, 2.320204400004998 ],
	"7" : [ 0.720333067496938, 2.104599765143151, 2.154565903722474 ],
	"70" : [ 0.306674291919149, 1.493445711932516, 2.834759542660509 ],
	"71" : [ 2.171069669655704, 0.240195779163349, 0.653122205827736 ],
	"72" : [ 2.543517981700272, 0.346734432542956, 1.205516677465022 ],
	"73" : [ 0.582601149414312, 2.183798936340921, 2.661510017409772 ],
	"74" : [ 0.670404504247962, 1.798025450185847, 2.973588396264904 ],
	"75" : [ 2.267557548124074, 0.0, 0.447817642045286 ],
	"76" : [ 2.735331099310554, 0.876326370556787, 1.497694062676004 ],
	"77" : [ 0.485193960190961, 1.572558381822241, 2.92970246763219 ],
	"78" : [ 2.331211185416132, 0.168611822142682, 0.611101548796356 ],
	"79" : [ 2.60279628789095, 0.291368605908936, 0.863849207689909 ],
	"8" : [ 1.664805707680029, 0.527687043302101, 0.052008765933127 ],
	"80" : [ 0.418539232221322, 1.883883743649485, 2.91416834637505 ],
	"81" : [ 0.792416803781306, 1.660011403893375, 2.735639247050459 ],
	"82" : [ 0.333927023628643, 2.1866045321634, 2.685563108216568 ],
	"83" : [ 0.760662862416121, 2.659957298081278, 2.296754178126977 ],
	"84" : [ 0.563217986165714, 2.841401421954254, 2.410133229707693 ],
	"85" : [ 0.240038994772364, 2.435567846739298, 3.0 ],
	"86" : [ 0.455183867547837, 1.618645633768794, 1.336555891697285 ],
	"87" : [ 0.299955579265999, 2.641283550220868, 2.468923617080017 ],
	"88" : [ 0.683483206693815, 3.0, 2.232026323171396 ],
	"89" : [ 0.460126248573003, 2.754913989118671, 2.666438193673531 ],
	"9" : [ 0.863603330565035, 0.48154449101701, 0.901592975128668 ],
	"90" : [ 0.592368315211038, 2.632823680431731, 1.983249886201441 ],
	"91" : [ 0.685786157910203, 2.882395598102657, 2.031392564432023 ],
	"92" : [ 0.317613670757813, 2.466246957534054, 2.765150341639557 ],
	"93" : [ 0.157018618275517, 1.708794983247075, 2.725851016662507 ],
	"94" : [ 0.102132484209135, 1.343925314953101, 2.581879737950629 ]
}
