{
	"0" : [ 1.733272424875816, 1.690086758976116, 1.127378963855745 ],
	"1" : [ 0.547410288382852, 1.555807013484402, 0.66672170429438 ],
	"10" : [ 0.408821690595321, 0.272869795145293, 0.705975037599489 ],
	"11" : [ 0.871975829194843, 0.0, 0.532168832845957 ],
	"12" : [ 0.208706804312818, 1.325666230107669, 0.40665585612002 ],
	"13" : [ 1.083065618357977, 0.073749962191529, 1.054457296457971 ],
	"14" : [ 1.139731745641702, 0.100863052188421, 0.13070658880325 ],
	"15" : [ 0.966631178196503, 1.829293715505095, 0.583347389539059 ],
	"16" : [ 0.592948040501976, 1.149566121889018, 1.090519250238299 ],
	"17" : [ 1.843204008331116, 0.51970475967042, 0.97829783405857 ],
	"18" : [ 0.639868709541723, 0.597779415841332, 1.936070268311754 ],
	"19" : [ 1.89437859716657, 1.472167619463689, 1.484699093826065 ],
	"2" : [ 1.707697961028434, 1.55229295502273, 0.523136960259839 ],
	"20" : [ 1.787934307422252, 1.014773078706548, 1.665937974154833 ],
	"21" : [ 1.241851943491096, 0.602313834646502, 1.947875532054157 ],
	"22" : [ 0.076015414036492, 0.485409225365133, 0.62431086205956 ],
	"23" : [ 1.414791999274409, 0.376608529204266, 0.0 ],
	"24" : [ 1.64421891486413, 2.0, 0.922377023962851 ],
	"25" : [ 1.512483520339645, 0.772763354947836, 2.0 ],
	"26" : [ 1.498350518608696, 0.164588464715254, 1.084226085052369 ],
	"27" : [ 0.769339022385679, 0.780336687988208, 1.986579960887245 ],
	"28" : [ 1.468178243700507, 1.890876543530335, 0.653122555243496 ],
	"29" : [ 1.483374157388735, 1.271699453256241, 1.551539393405422 ],
	"3" : [ 0.133883704715774, 0.499670415433459, 0.217757326368762 ],
	"4" : [ 1.985801570823204, 0.659377346384451, 0.200585730275045 ],
	"5" : [ 1.722467739578988, 0.794896654656771, 0.298317642789922 ],
	"6" : [ 0.0, 0.902579069723891, 0.307594205560969 ],
	"7" : [ 0.467103107453722, 0.766980846299562, 0.985199751401614 ],
	"8" : [ 0.870285398092701, 0.560872649047567, 1.531389280081162 ],
	"9" : [ 2.0, 0.570802563297338, 0.547024914533108 ]
}
