{
	"0" : [ 1.018902644211112, 0.334619396766952, 1.570632473130217 ],
	"1" : [ 1.005121854408273, 0.414963876779144, 1.75926077855826 ],
	"10" : [ 0.861622710881705, 1.943013348417088, 0.816214364471919 ],
	"11" : [ 1.067939598008549, 0.21486478804504, 0.503555211654324 ],
	"12" : [ 1.150742146803277, 0.177869029894003, 0.164916524239997 ],
	"13" : [ 1.018957956733137, 0.141021742440008, 0.17696374262704 ],
	"14" : [ 1.255516413446646, 0.110753420973813, 0.367969227307539 ],
	"15" : [ 1.277026893084476, 0.102781982628963, 0.108256547410998 ],
	"16" : [ 1.284096703133922, 0.192697786277126, 0.184786794234062 ],
	"17" : [ 1.113217276303604, 0.067222295000001, 0.0 ],
	"18" : [ 1.117014593533489, 0.026072709412657, 0.226981198102567 ],
	"19" : [ 1.134772297815648, 0.461736592626193, 1.875484828947126 ],
	"2" : [ 0.986804498353895, 0.45911049652334, 1.5081423024745 ],
	"20" : [ 0.888482068147229, 1.971441797322567, 0.63694359378942 ],
	"21" : [ 1.081967803759905, 0.496074585467146, 2.0 ],
	"22" : [ 1.028678227664866, 1.861445347687839, 0.844721780517782 ],
	"23" : [ 1.100371773740859, 0.983035996567905, 0.8831289436185 ],
	"24" : [ 1.061081099526541, 0.974749531330429, 0.695054003128495 ],
	"25" : [ 0.970352466145379, 1.049807177275403, 0.669995530062399 ],
	"26" : [ 1.015116430906053, 1.074353101139452, 0.932980787466048 ],
	"27" : [ 1.105311981366765, 1.119821593605033, 0.982030946970436 ],
	"28" : [ 1.051202333879658, 1.119914623559683, 0.757827746356061 ],
	"29" : [ 0.954621019798489, 1.858822523557716, 0.686400452531252 ],
	"3" : [ 0.946259496851911, 1.939966754757332, 1.007111388877772 ],
	"30" : [ 0.280802448503107, 0.660473592897005, 0.960525256799061 ],
	"31" : [ 1.93287425339066, 0.0, 1.269131397764644 ],
	"32" : [ 1.96982837238271, 0.133401285891677, 1.12479413218116 ],
	"33" : [ 1.959738817096144, 0.171241657126488, 0.869317757397228 ],
	"34" : [ 1.915054507778869, 0.112104242594782, 1.365048591611655 ],
	"35" : [ 2.0, 0.050665193367896, 0.943367753152554 ],
	"36" : [ 1.902280685016505, 0.045871310830562, 0.805586070736351 ],
	"37" : [ 1.848402850971805, 0.027953150462726, 1.033995224948864 ],
	"38" : [ 1.803235931442586, 0.192413918380665, 0.973970888745007 ],
	"39" : [ 1.809906170955215, 0.178261702447138, 1.222814385054124 ],
	"4" : [ 1.09066957935702, 0.238167085929311, 1.156124847939173 ],
	"40" : [ 1.790946663463548, 0.093129412325186, 0.792754163332967 ],
	"41" : [ 0.19623944338825, 0.740591189894894, 0.763018441311344 ],
	"42" : [ 0.112361835418984, 0.832420509614533, 0.838531317961651 ],
	"43" : [ 0.029672508468974, 0.734384743248422, 0.998571691678537 ],
	"44" : [ 0.158633101001481, 0.715235747497856, 0.997626251811571 ],
	"45" : [ 0.0, 0.767094633478076, 0.796644528451538 ],
	"46" : [ 0.098624073733285, 0.754039968392047, 0.574499941672397 ],
	"47" : [ 0.190796127968266, 0.666022182042255, 0.553251168970965 ],
	"48" : [ 0.137520062041481, 0.676319469501739, 0.418973204855106 ],
	"5" : [ 0.984657898060537, 2.0, 0.794370750021565 ],
	"6" : [ 1.020508305351801, 0.215653270972036, 1.32195382234185 ],
	"7" : [ 1.038142227858869, 0.522960442195653, 1.834523251711179 ],
	"8" : [ 0.994891101196547, 0.110958928916894, 0.427530861630534 ],
	"9" : [ 1.070397330926831, 0.333843112190738, 1.276421702766596 ]
}
