{
	"0" : [ 0.103121337804277, 1.880276905264838, 0.801713794374515 ],
	"1" : [ 0.175590722439709, 1.44831813948527, 0.864959686031177 ],
	"10" : [ 0.061004365032176, 1.68385574575181, 0.539622396570222 ],
	"11" : [ 0.010497670382444, 1.514036511196422, 0.5838405886413 ],
	"12" : [ 0.066174261246567, 1.928864432648673, 0.659730604579265 ],
	"13" : [ 1.8227246535564, 0.898038974547524, 1.263292403967788 ],
	"14" : [ 1.862197707375846, 1.219865361804916, 1.106535937225337 ],
	"15" : [ 1.767974502120868, 1.042863169198472, 1.190722527528838 ],
	"16" : [ 0.149476131389644, 1.037122016060332, 0.456235678497698 ],
	"17" : [ 1.677233894603559, 0.520261272159356, 1.348240364465608 ],
	"18" : [ 1.731900884810215, 0.297653658995325, 1.18238486763268 ],
	"19" : [ 1.780403461272885, 1.410214163369254, 0.511158472187093 ],
	"2" : [ 1.935474598312525, 1.730065975585275, 0.659304864138009 ],
	"20" : [ 0.359337825575706, 0.803919505840023, 0.433509467279068 ],
	"21" : [ 0.193713245469657, 0.920621729968127, 0.555915922466326 ],
	"22" : [ 1.895152802973544, 0.998177073959801, 0.992544725893668 ],
	"23" : [ 1.846848825342907, 1.30476755032807, 0.573387266511023 ],
	"24" : [ 0.221972145692548, 2.0, 0.946363840585564 ],
	"25" : [ 0.191138713349743, 0.99489374966533, 0.60884785770124 ],
	"26" : [ 0.435033639672364, 0.414114482334021, 0.0 ],
	"27" : [ 0.42082618956667, 0.228725636501395, 0.08803585296667 ],
	"28" : [ 0.337729874704326, 0.627456892027842, 0.35510743163164 ],
	"29" : [ 0.394437152593057, 0.341651161617331, 0.39610266498227 ],
	"3" : [ 1.894982100615364, 1.778282958258522, 0.528195737661597 ],
	"30" : [ 0.463110018134745, 0.198408580038805, 0.186178344633884 ],
	"31" : [ 0.383440065866437, 0.522559541376504, 0.084232773551655 ],
	"32" : [ 1.655524294200666, 0.23959005072209, 0.936924458774759 ],
	"33" : [ 0.476906043196119, 0.321892845674682, 0.238077509760725 ],
	"34" : [ 0.515037943550564, 0.376447292998318, 0.432555162451616 ],
	"35" : [ 1.699864665778064, 0.0, 1.544791972040163 ],
	"36" : [ 0.0, 1.307220908864617, 0.506575338482056 ],
	"37" : [ 0.069338739253523, 1.537067451872351, 0.759039733581541 ],
	"38" : [ 0.239156867414991, 0.78195330465678, 0.471314009261882 ],
	"39" : [ 0.09111031513681, 1.3043819073816, 0.606970491571622 ],
	"4" : [ 1.838966689424689, 1.738770657461499, 0.64986173910143 ],
	"40" : [ 1.744138764363625, 1.130930412192614, 0.797715957210838 ],
	"41" : [ 1.722838386652916, 0.378778421646811, 0.839111747041074 ],
	"42" : [ 1.835290221885725, 1.46644475996871, 0.784872982315402 ],
	"43" : [ 1.854100297365859, 1.647495662871778, 0.438610128967237 ],
	"44" : [ 1.637317204216139, 0.275163577153752, 1.369914416079949 ],
	"45" : [ 1.962158020305386, 1.149861773522619, 0.63705001462984 ],
	"46" : [ 1.63149167509413, 0.895650000580951, 0.593352916043246 ],
	"47" : [ 1.770146991513989, 0.059812720227787, 1.276357448751388 ],
	"48" : [ 1.661801689869165, 0.090822189411248, 1.249599263652333 ],
	"49" : [ 1.690906998643434, 0.251022796141286, 1.499187045349319 ],
	"5" : [ 1.814661475011002, 1.037187484487136, 0.567410000046583 ],
	"50" : [ 1.945987803278026, 0.834893452153579, 0.825102456612589 ],
	"51" : [ 0.218740702883515, 1.80014184474878, 0.991998284984106 ],
	"52" : [ 1.773281048587736, 0.089038607129706, 1.461400238650091 ],
	"53" : [ 1.973589469800814, 0.903687908534986, 0.633237078929641 ],
	"54" : [ 1.68893635653006, 0.90883785581731, 0.740526701744265 ],
	"55" : [ 1.585191185721462, 0.98303423365495, 0.475304298487796 ],
	"56" : [ 1.876735235872776, 0.266713902108773, 1.127306734699011 ],
	"57" : [ 1.824971258175122, 0.667279416869686, 1.285377724356676 ],
	"58" : [ 1.765529212350547, 1.144383457719333, 0.396171423006757 ],
	"59" : [ 0.1944547659666, 1.888079507667209, 1.070651382380107 ],
	"6" : [ 1.786260540673291, 0.569587710569782, 1.358125659826182 ],
	"60" : [ 2.0, 1.100053310377475, 0.854904705281832 ],
	"61" : [ 1.862234750395188, 0.23723272449303, 1.446831903982589 ],
	"62" : [ 1.877887606240652, 0.471898661008862, 1.385900440526168 ],
	"63" : [ 1.886889171897228, 0.918197453756662, 0.538276275286845 ],
	"64" : [ 0.191819110255568, 1.853689989799912, 1.041759833336656 ],
	"65" : [ 0.02282667058776, 1.211684728639314, 0.62082300513216 ],
	"66" : [ 0.890296908680557, 1.283853514812043, 1.930836172378236 ],
	"67" : [ 0.987563153974327, 1.082609323741348, 2.0 ],
	"68" : [ 0.919211232589009, 0.984907146942434, 1.830544631234348 ],
	"69" : [ 0.884958005294797, 1.089678937905009, 1.956801996856106 ],
	"7" : [ 0.00670102997125, 1.756398485727901, 0.628664990184725 ],
	"70" : [ 1.049585720729109, 0.990691575291583, 1.871171184108625 ],
	"71" : [ 0.947476593544144, 1.212544617432453, 1.850050691679369 ],
	"72" : [ 1.069894811715069, 1.132003642787737, 1.792710019622818 ],
	"73" : [ 0.992493940385445, 0.968809184983622, 1.710377776408706 ],
	"74" : [ 1.039594948157102, 1.142643983254286, 1.521349860890768 ],
	"75" : [ 1.059856474210398, 1.089589504055251, 1.526940235092036 ],
	"76" : [ 0.909776978611843, 1.167043913151696, 1.608701021893499 ],
	"77" : [ 0.871257670264524, 1.072397225752141, 1.695542320657487 ],
	"8" : [ 0.309042831626827, 0.682384632170858, 0.539326374310566 ],
	"9" : [ 1.953021063639882, 1.412113935097767, 0.804708475857621 ]
}
