{
	"0" : [ 2.950048002891879, 0.276021718336761, 2.3785006145534 ],
	"1" : [ 2.844762374381722, 0.092490263354079, 2.263186990385139 ],
	"10" : [ 0.077730058290369, 0.812461482845962, 1.986652554412484 ],
	"11" : [ 0.718559492386909, 0.834942746615374, 1.347160569827622 ],
	"12" : [ 2.019810568511725, 1.972015667026176, 1.613177699726347 ],
	"13" : [ 2.263992796740019, 0.658677261410528, 1.276781201001604 ],
	"14" : [ 1.495781842141546, 3.0, 2.021670190484683 ],
	"15" : [ 1.446110863936687, 1.321883879757307, 0.196363684429662 ],
	"16" : [ 2.930075884821039, 0.968275928630934, 1.519436362420938 ],
	"17" : [ 2.528414619900229, 0.798462357520304, 1.251148220588816 ],
	"18" : [ 2.177415459233294, 1.552429383160821, 0.865673532248481 ],
	"19" : [ 1.392645602981969, 1.414941497995165, 0.432874106448668 ],
	"2" : [ 2.844512058162833, 0.119254843879634, 2.128346748985098 ],
	"20" : [ 2.638440609183499, 1.184108861746827, 1.554741809018592 ],
	"21" : [ 2.152568040320095, 0.537568494937517, 1.477082571816008 ],
	"22" : [ 2.085309121351584, 1.155575059694065, 1.292762572877375 ],
	"23" : [ 1.714354619412006, 1.758470757158568, 1.121399541227869 ],
	"24" : [ 1.573602123574359, 1.642931619451707, 0.242371232904087 ],
	"25" : [ 2.787747302146375, 1.316297070541708, 1.555766368081884 ],
	"26" : [ 2.473958667780409, 0.472434686623718, 1.433216354118332 ],
	"27" : [ 2.496249606201135, 0.533960317700007, 1.669973595534549 ],
	"28" : [ 1.387369100603537, 2.194161721935497, 1.483131942372024 ],
	"29" : [ 1.386221636400992, 1.615907709579067, 0.123067329291402 ],
	"3" : [ 2.920973200225608, 0.0, 2.174574801398715 ],
	"30" : [ 2.889715429378056, 1.344575832622306, 1.288925025410015 ],
	"31" : [ 2.545472393703252, 2.207270063663225, 1.837037220801387 ],
	"32" : [ 2.72769735352836, 0.704363156507744, 1.365803856675699 ],
	"33" : [ 2.649196485704826, 0.480947788724576, 2.061183206090542 ],
	"34" : [ 1.220885137550115, 2.618029503261412, 1.822906161393401 ],
	"35" : [ 1.476421050175696, 1.457569896340051, 0.0 ],
	"36" : [ 3.0, 1.161556791421621, 1.376006603308888 ],
	"37" : [ 2.622794163624046, 2.019172821721791, 1.911737094700718 ],
	"38" : [ 2.694889125612741, 1.115780123796781, 1.000782312831277 ],
	"39" : [ 2.711119667064771, 0.351528312036204, 2.432891668425778 ],
	"4" : [ 0.41816711701952, 0.780474212169533, 1.631347147456309 ],
	"40" : [ 1.934789803827545, 1.370818553826683, 1.162404498824667 ],
	"41" : [ 1.49341452773866, 1.575295794565838, 0.127373618966928 ],
	"42" : [ 2.943314438279308, 1.268661836679679, 1.075877278087273 ],
	"43" : [ 2.461238965197174, 2.345845461842294, 1.930613127392078 ],
	"44" : [ 2.48870444779636, 1.281323962074895, 1.061196286048453 ],
	"45" : [ 2.836592809882148, 0.562102336511891, 2.27396312624819 ],
	"46" : [ 1.883307742563128, 1.207828970117783, 1.467338291634837 ],
	"47" : [ 0.968698707058411, 0.78309754151732, 1.235037867749099 ],
	"48" : [ 0.171194335605682, 1.290779063741599, 2.876782524521482 ],
	"49" : [ 0.180325740845584, 0.999855834497364, 2.783013669719409 ],
	"5" : [ 0.0045365380024, 1.111973405776075, 2.455038101070471 ],
	"50" : [ 0.095803384551552, 1.166765315840529, 3.0 ],
	"51" : [ 0.201082518192621, 1.503322953522552, 2.686613750541326 ],
	"52" : [ 0.469514442595859, 1.569549224165121, 2.969933958388201 ],
	"53" : [ 0.448937626033032, 1.640123890236584, 2.788861756397263 ],
	"54" : [ 0.696676986735643, 1.76505796943201, 2.706018995913477 ],
	"55" : [ 0.356607110958789, 1.206278287098932, 2.762451272706796 ],
	"56" : [ 0.337291285297471, 1.483567469641154, 2.223688766492348 ],
	"57" : [ 0.875378215411737, 0.778068757964291, 1.546657589415495 ],
	"58" : [ 2.225031694716168, 1.445830719801406, 2.038933076380223 ],
	"59" : [ 1.776591044055684, 2.032607010836754, 2.313384913653751 ],
	"6" : [ 0.205392294814257, 0.787900635439203, 1.893811674672235 ],
	"60" : [ 1.016413972281035, 2.194021214913355, 1.827371635051212 ],
	"61" : [ 0.87418973275573, 2.152060909820442, 2.168207163557404 ],
	"62" : [ 0.235099563547094, 1.637573028670661, 2.244074825974986 ],
	"63" : [ 1.035128771336715, 2.133804718803868, 2.661897999771059 ],
	"64" : [ 1.249840897263204, 2.285868403829029, 2.312306477705012 ],
	"65" : [ 1.209751092630517, 2.07958196493189, 2.045420043112842 ],
	"66" : [ 1.71704647745642, 2.599156308314969, 2.061971750559418 ],
	"67" : [ 2.22548697757422, 2.303465285316701, 2.030468570412851 ],
	"68" : [ 2.595545971095615, 2.067267402162654, 2.270135735181523 ],
	"69" : [ 2.643036522439269, 1.207058441439833, 2.389422862803601 ],
	"7" : [ 0.078507558159927, 1.054943073092397, 2.199899689201104 ],
	"70" : [ 2.382709076259145, 2.247665586327139, 2.354698730829493 ],
	"71" : [ 1.780127198428811, 2.061260371280879, 2.709821985979748 ],
	"72" : [ 1.078057192812117, 1.818314265223595, 2.295775841885547 ],
	"73" : [ 1.392139811134589, 1.960308099921129, 2.475947841708134 ],
	"74" : [ 1.573896025399962, 2.127362449972384, 2.501328073724055 ],
	"75" : [ 2.108102576332211, 2.077032449569813, 2.459976528134156 ],
	"76" : [ 2.247411730114934, 1.308573162340434, 2.387459619696779 ],
	"77" : [ 1.879752628092739, 2.313239101968399, 2.134404642605031 ],
	"78" : [ 0.263981347942422, 1.529098114128581, 2.63784503335333 ],
	"79" : [ 0.637428845694116, 1.917428462026543, 2.353253628551761 ],
	"8" : [ 0.212211345795659, 0.886860993437324, 1.726327527796129 ],
	"80" : [ 1.394252899529227, 2.84144485835196, 2.387200418276961 ],
	"81" : [ 1.684185696166411, 2.209996120916977, 2.096953535186491 ],
	"82" : [ 1.956171046236548, 1.744576247914779, 2.127696136847511 ],
	"83" : [ 1.773759249946167, 1.351914238431456, 1.703154522938461 ],
	"84" : [ 1.321072797511212, 1.782546545033609, 1.835324688202623 ],
	"85" : [ 0.973268038441448, 1.562493685352382, 1.832659143414888 ],
	"86" : [ 0.47419715215496, 1.75728814190927, 2.361034053185942 ],
	"87" : [ 1.187824741988408, 2.65079527345928, 2.358892567121329 ],
	"88" : [ 0.9651937468628, 2.277550185390179, 2.537036370587783 ],
	"89" : [ 1.289544618771865, 2.807538457850497, 2.209532877560567 ],
	"9" : [ 0.0, 0.920877301292472, 2.213228198836612 ],
	"90" : [ 1.956824448806721, 1.264809444812395, 2.010197191435475 ],
	"91" : [ 2.033068876416964, 2.223972158161927, 1.834283538392217 ],
	"92" : [ 1.469823229757501, 2.929661227995269, 2.040884577433148 ],
	"93" : [ 1.402935021464144, 1.231799998575851, 0.967788881986931 ],
	"94" : [ 2.609328234138011, 0.776012483321617, 2.396345916309701 ],
	"95" : [ 2.171805648710231, 1.457339322974152, 2.395726082008678 ],
	"96" : [ 2.86049894441121, 1.483378366596038, 1.990842881675651 ],
	"97" : [ 2.827816854642407, 1.380962700639745, 2.085209345369842 ]
}
