{
	"0" : [ 1.4981129828044, 5.734609510943911 ],
	"1" : [ 7.090398692179631, 5.396309526422527 ],
	"10" : [ 1.463356186266386, 7.376825100825536 ],
	"11" : [ 1.176774021175784, 5.799903565091663 ],
	"12" : [ 4.153985305852193, 0.144315036844291 ],
	"13" : [ 3.885805179165132, 0.223054263322262 ],
	"14" : [ 4.352635222907215, 0.473342168935039 ],
	"15" : [ 4.064886629818905, 0.0 ],
	"16" : [ 4.065860688408155, 0.440426866260003 ],
	"17" : [ 4.273115037051226, 0.250851622513211 ],
	"18" : [ 4.326102218833392, 0.040851105093977 ],
	"19" : [ 4.477761933139814, 0.188408437183432 ],
	"2" : [ 1.634433912863182, 5.122060283648046 ],
	"20" : [ 1.510686560554108, 5.419190650262911 ],
	"21" : [ 7.810268574026929, 6.04578033666009 ],
	"22" : [ 7.777961033976707, 7.908370111995269 ],
	"23" : [ 7.626983123911706, 7.891437745612826 ],
	"24" : [ 7.430289584473206, 7.706550347612868 ],
	"25" : [ 7.529184401362603, 7.407930855849052 ],
	"26" : [ 7.687944433334485, 7.591081284583452 ],
	"27" : [ 7.886667317370828, 7.554715105774569 ],
	"28" : [ 7.713085256619409, 7.241640014708077 ],
	"29" : [ 7.778098774341111, 7.305801068634999 ],
	"3" : [ 1.867939434039135, 5.289082802132947 ],
	"30" : [ 1.226158523306999, 6.460117029104784 ],
	"31" : [ 7.320533888269687, 5.587532504927101 ],
	"32" : [ 6.611145949345869, 5.255838791279473 ],
	"33" : [ 6.643846132190089, 4.765256768919971 ],
	"34" : [ 7.078009153357145, 4.99869770267142 ],
	"35" : [ 7.408543052992785, 5.84443118598806 ],
	"36" : [ 6.449382548685767, 4.958838076134326 ],
	"37" : [ 6.822851902332845, 5.084487160514359 ],
	"38" : [ 7.405632076644134, 6.552825911196493 ],
	"39" : [ 7.474031310501462, 6.243188754714956 ],
	"4" : [ 1.666594221989796, 5.595255981977489 ],
	"40" : [ 7.736423549455367, 6.404930349899052 ],
	"41" : [ 7.673097706418691, 5.877967492855864 ],
	"42" : [ 7.674593805790141, 5.496550708607877 ],
	"43" : [ 6.523550489501572, 5.019843548956493 ],
	"44" : [ 6.937257536346112, 5.241525294399501 ],
	"45" : [ 3.932440594834937, 0.427397227785604 ],
	"46" : [ 7.585450743348879, 6.014766348983842 ],
	"47" : [ 7.533380443750806, 8.0 ],
	"48" : [ 7.407576396419022, 7.921822370458462 ],
	"49" : [ 7.239111639174104, 6.05725998803506 ],
	"5" : [ 1.412221110958791, 5.95616559096198 ],
	"50" : [ 7.029261215769272, 4.860788804295643 ],
	"51" : [ 8.0, 5.884485052011439 ],
	"52" : [ 7.894983670149866, 5.715998755344034 ],
	"53" : [ 6.725644096186421, 4.725634792070501 ],
	"54" : [ 1.427570257077041, 5.275531268311432 ],
	"55" : [ 0.609722653486314, 6.215542808967888 ],
	"56" : [ 0.264817478841271, 5.944076702237448 ],
	"57" : [ 0.336773730716285, 6.632107339106604 ],
	"58" : [ 0.918126419675103, 6.924194816820365 ],
	"59" : [ 0.127294382227519, 6.460840692384495 ],
	"6" : [ 1.532237352979563, 7.272653282414565 ],
	"60" : [ 0.867939644393228, 6.141314365678244 ],
	"61" : [ 0.971693768925244, 6.314685445788169 ],
	"62" : [ 0.924168028640426, 6.624222281446875 ],
	"63" : [ 0.453668610213796, 6.439122675170688 ],
	"64" : [ 0.417848345438903, 6.136779591673147 ],
	"65" : [ 0.806401665924204, 5.886971075256884 ],
	"66" : [ 0.0, 6.10757021344178 ],
	"67" : [ 0.806385224882809, 5.610236483371163 ],
	"68" : [ 0.660396183760718, 6.77087913738022 ],
	"69" : [ 0.540567568502652, 5.69350035272123 ],
	"7" : [ 1.470370781367331, 7.62484141294236 ],
	"70" : [ 0.11573568408349, 6.190013055891428 ],
	"71" : [ 1.002440542805433, 5.779541950944955 ],
	"72" : [ 0.567203215525625, 6.63095612009239 ],
	"8" : [ 1.334345857002101, 7.505324727649357 ],
	"9" : [ 1.286925028933469, 7.401804350562752 ]
}
