{
	"0" : [ 4.0, 3.548342476924863, 1.314552556178913 ],
	"1" : [ 3.753015261449149, 2.873400805976527, 1.758189152320381 ],
	"10" : [ 1.548746030260118, 0.469167187778298, 3.0428502418531 ],
	"11" : [ 2.443473181057002, 0.782955360013997, 4.0 ],
	"12" : [ 2.122190865388689, 3.942784171430224, 1.024289280599887 ],
	"13" : [ 1.423578735981125, 1.002506535404745, 2.914655130701666 ],
	"14" : [ 2.231057327284708, 0.478021106378933, 3.743831787077302 ],
	"15" : [ 2.344889935355855, 1.104933470706465, 3.647674177857801 ],
	"16" : [ 2.691416338253503, 2.610696323882698, 3.758789238614314 ],
	"17" : [ 1.433747493202576, 2.35254919065124, 2.813934710255484 ],
	"18" : [ 2.680773518696968, 3.72954579229556, 1.429305091426387 ],
	"19" : [ 2.404668831909049, 2.879875660563547, 3.84446591961154 ],
	"2" : [ 3.578832125245228, 3.398095051749547, 2.421889129193299 ],
	"20" : [ 3.449604958784167, 2.610259770021787, 2.921754360285549 ],
	"21" : [ 2.01554878875206, 2.818702739127126, 3.585745966343807 ],
	"22" : [ 2.656661064581708, 2.293145395752175, 3.30259843512629 ],
	"23" : [ 0.672495215580928, 0.726607844864427, 0.341281126926756 ],
	"24" : [ 0.5594996577626, 0.558407544844705, 0.759207634681122 ],
	"25" : [ 1.373005908312062, 0.323398025219243, 2.558609547842403 ],
	"26" : [ 2.744907662267077, 0.903723257729231, 3.596192213186709 ],
	"27" : [ 3.629519651283616, 3.493840194273592, 1.906481645614788 ],
	"28" : [ 3.159390716524753, 3.774310035288313, 2.141419035372417 ],
	"29" : [ 3.766541666443608, 3.818496552166457, 1.508296512335897 ],
	"3" : [ 3.364130744712484, 2.901023177840564, 3.29530338268544 ],
	"30" : [ 3.304548778121437, 3.797055264790182, 1.714522804234869 ],
	"31" : [ 1.674624564342391, 3.647782997408962, 2.120911841666279 ],
	"32" : [ 2.38546455396922, 3.558332568163314, 2.818526118543801 ],
	"33" : [ 1.795861362929341, 3.173200841953609, 2.731416547894335 ],
	"34" : [ 1.491965839543854, 3.415029560186273, 2.553497324730885 ],
	"35" : [ 3.459044689922607, 2.947995312562762, 2.331362806407626 ],
	"36" : [ 2.762644510103438, 3.230423083575699, 3.599219607387178 ],
	"37" : [ 2.889812312852893, 3.549145181611757, 2.22679797138276 ],
	"38" : [ 3.330517926938728, 2.06688349107161, 2.965455047474757 ],
	"39" : [ 1.845455771714208, 3.775186326975462, 1.191182365269397 ],
	"4" : [ 2.062718116046132, 3.36420607869872, 3.567842304606692 ],
	"40" : [ 1.775495893697637, 4.0, 0.846954469413312 ],
	"41" : [ 0.055976000473381, 2.592980659069732, 1.999792878596957 ],
	"42" : [ 1.682236450777482, 0.722844432968803, 3.267626706634541 ],
	"43" : [ 2.594323612043084, 0.682090521476127, 3.507865646969431 ],
	"44" : [ 0.38972541830154, 1.982821834026805, 0.803331299642906 ],
	"45" : [ 3.241993329896367, 2.672556957037872, 3.366226105009984 ],
	"46" : [ 1.08157113867244, 0.0, 0.398871226500659 ],
	"47" : [ 2.396514221433571, 0.764972660889834, 3.121664991014389 ],
	"48" : [ 2.643312287782159, 1.738426624375245, 3.585995045218268 ],
	"49" : [ 2.804198873054434, 2.00030926939563, 3.190916388671931 ],
	"5" : [ 3.658106044770899, 3.036113668349878, 2.887665857717889 ],
	"50" : [ 2.114408629536406, 1.233812738090134, 3.309073976975571 ],
	"51" : [ 3.072296893403092, 2.946948446420049, 2.50031216365099 ],
	"52" : [ 2.29006791776841, 2.379194665375977, 3.719830740727915 ],
	"53" : [ 1.36439612556529, 3.51149985232389, 1.07994213005792 ],
	"54" : [ 0.862829376664022, 2.189865386079557, 0.948342530992704 ],
	"55" : [ 0.734397289097541, 0.159286614405563, 0.577429666124771 ],
	"56" : [ 0.713535103387654, 2.835518090556437, 0.60334583246872 ],
	"57" : [ 0.439048411922362, 2.731679699022378, 0.696192125092674 ],
	"58" : [ 0.911400837544827, 3.313837345952303, 1.167870016537297 ],
	"59" : [ 1.501465741847991, 2.726810724816235, 2.049876768546057 ],
	"6" : [ 1.962608375958992, 0.534450177774416, 2.950693684561074 ],
	"60" : [ 0.06644388078806, 2.260626945348333, 1.634313324652409 ],
	"61" : [ 0.213054049401568, 1.581938069502612, 1.298050105595345 ],
	"62" : [ 2.229169028332786, 3.292999986552752, 2.75498580874194 ],
	"63" : [ 1.288154228619163, 3.066527217368197, 1.253274553349331 ],
	"64" : [ 1.484191693415227, 3.927711062892731, 0.876278518267656 ],
	"65" : [ 1.294145381013797, 3.851357866775306, 1.228389749574708 ],
	"66" : [ 0.990509033065683, 2.705515594748655, 1.48597633932337 ],
	"67" : [ 0.798284484265018, 3.134031370942237, 2.206563407319853 ],
	"68" : [ 0.207853792297077, 2.177385233540827, 2.136121500354017 ],
	"69" : [ 0.0, 1.959320639814715, 1.942123968404843 ],
	"7" : [ 2.416589988588882, 2.669792868832172, 3.042599522554813 ],
	"70" : [ 0.433141380006391, 1.868618458937648, 2.134189565609928 ],
	"71" : [ 0.188094353627659, 2.541132972991066, 1.412136045351989 ],
	"72" : [ 0.550719688253127, 2.183144404737688, 1.701090012155897 ],
	"73" : [ 0.44352738621478, 1.023539005428095, 0.818041618624347 ],
	"74" : [ 0.884190910638091, 0.394594276773945, 0.969919314225006 ],
	"75" : [ 1.0950577390473, 1.51594145093606, 0.786335162831546 ],
	"76" : [ 1.07269170973697, 0.378295980585301, 0.0 ],
	"77" : [ 1.075082823610475, 0.735794783981926, 0.524071498212651 ],
	"78" : [ 0.645602737061462, 3.133282113966684, 1.078204388150471 ],
	"79" : [ 1.926077349280338, 2.640260339946954, 2.899941781865198 ],
	"8" : [ 1.974061807344724, 3.560928171618819, 3.198761996251738 ],
	"80" : [ 1.336511465346102, 1.070920508176594, 0.613755316089028 ],
	"81" : [ 1.199439638395241, 0.448641991102641, 0.412613538180238 ],
	"82" : [ 1.217325697832351, 0.637024155359689, 1.332150450538218 ],
	"83" : [ 1.091137552443629, 1.261254326718179, 1.60882645384231 ],
	"84" : [ 0.412950587175956, 2.888142588854808, 2.145009574707119 ],
	"85" : [ 0.640768832691065, 2.643069822206073, 2.335691504540581 ],
	"86" : [ 1.333812463307624, 1.182965933914503, 2.292603245968427 ],
	"87" : [ 1.601003564739155, 0.515424409923262, 2.040196949993547 ],
	"88" : [ 3.718533990469399, 3.512312390812714, 0.972366994582171 ],
	"89" : [ 3.629491466196158, 3.730619741162053, 1.053410778100391 ],
	"9" : [ 1.258445972856295, 0.126205142361893, 0.956227521285103 ],
	"90" : [ 3.847282555187963, 3.240913164491702, 1.181016251009929 ],
	"91" : [ 3.592585488773399, 2.424240027134927, 2.531612659915601 ]
}
