{
	"0" : [ 0.089350148178867, 1.4901889731356, 1.550432058883853 ],
	"1" : [ 0.017573388102176, 1.423165950634136, 1.357101492184548 ],
	"10" : [ 1.827115472814882, 0.48976577981726, 1.854373858405904 ],
	"11" : [ 1.784000206697059, 0.223308823508105, 2.0 ],
	"12" : [ 0.297804413058197, 1.705167446126906, 1.707589999200279 ],
	"13" : [ 1.741565466039739, 0.411689122674885, 0.671455287376201 ],
	"14" : [ 1.924481274100214, 0.651888233286304, 0.892687068636511 ],
	"15" : [ 1.920499171428443, 0.566997020540017, 0.499648518837875 ],
	"16" : [ 1.994343755097624, 0.208691634922699, 0.968165701605563 ],
	"17" : [ 1.624735795848746, 0.135352783255583, 0.898094877569785 ],
	"18" : [ 0.490269134340161, 1.297333654749291, 0.790986767540357 ],
	"19" : [ 1.931341466826408, 0.230371512030409, 0.568392468761105 ],
	"2" : [ 0.023935571474452, 1.500826120556906, 1.188236589434057 ],
	"20" : [ 0.37217886804671, 2.0, 1.202315090963676 ],
	"21" : [ 1.708576931307406, 0.181860355079294, 1.648507046938949 ],
	"22" : [ 0.317519909802584, 1.698176114884053, 1.097278269252046 ],
	"23" : [ 1.521738393266422, 0.275525879683991, 0.889151317750184 ],
	"24" : [ 0.43210288820677, 1.53004358796251, 0.971429981559876 ],
	"25" : [ 0.333682431685519, 1.964044441191958, 0.805622666507078 ],
	"26" : [ 1.933066212938978, 0.551203838454851, 1.360699847133503 ],
	"27" : [ 1.878010214056793, 0.380292215849502, 1.554978923654805 ],
	"28" : [ 0.444904269272413, 1.628430346892908, 1.43390455870939 ],
	"29" : [ 0.025034584005246, 1.211007188122859, 0.500455952574953 ],
	"3" : [ 1.603924710802516, 0.008771190968486, 1.629145897841133 ],
	"30" : [ 0.086127992360566, 1.164811945667739, 1.207810052293592 ],
	"31" : [ 0.218372218636958, 1.027022213698216, 0.968295551494703 ],
	"32" : [ 0.379284749024487, 1.129105735040057, 0.254290598371357 ],
	"33" : [ 0.095402309338798, 1.036509805103965, 0.159352513942124 ],
	"34" : [ 1.714001295690182, 0.0, 1.401810676577755 ],
	"35" : [ 1.717750031874041, 0.145075372494847, 1.05228537013573 ],
	"36" : [ 0.618102003997701, 1.204199689838399, 0.666684593612776 ],
	"37" : [ 0.491256103627573, 1.154329698353557, 0.248511806308012 ],
	"38" : [ 0.430987846305573, 1.237252567662082, 0.138756474120104 ],
	"39" : [ 0.151623440170268, 1.292463744786103, 0.376253352972696 ],
	"4" : [ 0.270109667174534, 1.932439801036938, 1.044266150167309 ],
	"40" : [ 0.0, 1.128272180021489, 0.09563777893549 ],
	"41" : [ 0.083855705842196, 1.274603686546745, 0.0 ],
	"42" : [ 0.371498866936856, 1.834441001054159, 1.486603105910754 ],
	"43" : [ 1.702372638804328, 0.389506481893294, 1.215630045797299 ],
	"44" : [ 0.335318661095233, 1.255498573316382, 1.013265643257337 ],
	"45" : [ 1.756545659098665, 0.4794247438202, 1.491151107178893 ],
	"46" : [ 1.984087367379722, 0.173226731885915, 0.359471959203661 ],
	"47" : [ 0.422064547315974, 1.771181512873766, 1.056745410673434 ],
	"5" : [ 0.062918729574638, 0.979448130972941, 0.996332050772227 ],
	"6" : [ 1.547685912171614, 0.08555573978799, 1.132267411121246 ],
	"7" : [ 0.102750030775519, 0.92783318444882, 0.601764638682886 ],
	"8" : [ 1.679716414158502, 0.526329868285364, 0.895035015461292 ],
	"9" : [ 2.0, 0.450629046187226, 0.928407241797475 ]
}
