{
	"0" : [ 0.308220635128186, 1.106079479490591, 0.081284876560507 ],
	"1" : [ 0.472413482869444, 0.530704941113868, 0.04324046734094 ],
	"10" : [ 1.729829825833221, 1.454454578594785, 0.862767106841671 ],
	"11" : [ 1.747323479330841, 1.327633816724509, 0.529161461149632 ],
	"12" : [ 0.367631081147026, 0.62561978840694, 0.0 ],
	"13" : [ 0.167432837249984, 1.689761204879829, 0.047469747816602 ],
	"14" : [ 0.3729547625184, 0.449720179565589, 0.166435458651962 ],
	"15" : [ 0.214483176968414, 0.332864518690016, 0.280815970124114 ],
	"16" : [ 0.190465333508034, 1.552189811650264, 0.814091924151673 ],
	"17" : [ 0.077615665177123, 1.851694287688382, 0.548561158714536 ],
	"18" : [ 0.323574263039519, 0.067618435642551, 0.710414247837885 ],
	"19" : [ 0.131767446385497, 1.872018005397824, 0.261101870852936 ],
	"2" : [ 0.234292481700114, 1.794455881810773, 0.03853245373117 ],
	"20" : [ 0.373354495569506, 0.168757530263533, 0.711593549019415 ],
	"21" : [ 0.011924024027893, 2.0, 0.327591432853057 ],
	"22" : [ 0.162597406051762, 1.092162503232431, 2.0 ],
	"23" : [ 0.084673510073499, 1.068352271022358, 1.809955615025831 ],
	"24" : [ 0.184843770758594, 0.935061102613279, 1.419896617500181 ],
	"25" : [ 0.220666238102981, 0.463077441202361, 1.302427500642898 ],
	"26" : [ 0.097125051904175, 1.207254122977329, 1.999310560824222 ],
	"27" : [ 1.884818675648939, 1.3835965809288, 0.532213427516717 ],
	"28" : [ 1.824878106323443, 1.431497568034141, 1.333287161651427 ],
	"29" : [ 1.924267560139771, 1.484062484761203, 1.191067842919405 ],
	"3" : [ 0.325963863164957, 1.579194373195867, 0.922348791054792 ],
	"30" : [ 1.971006178059707, 1.326764652912149, 0.85951561845256 ],
	"31" : [ 1.701619625638798, 1.331162426187206, 1.532955238530382 ],
	"32" : [ 1.797390247258701, 1.385092638442524, 1.573965012735898 ],
	"33" : [ 1.734516943172486, 1.469491252166528, 1.526605269911175 ],
	"34" : [ 1.933077983967948, 1.299420328523105, 1.132024821267503 ],
	"35" : [ 2.0, 1.562847444932006, 0.989886073607887 ],
	"36" : [ 1.8944151213787, 1.591018902753041, 1.161530139687674 ],
	"37" : [ 1.97431795261164, 1.423923047420238, 0.651784661156698 ],
	"38" : [ 1.776370822873305, 1.481217050389033, 1.036126696608007 ],
	"39" : [ 0.269503441595028, 1.634605223269071, 0.017128656433401 ],
	"4" : [ 0.177652845728652, 1.393555199155565, 1.140110342730484 ],
	"40" : [ 0.469032398678681, 0.706316393094522, 0.1751131794067 ],
	"41" : [ 0.009354775940899, 1.907154725314967, 0.12830076037048 ],
	"42" : [ 0.222737661302795, 1.509293889091288, 0.51805694879107 ],
	"43" : [ 0.168685796929844, 1.688466039476167, 0.507928964570341 ],
	"44" : [ 0.326735782084543, 0.141162324349754, 0.903091068712047 ],
	"45" : [ 0.0, 1.839887657456881, 0.289067202130741 ],
	"46" : [ 0.106901435681896, 1.607555069124613, 0.464533761750376 ],
	"47" : [ 0.204941451358619, 0.669149810022364, 1.395550780948899 ],
	"48" : [ 0.124984989130162, 1.299051307417476, 1.885314831674497 ],
	"49" : [ 0.221888919240265, 1.473079196213288, 1.021661299133571 ],
	"5" : [ 0.088898248537126, 1.740197779420259, 0.872108876167212 ],
	"50" : [ 0.373597232259653, 1.564679667234662, 0.727563833287937 ],
	"51" : [ 0.223970619060609, 1.410001590356988, 0.168452945235623 ],
	"52" : [ 0.34556695013963, 1.664056205818533, 0.80513123405315 ],
	"53" : [ 0.188445512542512, 1.195898331475751, 1.468575103731889 ],
	"54" : [ 0.153740127695625, 1.303509768904286, 1.672064768901635 ],
	"55" : [ 0.173289403688274, 1.082537589733859, 1.587107371917665 ],
	"56" : [ 0.217665858690864, 1.134411465468962, 1.806528437089769 ],
	"57" : [ 0.166795585516012, 0.748461821131711, 1.734514210655677 ],
	"58" : [ 0.204118645532354, 0.915607936596218, 1.815507009779469 ],
	"59" : [ 0.215915940964408, 0.498013353447467, 1.515661330275661 ],
	"6" : [ 0.299645321654066, 0.946964246928146, 0.013499479632612 ],
	"60" : [ 0.234399200907338, 0.314814537713646, 1.15531962862168 ],
	"61" : [ 0.156020322144921, 0.111353328225457, 0.53273128313671 ],
	"62" : [ 0.173741966795414, 0.0, 0.345143010546825 ],
	"63" : [ 0.31583672849868, 0.042910346592743, 0.260754716586613 ],
	"64" : [ 0.372250334032034, 0.193197226927495, 0.220455852381798 ],
	"65" : [ 1.871387481177558, 1.392731069630895, 0.734012629701245 ],
	"66" : [ 1.678865910639852, 1.401544325230689, 0.801442228532421 ],
	"67" : [ 0.145247606778695, 0.159934171227216, 0.346313033716993 ],
	"68" : [ 0.282409621675476, 0.185294012435308, 0.40199981664668 ],
	"7" : [ 0.395244344234566, 0.940690105538068, 0.123275979129819 ],
	"8" : [ 0.58917968832642, 0.681589975655429, 0.108545782212309 ],
	"9" : [ 1.853477318884335, 1.334556294360818, 0.437402866262304 ]
}
