{
	"0" : [ 0.958305472410873, 1.649100888513633 ],
	"1" : [ 3.396318601580819, 0.491023280795778 ],
	"10" : [ 2.514129443639995, 1.65754514870116 ],
	"11" : [ 1.66058385993762, 1.78995576393094 ],
	"12" : [ 2.115394503407321, 1.448935523198257 ],
	"13" : [ 3.006413793373055, 0.912794448382093 ],
	"14" : [ 1.026048116676312, 1.129053000096608 ],
	"15" : [ 2.009579033234145, 1.295288908977744 ],
	"16" : [ 2.592992459086195, 1.395491335518647 ],
	"17" : [ 2.861691926863841, 1.366140950020766 ],
	"18" : [ 3.187094192410419, 1.700962516504619 ],
	"19" : [ 3.383737084675273, 2.384887091122055 ],
	"2" : [ 3.677500757692272, 0.421929961790322 ],
	"20" : [ 3.292039829278013, 2.006068430502221 ],
	"21" : [ 3.20209920978887, 3.653675527127998 ],
	"22" : [ 3.008064932693614, 3.356473656158184 ],
	"23" : [ 3.226808501112713, 3.514831310286471 ],
	"24" : [ 3.044513826723674, 2.905537790880256 ],
	"25" : [ 2.895202339841499, 3.598803975000029 ],
	"26" : [ 3.041935971014586, 3.785365754765125 ],
	"27" : [ 2.813367357426381, 2.711946711772485 ],
	"28" : [ 2.999585978055536, 4.0 ],
	"29" : [ 2.824339945039507, 3.330971467608325 ],
	"3" : [ 3.489377490950332, 0.260374501427679 ],
	"30" : [ 2.641119268891392, 2.52669008611462 ],
	"31" : [ 2.298726409826029, 1.802435008416035 ],
	"32" : [ 0.670739285127679, 0.904129652159416 ],
	"33" : [ 1.665472420063344, 1.196300098824887 ],
	"34" : [ 1.473972254770793, 1.596990699715835 ],
	"35" : [ 1.281046700747631, 1.143337819317024 ],
	"36" : [ 1.84074960775779, 1.435647088337983 ],
	"37" : [ 0.273060223216418, 0.964713311943041 ],
	"38" : [ 3.244546545212405, 0.643232612964016 ],
	"39" : [ 1.594559619324008, 1.442710756372806 ],
	"4" : [ 3.286674149456165, 1.281395820623204 ],
	"40" : [ 0.526517185728975, 0.782274432577686 ],
	"41" : [ 1.93797184541808, 1.754863468215915 ],
	"42" : [ 0.542272175045974, 1.844532868620626 ],
	"43" : [ 0.613923764216818, 1.974355333986601 ],
	"44" : [ 0.73664475213343, 1.61073862482773 ],
	"45" : [ 0.721817619869664, 1.179050235764817 ],
	"46" : [ 0.423226504495085, 1.587376328835742 ],
	"47" : [ 0.12846377561483, 1.680878993777149 ],
	"48" : [ 0.457213816747991, 1.173697341019871 ],
	"49" : [ 0.0, 1.557096312274149 ],
	"5" : [ 3.210166866781731, 0.996619661533512 ],
	"50" : [ 0.597139272577197, 1.386990313242804 ],
	"51" : [ 0.149942803222295, 1.286099102976116 ],
	"52" : [ 0.04146514479124, 1.215484296661775 ],
	"53" : [ 3.512155262629153, 0.732706834488862 ],
	"54" : [ 3.451523574010865, 0.637950518554205 ],
	"55" : [ 3.818392689734773, 0.044742692659377 ],
	"56" : [ 4.0, 0.336458703232543 ],
	"57" : [ 3.846312499920822, 0.173782384754475 ],
	"58" : [ 3.933502657849845, 0.0 ],
	"6" : [ 3.073565941596042, 1.49719610133995 ],
	"7" : [ 2.960328857209778, 1.830544855295208 ],
	"8" : [ 2.814745671518174, 2.165220324426237 ],
	"9" : [ 3.029060264515887, 2.402423491938964 ]
}
