{
	"0" : [ 1.675683716829178, 0.593257923944804, 1.888420320632218 ],
	"1" : [ 1.85658588865512, 0.639431128819297, 2.0 ],
	"10" : [ 1.817414218829842, 0.062217206739905, 1.505104816646716 ],
	"11" : [ 1.710383697238113, 0.858538313740947, 1.692694876778727 ],
	"12" : [ 1.453069738464647, 0.732628451932155, 1.664258959593852 ],
	"13" : [ 1.151494810542973, 0.602194080065751, 1.451452349199545 ],
	"14" : [ 1.910563661257581, 0.74783768662933, 1.566887398058995 ],
	"15" : [ 0.582997614901192, 0.868496598284135, 0.968625646123141 ],
	"16" : [ 0.206435274598683, 1.504421623797279, 0.332904676118761 ],
	"17" : [ 0.144190351929052, 1.691381173433946, 0.079765926668695 ],
	"18" : [ 1.710605788545532, 0.368498155207491, 1.107006971102348 ],
	"19" : [ 0.824785595614199, 0.0, 0.884020287410795 ],
	"2" : [ 2.0, 0.323536290924407, 1.642914996723253 ],
	"20" : [ 1.752451553090739, 0.287173312734418, 1.594675623394871 ],
	"21" : [ 0.875439013525562, 0.565295908521186, 1.182343677829326 ],
	"22" : [ 0.260009119760061, 0.784066276943787, 0.47726883334472 ],
	"23" : [ 0.133388275922633, 1.232328761608989, 0.0 ],
	"24" : [ 0.348789621664719, 1.25061555229271, 0.10111214664936 ],
	"25" : [ 1.671082234362532, 0.777601471597566, 1.298315362108953 ],
	"26" : [ 1.858491596448715, 0.363127556489778, 1.267672029792967 ],
	"27" : [ 1.557265264791688, 0.500861799675984, 1.355152079255784 ],
	"28" : [ 1.32050407813573, 0.585145679346918, 1.161077702657838 ],
	"29" : [ 0.725127978183646, 0.140586441856894, 0.563716783301165 ],
	"3" : [ 0.594701147027393, 0.258162193455784, 0.830774752025207 ],
	"30" : [ 0.672299587133695, 0.547694017899306, 0.833936675512445 ],
	"31" : [ 0.92574154971958, 0.385816944234925, 0.700190084325354 ],
	"32" : [ 1.620824346526439, 0.26409295628928, 1.933937348875233 ],
	"33" : [ 1.875460553978804, 0.231013975235588, 1.942236802550557 ],
	"34" : [ 1.999609588165088, 0.570812530047391, 1.805823274315267 ],
	"35" : [ 1.346117243892636, 0.155303948868894, 1.52969650207527 ],
	"36" : [ 1.076926332953375, 0.225046593101951, 1.003025949840354 ],
	"37" : [ 1.571230324792717, 0.055477264695169, 1.604122513240363 ],
	"38" : [ 1.084744449108715, 0.619046062613975, 1.057928098835315 ],
	"39" : [ 1.095156331154523, 0.240556702221711, 1.547592010467087 ],
	"4" : [ 0.407017259199015, 0.794724420516535, 0.229816031972593 ],
	"40" : [ 1.168203634831334, 0.053069673479014, 1.285104205519669 ],
	"41" : [ 0.894842718570597, 0.155788160850947, 1.314868814682544 ],
	"42" : [ 0.688505954136099, 0.24154498605579, 1.106570481285464 ],
	"43" : [ 0.461748486459864, 0.49636600517861, 0.531893816039804 ],
	"44" : [ 0.172351089599983, 0.968314633774555, 0.171850450233368 ],
	"45" : [ 0.16383872117506, 1.609770102881668, 0.681540237170557 ],
	"46" : [ 0.335203784735821, 1.809047211764797, 0.662502059641534 ],
	"47" : [ 0.422480521683082, 1.563933174610259, 0.520486757719766 ],
	"48" : [ 0.455993682459624, 0.954630127996351, 0.673199383536841 ],
	"49" : [ 0.714023914765498, 0.582169241416819, 0.449326776584403 ],
	"5" : [ 0.0, 1.504220022928994, 0.326336421778518 ],
	"50" : [ 0.620449774608139, 1.005308344437361, 0.481832308446814 ],
	"51" : [ 0.779080870535999, 0.846713863317982, 0.807594984553702 ],
	"6" : [ 0.090987297221354, 1.906696664808316, 0.434805945366993 ],
	"7" : [ 0.376553826145697, 1.799049191881083, 0.121162726946509 ],
	"8" : [ 0.29689788019004, 2.0, 0.344095576252182 ],
	"9" : [ 0.115909133696765, 1.143031954161933, 0.461453559355155 ]
}
