{
	"0" : [ 1.545377389319505, 0.310311993773654, 0.20916061568879 ],
	"1" : [ 1.670912831729043, 0.762970577007307, 0.385636192488346 ],
	"10" : [ 1.042064964175399, 0.313913438418322, 1.161456688176411 ],
	"11" : [ 1.401758791067558, 0.199918938552895, 1.809643988666115 ],
	"12" : [ 1.805484909883019, 0.648295017161908, 0.390915352093167 ],
	"13" : [ 1.705132894238323, 0.595082187061902, 0.583628237418239 ],
	"14" : [ 1.120046412202705, 0.421262002659266, 1.442495157947998 ],
	"15" : [ 1.175387368309573, 0.114105177326811, 1.75072146581518 ],
	"16" : [ 1.267545446821223, 0.203446014221228, 1.809418512737332 ],
	"17" : [ 1.659536517608953, 0.186588528468926, 0.99767560736514 ],
	"18" : [ 0.987874340265798, 0.437943033316311, 1.415950338751025 ],
	"19" : [ 1.760363746535366, 0.414813396660662, 1.144799675382621 ],
	"2" : [ 1.532258233047789, 0.735374212254559, 0.228355132350967 ],
	"20" : [ 1.894262115820048, 0.040819110980925, 0.877300070517221 ],
	"21" : [ 1.858887437084776, 0.186401658272747, 1.302405204165276 ],
	"22" : [ 0.981270107860231, 0.746176212042071, 0.675705754666358 ],
	"23" : [ 0.196970087308956, 1.494803008770175, 0.197556562995217 ],
	"24" : [ 0.094247534442288, 1.448411834243969, 0.870019462982514 ],
	"25" : [ 0.1217026061426, 1.666562413189381, 0.385170373658644 ],
	"26" : [ 0.199167556252575, 1.842494371507234, 0.665431308959383 ],
	"27" : [ 0.120126281628176, 1.980812969160219, 0.981689885208223 ],
	"28" : [ 0.0, 1.942895739512511, 0.577570199221141 ],
	"29" : [ 0.012599823964448, 1.521361817938031, 0.524437211396218 ],
	"3" : [ 1.78942993067903, 0.378103189333979, 0.030111348408257 ],
	"30" : [ 0.061915782303355, 1.770828181136373, 0.964597652797274 ],
	"31" : [ 0.512787481338049, 1.169626865664993, 1.399639776808304 ],
	"32" : [ 0.992997757566418, 0.279487758086448, 1.793698350768888 ],
	"33" : [ 0.022550956054563, 1.721549391130044, 0.06657946958422 ],
	"34" : [ 0.272829914098336, 1.224309623924009, 1.208078017295478 ],
	"35" : [ 0.382769460259185, 1.065490251900805, 1.422733715846525 ],
	"36" : [ 0.123107991659533, 1.339358698245532, 0.584865441142744 ],
	"37" : [ 2.0, 0.214196788712435, 0.827938387135009 ],
	"38" : [ 1.636868862331083, 0.216932408466315, 1.51932851869284 ],
	"39" : [ 0.080782565691603, 1.846993583744291, 0.33445797474849 ],
	"4" : [ 1.183344995577977, 0.732708535684027, 0.313356192278379 ],
	"40" : [ 0.419313218805327, 1.418808481188733, 1.152877136920218 ],
	"41" : [ 0.430104719862401, 1.146091300694838, 1.03105726568033 ],
	"42" : [ 0.280194484413803, 1.866678993625875, 1.026484871676208 ],
	"43" : [ 1.934952145746176, 0.06131001488578, 0.506596412982042 ],
	"44" : [ 0.384282745993651, 1.467753948035496, 1.803058809361099 ],
	"45" : [ 1.784168182565282, 0.0, 0.737356989918066 ],
	"46" : [ 1.155388968003032, 0.301578618102531, 1.724566068431607 ],
	"47" : [ 0.501860425976198, 1.014202925895842, 1.144527330464686 ],
	"48" : [ 0.228480908937047, 2.0, 1.249084251259294 ],
	"49" : [ 0.249652030352877, 1.820051141606984, 1.497190311018131 ],
	"5" : [ 1.683064412578794, 0.571865591060137, 0.025608301489293 ],
	"50" : [ 0.332322897047248, 1.755790020017594, 1.699816461958403 ],
	"51" : [ 1.885150109729539, 0.326954327273117, 0.88733721726562 ],
	"52" : [ 0.37767271189346, 1.580110444787984, 2.0 ],
	"53" : [ 0.298658234915137, 1.392892309094725, 1.898619148695796 ],
	"54" : [ 1.757347815665819, 0.048363664178157, 1.179333595050238 ],
	"55" : [ 1.037716113478048, 0.784942782008188, 0.316417280844993 ],
	"56" : [ 1.774470710335674, 0.238125092834955, 0.456188126685621 ],
	"57" : [ 1.465870922347056, 0.232443941721228, 1.398252003649444 ],
	"6" : [ 1.663869145151701, 0.26375267870465, 0.0 ],
	"7" : [ 1.261517058940383, 0.462410672211623, 0.340203174345899 ],
	"8" : [ 0.934674572773854, 0.911150651708672, 0.301551868986975 ],
	"9" : [ 1.461328546594286, 0.405671252778503, 0.191522256940041 ]
}
