{
	"0" : [ 0.059782878781206, 1.206288700642726, 0.887102450582542 ],
	"1" : [ 0.453337541283292, 1.608662419205058, 1.71049584655703 ],
	"10" : [ 0.205325386377309, 1.864567487044893, 0.0 ],
	"11" : [ 0.732681068199478, 1.859798389139442, 1.726404929999561 ],
	"12" : [ 0.61424550152944, 1.771591609034431, 1.747510492340614 ],
	"13" : [ 1.949541314848934, 1.23050912589888, 1.08582259686345 ],
	"14" : [ 0.538643693707192, 1.201768069922817, 2.0 ],
	"15" : [ 0.405939372509144, 0.959134040602969, 1.108112936458816 ],
	"16" : [ 1.405917137871611, 0.077824193296247, 0.74944090487888 ],
	"17" : [ 0.307100599242683, 1.309771089112014, 0.701291072513306 ],
	"18" : [ 0.3693933618132, 0.82610567016677, 0.989342900657421 ],
	"19" : [ 1.854750230381789, 1.020216633317692, 0.992640660794957 ],
	"2" : [ 0.660569403059807, 1.887149918304853, 1.877554954215432 ],
	"20" : [ 0.548442256654013, 1.887612300570805, 1.119166692552038 ],
	"21" : [ 0.106630752524118, 1.765417248941945, 0.166935805544313 ],
	"22" : [ 0.604436799842005, 1.895823283610397, 1.509282268725081 ],
	"23" : [ 0.517553222339635, 1.80936468765617, 0.24952850136583 ],
	"24" : [ 0.28828746798633, 0.930301631204195, 1.24825034904867 ],
	"25" : [ 1.200814936795799, 0.0, 0.837551984467283 ],
	"26" : [ 1.26690738967482, 0.01006577715741, 0.817215382327201 ],
	"27" : [ 1.181715828583375, 0.038103551516177, 0.899877245745904 ],
	"28" : [ 0.227727721045726, 0.905027637490965, 0.763738476442404 ],
	"29" : [ 0.539897697582215, 1.716043657806484, 1.500593476956433 ],
	"3" : [ 0.542751766984855, 1.608314332144613, 1.892560774542279 ],
	"30" : [ 0.035749655439087, 1.691894000084315, 0.40587540348099 ],
	"31" : [ 0.038062457746768, 1.146626357039136, 0.727361508096355 ],
	"32" : [ 0.546588140552659, 0.67399685812564, 1.08026540395443 ],
	"33" : [ 1.553470966956436, 1.341444129241189, 0.57881727403641 ],
	"34" : [ 0.336647408031957, 1.975686171144409, 0.214872895429802 ],
	"35" : [ 0.226586630739166, 1.877125575092883, 0.340527201288616 ],
	"36" : [ 0.0, 1.378160630183193, 0.541605258054837 ],
	"37" : [ 1.878947482335047, 1.243546213486866, 0.810841020540903 ],
	"38" : [ 0.477932761538611, 0.940336612174724, 1.395656594874207 ],
	"39" : [ 1.647240210250127, 1.380356585147213, 0.682897561653656 ],
	"4" : [ 0.245002088457979, 1.947931779856865, 0.665929652882924 ],
	"40" : [ 1.715360255916862, 1.311774121744797, 0.651526433361387 ],
	"41" : [ 0.545645190301595, 1.175219345666521, 1.831019274189966 ],
	"42" : [ 0.136807761216508, 1.043237684277428, 0.874337343321244 ],
	"43" : [ 2.0, 1.126217610657721, 0.963545901952519 ],
	"44" : [ 1.678938127141909, 1.18315951914248, 0.761347997240415 ],
	"45" : [ 0.386597320290971, 1.907964304280009, 0.659909314193571 ],
	"46" : [ 1.415969332396904, 1.433011573709899, 0.645782175398603 ],
	"47" : [ 1.934555441493794, 1.290715865331726, 0.861666181380996 ],
	"48" : [ 1.282962145161645, 1.407417115789695, 0.766178861822757 ],
	"49" : [ 1.759969481142023, 1.04352435590011, 0.767375789252209 ],
	"5" : [ 0.145169436821352, 1.928279645499851, 0.412409801393702 ],
	"50" : [ 1.663541203212442, 0.515547371341849, 0.67186800215981 ],
	"51" : [ 1.741038674556471, 0.70915284629922, 0.690269147230949 ],
	"52" : [ 1.591383697740209, 0.311678581084922, 0.812794339908121 ],
	"53" : [ 0.566645481063259, 1.180406741343301, 1.333574032642599 ],
	"54" : [ 1.868646767478592, 1.056522612796948, 0.725974337343257 ],
	"55" : [ 1.535124037676792, 0.476765151197729, 0.714157700667792 ],
	"56" : [ 1.503725492411316, 0.16785043579167, 0.664792104384013 ],
	"57" : [ 0.246447449694948, 1.672730997379018, 0.104121068298551 ],
	"58" : [ 1.544356668607145, 0.242502073664097, 0.520939307750146 ],
	"59" : [ 0.561982339062057, 1.365725104352719, 1.983730761858751 ],
	"6" : [ 0.216375475538123, 0.883408837075018, 1.150711119958441 ],
	"60" : [ 1.633705781460173, 0.300619383798953, 0.642175059488942 ],
	"7" : [ 0.462076094054765, 1.105057585642798, 1.846350618553736 ],
	"8" : [ 0.239906442114502, 2.0, 0.089426174830579 ],
	"9" : [ 0.192975973258736, 0.841757550158837, 0.964508777941436 ]
}
