{
	"0" : [ 0.321533905108846, 1.889521065989629 ],
	"1" : [ 0.431146160788723, 1.844985813172385 ],
	"10" : [ 2.802611951010938, 2.308575270371216 ],
	"11" : [ 2.552978226896814, 1.923565662744664 ],
	"12" : [ 3.669023484381785, 2.807925449678049 ],
	"13" : [ 3.276950234710683, 1.184122337472436 ],
	"14" : [ 3.41836329559412, 2.37843156716528 ],
	"15" : [ 3.530143065756489, 3.056428752347837 ],
	"16" : [ 3.609882457756658, 0.845546622624564 ],
	"17" : [ 3.739012141570973, 1.130927079698555 ],
	"18" : [ 2.91234204606521, 2.764722938021134 ],
	"19" : [ 3.253702691740533, 2.123663336081044 ],
	"2" : [ 0.411547160565451, 1.389371933187689 ],
	"20" : [ 3.176578518493528, 3.160551238393382 ],
	"21" : [ 3.193949944098962, 2.881456187729694 ],
	"22" : [ 3.549503475086638, 2.031883052891795 ],
	"23" : [ 3.419800166287972, 0.625132848632684 ],
	"24" : [ 0.0, 1.462658901802975 ],
	"25" : [ 0.232605525351297, 1.582202573923053 ],
	"26" : [ 2.312179622736814, 1.953019696597922 ],
	"27" : [ 2.408933753563312, 2.063797572788031 ],
	"28" : [ 2.291705543948354, 1.743128135552409 ],
	"29" : [ 3.829362424764009, 1.561313882365284 ],
	"3" : [ 0.631915938972148, 1.143370717406812 ],
	"30" : [ 2.138437136379469, 1.117418382607259 ],
	"31" : [ 0.131200963469986, 1.747323949632637 ],
	"32" : [ 0.228494566372921, 0.934732848381327 ],
	"33" : [ 0.427754159387918, 0.701994627309581 ],
	"34" : [ 0.056525595982822, 1.233882217283666 ],
	"35" : [ 0.204270617657855, 0.778402515230638 ],
	"36" : [ 0.31463158593024, 0.623559762413621 ],
	"37" : [ 0.511759858629002, 0.903121790313837 ],
	"38" : [ 0.759923614242333, 1.154661047012572 ],
	"39" : [ 0.899913664918645, 1.391272636156356 ],
	"4" : [ 0.724833009530266, 1.612197218759229 ],
	"40" : [ 3.166492883787242, 0.442103739923541 ],
	"41" : [ 2.741482227190052, 1.064716429961018 ],
	"42" : [ 2.348970120672302, 1.397299555455319 ],
	"43" : [ 2.811055604563052, 1.413065543529606 ],
	"44" : [ 2.784738142660702, 1.190561619633442 ],
	"45" : [ 2.242428742699957, 1.338672451278796 ],
	"46" : [ 2.653629929539335, 1.601783722584116 ],
	"47" : [ 2.500913564801169, 1.198813401712891 ],
	"48" : [ 3.464553025457892, 1.483923340295852 ],
	"49" : [ 3.457061005116453, 2.188248861175907 ],
	"5" : [ 0.67996160802503, 1.468598135298841 ],
	"50" : [ 2.906252754670489, 1.607167351161124 ],
	"51" : [ 3.210062666656919, 1.809621318034147 ],
	"52" : [ 3.701307089037653, 1.340465042371849 ],
	"53" : [ 3.331325910960114, 1.715280971536286 ],
	"54" : [ 2.909672125652559, 0.930270806271399 ],
	"55" : [ 3.324492570993155, 0.272912780307839 ],
	"56" : [ 2.955233704638872, 3.527939499437308 ],
	"57" : [ 2.834733605811648, 3.580803817909106 ],
	"58" : [ 3.327956219465723, 3.784102588868719 ],
	"59" : [ 3.111544952097026, 4.0 ],
	"6" : [ 0.597001713134983, 1.752929800771191 ],
	"60" : [ 3.109568825583546, 3.49097601559833 ],
	"61" : [ 3.744977612348477, 3.334389872026964 ],
	"62" : [ 3.238487059961058, 3.928411378734622 ],
	"63" : [ 3.002484989510758, 3.910343329629553 ],
	"64" : [ 2.730593310584395, 2.962764056944439 ],
	"65" : [ 3.825359468086466, 3.199128653272194 ],
	"66" : [ 3.545056682753894, 3.366439268788354 ],
	"67" : [ 3.912448666289826, 2.92938827786919 ],
	"68" : [ 3.791802693617153, 2.572402976875181 ],
	"69" : [ 4.0, 2.634540302245032 ],
	"7" : [ 0.054101181319075, 1.910222907039427 ],
	"70" : [ 3.951553309032227, 2.41110194113603 ],
	"71" : [ 3.251134770011271, 0.093218541498517 ],
	"72" : [ 3.300652633400248, 0.0 ],
	"73" : [ 3.391151739977683, 0.227886797542188 ],
	"8" : [ 3.904083198557591, 1.859065982613432 ],
	"9" : [ 2.831647664193433, 3.221420666367135 ]
}
