{
	"0" : [ 1.198223624773931, 0.366375164585544, 0.85124223385811 ],
	"1" : [ 1.753616499779235, 0.826495101187528, 1.704440586992003 ],
	"10" : [ 0.615709649371122, 1.518728666573039, 0.270849874938426 ],
	"11" : [ 1.345536793105158, 0.831401843290665, 1.233208938048348 ],
	"12" : [ 0.566415861970965, 1.699457344044664, 1.151403652232014 ],
	"13" : [ 1.994766553243606, 1.19314110888121, 1.383442136389644 ],
	"14" : [ 0.764757657163085, 1.63058207290079, 1.084596577460689 ],
	"15" : [ 1.214092177188699, 0.313580554030034, 0.559494508517359 ],
	"16" : [ 0.212314866727815, 0.078994749427806, 0.28620615127642 ],
	"17" : [ 0.58698843980943, 0.283905914802413, 0.403841863723798 ],
	"18" : [ 0.206976712869697, 1.471641301536671, 0.261106641443347 ],
	"19" : [ 1.486913697792729, 0.824937132943168, 1.441994626651959 ],
	"2" : [ 0.389293685552867, 1.451386785397988, 0.563383632265385 ],
	"20" : [ 0.605562146175061, 1.564857790087343, 1.073697926288472 ],
	"21" : [ 0.963584335523472, 1.233898121671499, 0.961555828693344 ],
	"22" : [ 0.492133455405232, 1.619802000804196, 1.015079264331842 ],
	"23" : [ 1.579490205461168, 1.121157224283085, 1.11330714281752 ],
	"24" : [ 1.821504595764773, 1.253319581024738, 1.583584867668826 ],
	"25" : [ 0.911179618015089, 0.547089163160435, 0.906534294740183 ],
	"26" : [ 1.009569538370374, 0.279634481260221, 0.750646331104146 ],
	"27" : [ 1.421818158328448, 1.147883076302288, 1.287099520386362 ],
	"28" : [ 0.027231601520592, 1.916176138292569, 0.081584087552869 ],
	"29" : [ 0.066939921083677, 2.0, 0.150174850883149 ],
	"3" : [ 1.810089197098846, 0.455586041574798, 0.753490835725556 ],
	"30" : [ 0.0, 1.819625793087014, 0.0 ],
	"31" : [ 1.680519976881638, 0.414986457377357, 0.797708034855251 ],
	"32" : [ 0.735819473009935, 1.272452376589522, 0.413998484862073 ],
	"33" : [ 1.370341542661203, 0.544922818327037, 0.984809731069614 ],
	"34" : [ 1.959357273234409, 0.918913809520277, 1.923387696308341 ],
	"35" : [ 1.983658821846325, 0.83744871636153, 1.249825432722538 ],
	"36" : [ 1.837134269794771, 0.463211574976322, 0.943919510690623 ],
	"37" : [ 1.87885649574642, 1.263165988209633, 1.321550958273689 ],
	"38" : [ 1.641966038681294, 0.583148108947017, 1.567710655634647 ],
	"39" : [ 1.234075173390244, 1.378155439355899, 1.265108320633608 ],
	"4" : [ 0.740343426635555, 0.776137879691441, 0.709816922751589 ],
	"40" : [ 1.968186293593703, 0.59514569092299, 2.0 ],
	"41" : [ 0.629158221812855, 1.62567813469724, 0.416472070961303 ],
	"42" : [ 0.23254496001374, 1.724436676627696, 0.299459696612841 ],
	"43" : [ 0.860179498220832, 1.359279059882491, 0.399097159695492 ],
	"44" : [ 1.402933663408375, 0.649985951213125, 0.790591322940443 ],
	"45" : [ 1.489380169297083, 0.614646674804824, 1.62573104293467 ],
	"46" : [ 0.351658351826574, 1.166925122602358, 0.385532663414373 ],
	"47" : [ 0.533201106954005, 1.09602445796894, 0.454910739209281 ],
	"48" : [ 1.00311776438645, 1.275709542337567, 0.586389352069506 ],
	"49" : [ 1.585932791001718, 1.223936508917598, 1.25409803474381 ],
	"5" : [ 0.842931033204394, 0.446299089915051, 0.653230900511568 ],
	"50" : [ 0.227363418557736, 0.292102142889596, 0.26706153161714 ],
	"51" : [ 0.103110417248648, 1.631892091491355, 0.213736517947309 ],
	"52" : [ 1.103957950072332, 1.013621631304684, 0.414796335837751 ],
	"53" : [ 1.942721210027819, 1.152052500946452, 1.718008898291864 ],
	"54" : [ 0.318129851868179, 0.866758278678583, 0.330682522479744 ],
	"55" : [ 2.0, 0.681450821626177, 1.757006165388448 ],
	"56" : [ 0.318087138157707, 0.307607587629173, 0.117416286130198 ],
	"57" : [ 1.183868819609895, 0.620946269367509, 0.301005704948926 ],
	"58" : [ 1.366307679574929, 0.480943214793131, 0.433661743645296 ],
	"6" : [ 1.517607907776528, 0.337568825187651, 0.719070146295812 ],
	"7" : [ 0.302526397859387, 0.0, 0.170443172487705 ],
	"8" : [ 0.422118245631326, 0.101136233000246, 0.313388676930618 ],
	"9" : [ 1.87009004850815, 0.74503089552537, 1.866792823254912 ]
}
