{
	"0" : [ 3.747752367323951, 3.381621163140818 ],
	"1" : [ 4.0, 1.849782361963098 ],
	"2" : [ 1.322250578271992, 0.0 ],
	"3" : [ 0.0, 2.216299171017452 ],
	"4" : [ 0.132206771597346, 0.914537391191398 ],
	"5" : [ 2.51446186276251, 0.990573273096819 ],
	"6" : [ 1.818925484320785, 4.0 ],
	"7" : [ 1.85634029519057, 2.666032428743497 ]
}
