{
	"0" : [ 1.152396615820985, 0.242507673472408, 1.575133552289592 ],
	"1" : [ 1.095432155397511, 0.244802488236055, 1.882434138510239 ],
	"10" : [ 0.956565347836704, 1.892031496597353, 1.254928971386806 ],
	"11" : [ 1.126430302553419, 0.041888018565921, 0.310311703144575 ],
	"12" : [ 1.264927077990558, 0.073621734082777, 0.238238380603027 ],
	"13" : [ 1.248748909506808, 0.0, 0.096073282373947 ],
	"14" : [ 1.274661342900751, 0.207759666217902, 0.204281238853299 ],
	"15" : [ 1.282470204221445, 0.15019250799229, 0.432752817655901 ],
	"16" : [ 1.306580391085013, 0.179044047523651, 0.319738973214476 ],
	"17" : [ 1.294511587882453, 0.04953825025296, 0.075455390492611 ],
	"18" : [ 1.245998297107768, 0.080742984301433, 0.0 ],
	"19" : [ 0.983550809324312, 0.204234099352529, 1.789580794311972 ],
	"2" : [ 1.174067617221219, 0.291741629108446, 1.755885366815979 ],
	"20" : [ 0.928912972209755, 1.879007847296552, 1.160236253189668 ],
	"21" : [ 1.015153072439625, 0.200755611897844, 2.0 ],
	"22" : [ 0.942035867507241, 2.0, 1.166193771915458 ],
	"23" : [ 1.024060500820803, 0.82698454019526, 0.867899134585924 ],
	"24" : [ 0.986737819776991, 0.835974429365848, 1.071039947736148 ],
	"25" : [ 1.00675174929722, 0.889824508978675, 1.184932277084973 ],
	"26" : [ 1.080308554061862, 0.934542403079796, 1.068903225245921 ],
	"27" : [ 1.072948186814715, 0.898874150038195, 0.875630490403551 ],
	"28" : [ 1.040964370430124, 0.898684952959842, 0.987747696858364 ],
	"29" : [ 0.924802838050412, 1.936637381676996, 1.074512292355973 ],
	"3" : [ 0.979942336851316, 1.939330435266072, 1.382536657173957 ],
	"30" : [ 0.176497567768774, 0.838426402412957, 0.6179015852937 ],
	"31" : [ 1.859754194495211, 0.96890136790063, 1.177671811057515 ],
	"32" : [ 1.905186380416783, 0.9927170926485, 1.21355687047746 ],
	"33" : [ 2.0, 0.91591558043336, 1.225489158310845 ],
	"34" : [ 1.823263472267099, 0.933576388534965, 1.300698489666312 ],
	"35" : [ 1.960532815597263, 0.967410816530103, 1.344898728948732 ],
	"36" : [ 1.976346585590993, 0.932813704063002, 0.93505180057352 ],
	"37" : [ 1.920486494511721, 0.893309446233923, 1.124610672329521 ],
	"38" : [ 1.955506228306122, 0.816609445170769, 1.192483167437758 ],
	"39" : [ 1.864909949893151, 0.845282226966947, 1.292494428006841 ],
	"4" : [ 1.230667160400063, 0.223114430802773, 1.025925896427734 ],
	"40" : [ 1.987234358474024, 0.863195380139143, 0.953970244544865 ],
	"41" : [ 0.08360994814619, 0.784434626969216, 0.663608223209072 ],
	"42" : [ 0.133508529646212, 0.70179731116728, 0.870821840778005 ],
	"43" : [ 0.166571870293531, 0.692930607699013, 0.990889193985234 ],
	"44" : [ 0.171588409432661, 0.779357433517285, 0.775981811284139 ],
	"45" : [ 0.117108967098453, 0.65324767060755, 0.999080970894088 ],
	"46" : [ 0.056426169161462, 0.704247249364497, 0.80205187456888 ],
	"47" : [ 0.0, 0.746146378487528, 0.694050913675203 ],
	"48" : [ 0.01008723606687, 0.728954594983201, 0.741536989184614 ],
	"5" : [ 0.918936442309121, 1.935808298010832, 1.307695316392824 ],
	"6" : [ 1.17797772357351, 0.206127440239838, 1.187898292180033 ],
	"7" : [ 1.050784771654318, 0.216912518400465, 1.814413614483212 ],
	"8" : [ 1.162098501668476, 0.022994085254365, 0.097420289802946 ],
	"9" : [ 1.212773841154022, 0.261009556647351, 1.323107888373643 ]
}
