{
	"0" : [ 0.50152425816945, 0.651254401461897, 0.557950964959978 ],
	"1" : [ 0.284739051311975, 0.225802124725631, 1.389216901477396 ],
	"10" : [ 1.158800613984458, 1.903776117659111, 1.334929469137135 ],
	"11" : [ 1.290726069167003, 1.846734325093758, 1.376659399889802 ],
	"12" : [ 1.31170746772222, 1.647788949215594, 1.230472995517401 ],
	"13" : [ 0.385486781754101, 0.151292741352473, 1.811953496983002 ],
	"14" : [ 1.843299039830448, 0.835402892614904, 1.195493221489526 ],
	"15" : [ 1.226058560123691, 0.275476750420096, 0.694248544718282 ],
	"16" : [ 1.828516086249973, 0.764559552012473, 1.74321193055112 ],
	"17" : [ 0.336204194146626, 0.230496104248864, 0.926639564190621 ],
	"18" : [ 1.618139447779905, 0.571592511079987, 0.0 ],
	"19" : [ 0.0, 0.227457452641641, 1.719430767701919 ],
	"2" : [ 1.615208616762898, 0.94702121508888, 0.851274582917916 ],
	"20" : [ 1.533280909057786, 0.436472167178052, 0.089440871705435 ],
	"21" : [ 1.715300743129859, 0.853749148223131, 0.895603555191833 ],
	"22" : [ 1.080952877169726, 1.818994248381663, 1.432122067656232 ],
	"23" : [ 1.251530480242875, 1.90384382962131, 1.424188759849227 ],
	"24" : [ 1.571060682692234, 1.169088081063381, 1.316398845930001 ],
	"25" : [ 1.845145593342351, 0.932598976711218, 1.482737775092404 ],
	"26" : [ 0.407008881667793, 0.091538882160723, 0.818680070983518 ],
	"27" : [ 1.660013241966996, 0.53709952098352, 0.345950684733354 ],
	"28" : [ 1.357140914133124, 0.478407914726686, 0.109624675974664 ],
	"29" : [ 1.600572937316059, 0.532013046401343, 0.02819221698167 ],
	"3" : [ 0.391078929060798, 1.085466681113227, 1.898185387122152 ],
	"30" : [ 0.224216447079601, 0.506378893732692, 0.407406126835923 ],
	"31" : [ 0.068906418740644, 0.184531849057746, 1.336421787072075 ],
	"32" : [ 0.895545430045039, 0.50506960071472, 1.094628841371187 ],
	"33" : [ 0.745895804767317, 0.708754633292168, 0.826936512593274 ],
	"34" : [ 0.119609663868053, 0.187170595410187, 0.820703335293875 ],
	"35" : [ 1.976760003121074, 0.345891963846333, 1.732042944234772 ],
	"36" : [ 2.0, 0.479113449818122, 1.541949289449378 ],
	"37" : [ 1.92858606650516, 0.356027253022115, 1.434998626987324 ],
	"38" : [ 0.345639916541112, 0.947143182836796, 1.42182534488544 ],
	"39" : [ 1.361465672981483, 0.355021143896047, 0.85373689318287 ],
	"4" : [ 0.381365979149289, 0.885015923028133, 1.794736592793926 ],
	"40" : [ 0.351308613813381, 0.55260642970801, 0.542932290529116 ],
	"41" : [ 0.319739138258211, 0.0, 1.577951092847768 ],
	"42" : [ 0.102805099868748, 0.403977426067691, 1.767955937678023 ],
	"43" : [ 0.455736708834397, 1.167945293547423, 1.88990266109309 ],
	"44" : [ 0.012649917169784, 0.313058714322009, 1.537498413046645 ],
	"45" : [ 0.56587391292068, 0.039415387470652, 1.511674399927945 ],
	"46" : [ 0.524130193637473, 0.138584593805642, 1.298123733505306 ],
	"47" : [ 0.005842181576489, 0.11180964936975, 1.31645551117955 ],
	"48" : [ 1.046177624800197, 0.43509187125302, 1.73330115729504 ],
	"49" : [ 1.500205095968498, 0.85820744704069, 1.793607066761618 ],
	"5" : [ 0.823826218559646, 0.309874509396781, 1.459840174928339 ],
	"50" : [ 0.496789093847625, 0.161330235661673, 1.94605745120454 ],
	"51" : [ 1.574886859173375, 0.534526664826341, 0.872659446127183 ],
	"52" : [ 1.923798829488683, 0.747243359161356, 1.549275560168761 ],
	"53" : [ 1.293932703377991, 0.457171854920667, 0.708732327205145 ],
	"54" : [ 0.419229441419452, 0.701453807515976, 0.801888322947848 ],
	"55" : [ 0.501459248853868, 0.021182172968488, 1.12217079262809 ],
	"56" : [ 1.595699862715543, 0.668556983399887, 1.569623425399456 ],
	"57" : [ 1.307942802017319, 0.414689975963403, 1.271341662121142 ],
	"58" : [ 1.236146512355072, 0.472861990634565, 0.347022190393238 ],
	"59" : [ 0.179310875257985, 0.349240798931892, 0.538715918123375 ],
	"6" : [ 1.050890001982321, 0.69811783429548, 1.053814026343869 ],
	"60" : [ 1.429682805526597, 1.522164158673293, 1.276121459130808 ],
	"61" : [ 1.967686534341635, 0.5363905962187, 1.371120026585936 ],
	"62" : [ 1.267351087668251, 1.043128432178795, 0.529176197365002 ],
	"63" : [ 0.117701258463761, 0.060183993179087, 1.487510249058331 ],
	"64" : [ 1.587510447099708, 1.026551986864892, 1.630917338035944 ],
	"65" : [ 0.386371482499683, 0.575478385903971, 2.0 ],
	"66" : [ 1.386266268086511, 1.441147991718622, 1.024736385648952 ],
	"67" : [ 1.249573522437501, 1.347445658624309, 0.822731542386218 ],
	"68" : [ 0.463316749727051, 1.081188337326196, 1.511384558834273 ],
	"7" : [ 1.642101662157779, 0.939508691153774, 1.38222327112616 ],
	"8" : [ 0.276937060098408, 0.712315118634078, 0.691779273298898 ],
	"9" : [ 1.130929402155949, 2.0, 1.561787623089192 ]
}
