{
	"0" : [ 1.814220677384657, 2.848505263624009, 1.980276644422371 ],
	"1" : [ 1.680143214975631, 2.51898856264815, 1.502604133366422 ],
	"10" : [ 1.675863427157343, 3.0, 2.419762718721392 ],
	"11" : [ 1.873486574399874, 2.838442897477969, 2.546071717244163 ],
	"12" : [ 1.446637725094924, 2.318106605519811, 3.0 ],
	"13" : [ 1.660721062946181, 1.607459171332003, 1.447864235785221 ],
	"14" : [ 1.27765327953195, 1.987954385376161, 2.90766230496468 ],
	"15" : [ 1.718959418305274, 1.748509016534565, 2.911415869765241 ],
	"16" : [ 1.272677812066976, 1.327805576974743, 2.48265886475022 ],
	"17" : [ 2.304936546595783, 1.068981907257476, 2.081735416157898 ],
	"18" : [ 1.614358341690663, 0.457425673284637, 1.49655651735262 ],
	"19" : [ 2.240575407999442, 1.174317981833738, 2.906228602339891 ],
	"2" : [ 2.485752535725677, 0.786640944137894, 1.556510001301698 ],
	"20" : [ 2.120230800886414, 0.516945273675857, 1.493081081506962 ],
	"21" : [ 2.203805320510138, 1.954925778649051, 2.875511464248154 ],
	"22" : [ 1.616697354527035, 0.194025764590089, 1.930446353121787 ],
	"23" : [ 2.689687730638612, 1.640954783866265, 2.532354849951422 ],
	"24" : [ 1.841081120194887, 0.700791207068587, 1.432410627364946 ],
	"25" : [ 2.630744550967347, 1.358904590296764, 1.568784115058685 ],
	"26" : [ 1.925353606989331, 0.131334204636266, 2.12551567447275 ],
	"27" : [ 2.652411398851118, 1.111062552440793, 2.353209177060399 ],
	"28" : [ 1.871801343199089, 0.732293560905162, 1.11316720728077 ],
	"29" : [ 2.266206711476032, 0.689134391451271, 2.636476426663622 ],
	"3" : [ 1.56912538946166, 1.95691552074913, 2.101320158718331 ],
	"30" : [ 0.272824021380691, 2.277379495732066, 0.207121926529298 ],
	"31" : [ 2.489765128047842, 0.0, 2.076868290535057 ],
	"32" : [ 2.573857694037621, 1.382761659218799, 2.891907588935378 ],
	"33" : [ 0.297423117179593, 1.775061557102414, 0.043160284404053 ],
	"34" : [ 2.719240647254899, 0.451223248539255, 2.50398428802133 ],
	"35" : [ 0.0, 2.134945486080165, 0.213971672389236 ],
	"36" : [ 0.253775505534692, 1.633168448433298, 0.505773895844986 ],
	"37" : [ 2.824895801680148, 0.370923639977251, 2.18927474294462 ],
	"38" : [ 0.061544637284064, 1.89189609643148, 0.0 ],
	"39" : [ 0.400311073385496, 2.145803801840503, 0.794387084337376 ],
	"4" : [ 1.24139514708035, 1.947828239545768, 2.468880818670381 ],
	"40" : [ 2.74997524196898, 0.163509668647269, 1.786821328193756 ],
	"41" : [ 0.259661912843846, 2.10885480690968, 0.410121751385411 ],
	"42" : [ 3.0, 0.680985843155661, 1.77695319942804 ],
	"43" : [ 0.012048164898152, 1.911195868618889, 0.526299250011665 ],
	"44" : [ 2.951357682570269, 1.17061391829729, 2.05155957289355 ],
	"45" : [ 2.990003548657149, 0.89426603603902, 1.221866621236725 ],
	"46" : [ 2.20923071423099, 1.549295222088809, 0.852916412230386 ],
	"47" : [ 2.831339915308251, 1.121410100955305, 0.967375616049075 ],
	"48" : [ 2.637386685719438, 1.494423580226066, 0.839692760467306 ],
	"49" : [ 2.63656749561815, 1.129457038850995, 0.710631768413353 ],
	"5" : [ 2.228884720035808, 0.680441737540356, 0.986631423473467 ],
	"6" : [ 1.36253552295357, 1.881696849001381, 1.811476943936799 ],
	"7" : [ 1.545848977019517, 2.201964392745742, 1.670822743477295 ],
	"8" : [ 1.363361054463894, 2.564863299035467, 2.540695098722475 ],
	"9" : [ 1.646117547176197, 2.33515867875444, 2.84846548093638 ]
}
