{
	"0" : [ 0.221936230664859, 1.991856052111511, 0.307298878787629 ],
	"1" : [ 0.444544296106804, 1.840929841997163, 0.222128688092632 ],
	"10" : [ 0.82328369063488, 1.609895958237895, 0.493852307419775 ],
	"11" : [ 0.439683503843375, 1.665891599724917, 0.457346688445041 ],
	"12" : [ 0.326355525019117, 1.626775318185713, 0.800197741028725 ],
	"13" : [ 0.678747474040742, 1.642434958934765, 0.696744847629359 ],
	"14" : [ 0.183539363575813, 1.664872808368363, 0.906518033103731 ],
	"15" : [ 1.426012744660097, 1.206701699712893, 1.240278627836999 ],
	"16" : [ 0.324482810245851, 1.510701554464459, 0.880190227911247 ],
	"17" : [ 0.109145365165854, 1.747325649260389, 0.644839023708045 ],
	"18" : [ 1.215694638210354, 0.158504140732298, 1.584498543643542 ],
	"19" : [ 1.020150605223761, 0.109264794795758, 1.563798390870262 ],
	"2" : [ 1.021793218965865, 1.520892553329467, 0.4185749462396 ],
	"20" : [ 1.131093692783293, 0.01119635996494, 1.518202327302363 ],
	"21" : [ 0.332174593643846, 1.952661346591179, 0.069413785594081 ],
	"22" : [ 0.148804326158199, 2.0, 0.503905891973417 ],
	"23" : [ 1.412891134138311, 0.337961344915431, 1.366138188200892 ],
	"24" : [ 1.362425097389609, 1.375819218944637, 1.208973599804749 ],
	"25" : [ 1.568062774174834, 0.307628514684282, 1.323990284023684 ],
	"26" : [ 1.30561563231094, 1.298996998682461, 1.147827522286623 ],
	"27" : [ 1.475183213511968, 0.482123351471906, 1.2172972642527 ],
	"28" : [ 1.544584963192505, 0.595468076252027, 1.227401596154976 ],
	"29" : [ 1.681392041311938, 0.828983274117438, 1.523904290006389 ],
	"3" : [ 0.9304812228085, 1.5947776119371, 0.178226966999425 ],
	"30" : [ 1.54363584101244, 0.366751098366355, 1.432592067518735 ],
	"31" : [ 1.560607926885674, 0.897841787531747, 0.997771341282328 ],
	"32" : [ 1.284341936839652, 1.268471768426924, 0.82307272482207 ],
	"33" : [ 1.153160204821635, 0.089056941174972, 1.045446457132643 ],
	"34" : [ 1.167740078957149, 1.431924631213814, 0.692337581898069 ],
	"35" : [ 1.191949523208719, 1.358701749949315, 0.558968986273878 ],
	"36" : [ 1.184334664598827, 0.154919433945165, 1.100185915111896 ],
	"37" : [ 1.21436024907391, 1.449913585351442, 0.798441830184284 ],
	"38" : [ 0.576705575774665, 1.603335509972798, 0.919547038173866 ],
	"39" : [ 1.701344541333557, 1.425849441573648, 1.697718132632427 ],
	"4" : [ 0.538448627789698, 1.690325239400803, 0.107811672829801 ],
	"40" : [ 1.736998100006102, 1.37591646786784, 1.855557447818453 ],
	"41" : [ 0.025722742655221, 1.836139860774838, 0.876055190475856 ],
	"42" : [ 0.0, 1.867301199005897, 0.672672137311349 ],
	"43" : [ 1.477253251540245, 0.212130646051156, 1.356167687503637 ],
	"44" : [ 0.019237319609261, 1.921794295988103, 0.506633312368459 ],
	"45" : [ 0.299638156415545, 1.976185379955349, 0.220999765017561 ],
	"46" : [ 0.103535021499528, 1.911485975127748, 0.695293886793275 ],
	"47" : [ 0.056094181229609, 1.982891341953491, 0.696950269207057 ],
	"48" : [ 1.351944254846055, 0.144582673501415, 1.400999945904437 ],
	"49" : [ 1.208350089932245, 0.101019379666274, 1.678849371616157 ],
	"5" : [ 0.50674082847168, 1.73773222396857, 0.0 ],
	"50" : [ 1.517566547588965, 0.264121926040274, 1.227238500712914 ],
	"51" : [ 1.085418478700176, 0.0, 1.603744065438438 ],
	"52" : [ 0.390405098191995, 1.641453661052267, 0.383188850734176 ],
	"53" : [ 1.031615517685876, 1.573611562699928, 0.454637493643207 ],
	"54" : [ 0.936769456010668, 1.515912347194824, 0.850185650019946 ],
	"55" : [ 0.082333449233027, 1.914987180339713, 0.375310791216289 ],
	"56" : [ 1.349862396435306, 0.194917953452991, 1.258591712484665 ],
	"57" : [ 1.783642795494288, 0.86468482356613, 0.819171650147252 ],
	"58" : [ 1.699477335142007, 0.946582715573212, 0.722870178698631 ],
	"59" : [ 0.974250011617114, 0.158243138042969, 1.460470110755465 ],
	"6" : [ 0.526004076196135, 1.85406438986613, 0.151664147899001 ],
	"60" : [ 1.638271586687195, 0.819052373893395, 1.281603203781864 ],
	"61" : [ 1.852166081939432, 1.101719062085728, 1.883819039879605 ],
	"62" : [ 1.774875099267722, 1.213443777948891, 2.0 ],
	"63" : [ 1.573427208084902, 1.432478825323178, 1.704608906453147 ],
	"64" : [ 1.432710707984792, 1.564037807454912, 1.600336598909505 ],
	"65" : [ 1.392304069826996, 1.609075689229418, 1.677710228780785 ],
	"66" : [ 1.467123091412281, 1.624917203642186, 1.487383282154906 ],
	"67" : [ 1.45353911586868, 1.449646915036253, 1.423314586744875 ],
	"68" : [ 1.550836495204877, 1.339458472396644, 0.324187090667724 ],
	"69" : [ 1.647921705592552, 1.282459622408937, 0.315424035783295 ],
	"7" : [ 0.348274519558828, 1.840308739000582, 0.218053812151755 ],
	"70" : [ 1.575535013464017, 1.334026709678443, 0.092228718798907 ],
	"71" : [ 1.638981435397486, 1.374103921395594, 0.137531164459 ],
	"72" : [ 0.555348059480093, 1.547673864672124, 0.086497774340659 ],
	"73" : [ 1.444238127955652, 1.325327625574938, 0.753367093642194 ],
	"74" : [ 1.527110517532325, 1.298807910918513, 1.446443973499357 ],
	"75" : [ 1.846957326135157, 1.154721189554386, 0.691321245384758 ],
	"76" : [ 1.797448252688957, 1.102176486111018, 0.577975782731238 ],
	"77" : [ 2.0, 1.198551167157538, 1.27529693847806 ],
	"78" : [ 1.963216709650564, 1.145450049547599, 1.445870920212124 ],
	"79" : [ 1.920602119038032, 1.271011722587678, 1.910699997087912 ],
	"8" : [ 0.570709227481408, 1.795665740750472, 0.364602752552749 ],
	"80" : [ 1.820400221262754, 1.295593248213551, 1.743394055124226 ],
	"81" : [ 1.859916111323259, 1.287897497290376, 1.832054411206696 ],
	"82" : [ 1.95125132949278, 1.236064066115843, 1.962322370016218 ],
	"83" : [ 1.953968894670861, 1.176734149452141, 1.805446685450512 ],
	"84" : [ 1.932881642814345, 1.114457724140151, 1.241528058277308 ],
	"85" : [ 0.57159559409841, 1.522986227343567, 0.367492985314115 ],
	"86" : [ 1.089000456187861, 1.513878854074727, 0.360754505167758 ],
	"87" : [ 1.051365212356179, 0.085729592210724, 1.123495252323116 ],
	"88" : [ 1.34146579520932, 1.50952437777375, 0.540352679895089 ],
	"89" : [ 1.238578360261347, 1.441965541725932, 0.387393451299944 ],
	"9" : [ 0.6681365349179, 1.656418607365921, 0.185792444245244 ],
	"90" : [ 1.064480512568848, 0.142095081808844, 1.233238316531402 ],
	"91" : [ 1.108529127465455, 0.151488374195101, 1.425213852317941 ]
}
