{
	"0" : [ 0.705710590892811, 0.429520777392867 ],
	"1" : [ 0.697900454263228, 0.509592358389712 ],
	"10" : [ 0.955514961297008, 1.952787929829319 ],
	"11" : [ 0.973911124153254, 0.322463277538825 ],
	"12" : [ 0.964731486939077, 0.143032977440074 ],
	"13" : [ 1.04087277049504, 0.212702453443346 ],
	"14" : [ 0.994244512395921, 0.053219937391014 ],
	"15" : [ 0.927778884427892, 0.049403305942683 ],
	"16" : [ 0.970501624695645, 0.0 ],
	"17" : [ 1.059920154121181, 0.13042696723375 ],
	"18" : [ 1.04627391004338, 0.112744407332973 ],
	"19" : [ 0.808824812378654, 0.582583783635688 ],
	"2" : [ 0.651932956621664, 0.42700407541235 ],
	"20" : [ 0.979418540517753, 2.0 ],
	"21" : [ 0.766794363649483, 0.607754544838509 ],
	"22" : [ 0.925471976952173, 1.876005963882791 ],
	"23" : [ 1.314418487725882, 1.115503329310865 ],
	"24" : [ 1.352420804100654, 1.191488912038861 ],
	"25" : [ 1.323496237878466, 1.221992022110395 ],
	"26" : [ 1.279994565844169, 1.205270804229459 ],
	"27" : [ 1.256357793400068, 1.112090414812093 ],
	"28" : [ 1.259292666822877, 1.174231760663313 ],
	"29" : [ 0.931948374406695, 1.972956761299707 ],
	"3" : [ 0.969610458927644, 1.848328777073162 ],
	"30" : [ 0.117368402711108, 1.281248941987261 ],
	"31" : [ 1.862886120042541, 1.262249036393002 ],
	"32" : [ 1.914236471976602, 1.24319596510476 ],
	"33" : [ 2.0, 1.172337966081284 ],
	"34" : [ 1.839786784554432, 1.213742191994891 ],
	"35" : [ 1.971564615842772, 1.236851303798627 ],
	"36" : [ 1.98656122892135, 1.099963624885438 ],
	"37" : [ 1.924589766379198, 1.147052028510505 ],
	"38" : [ 1.933165436555008, 1.062979378922784 ],
	"39" : [ 1.87236308478592, 1.116605080104669 ],
	"4" : [ 0.758806162323021, 0.228397647463209 ],
	"40" : [ 1.971512906104877, 1.040845023319309 ],
	"41" : [ 0.143884276682698, 1.187411639569908 ],
	"42" : [ 0.064311237039211, 1.158184276314425 ],
	"43" : [ 0.0, 1.2067341642508 ],
	"44" : [ 0.061684438969948, 1.242211651580067 ],
	"45" : [ 0.030503192414543, 1.131982992565784 ],
	"46" : [ 0.113602395688197, 1.094084053208871 ],
	"47" : [ 0.183560783549543, 1.096448417675783 ],
	"48" : [ 0.16663357958957, 1.076828599242914 ],
	"5" : [ 1.001552258357506, 1.909683142185123 ],
	"6" : [ 0.757347681440313, 0.321184557415244 ],
	"7" : [ 0.74203273748243, 0.569412670296932 ],
	"8" : [ 1.009955075505108, 0.282139487323946 ],
	"9" : [ 0.716092034068739, 0.3004823211853 ]
}
