{
	"0" : [ 0.513638310625752, 1.531401796718115, 1.78652943401846 ],
	"1" : [ 0.386014368902342, 1.306666187610785, 1.960649100102187 ],
	"10" : [ 1.191293460943415, 0.823916234798738, 0.153884723004369 ],
	"11" : [ 0.676766039672192, 1.233897263761114, 0.792411177640811 ],
	"12" : [ 0.26655625541816, 1.275592131852004, 1.272977230705846 ],
	"13" : [ 0.399184546171862, 0.598044421702053, 1.86021271935635 ],
	"14" : [ 0.579279497055435, 0.374206768308411, 1.498235001090713 ],
	"15" : [ 0.674482465768191, 0.129969089528386, 1.594511894027094 ],
	"16" : [ 0.984759847148817, 0.908290349479128, 0.560584281804136 ],
	"17" : [ 0.853709727696199, 0.273125770713627, 1.560313208680994 ],
	"18" : [ 1.144344164487409, 1.857642635651265, 1.384359102065109 ],
	"19" : [ 0.115852544633731, 0.643294667408667, 1.887705773838717 ],
	"2" : [ 0.546706629683553, 1.069451289910833, 1.768024757732216 ],
	"20" : [ 0.92959958860754, 1.416762029672734, 0.615775601388709 ],
	"21" : [ 0.414864516849176, 1.499646665510054, 1.4492845451978 ],
	"22" : [ 0.581730716441809, 0.647192826151132, 0.488913617770676 ],
	"23" : [ 2.0, 1.329997009401911, 0.762759007386915 ],
	"24" : [ 1.330839618861798, 1.802383188691506, 1.199102587936649 ],
	"25" : [ 1.897120815513492, 1.577916499421175, 0.927118229091314 ],
	"26" : [ 1.029187983068123, 0.633535586108318, 0.0 ],
	"27" : [ 1.025818438311696, 0.995317388475553, 0.093149814375007 ],
	"28" : [ 1.315964126770722, 2.0, 1.245968690327536 ],
	"29" : [ 0.860196207720992, 0.775327507522861, 0.210514584243497 ],
	"3" : [ 0.325814356900502, 1.290766817538245, 1.719256688406793 ],
	"30" : [ 1.405050642899872, 0.531265616913208, 1.076171380272455 ],
	"31" : [ 0.80934866279021, 0.444297105322749, 0.242784190297178 ],
	"32" : [ 0.766955289611415, 0.488562380818546, 0.629382105615136 ],
	"33" : [ 1.240751263775433, 0.116302853265141, 1.304154519994209 ],
	"34" : [ 0.582502864835268, 0.296324579027578, 0.378249562517109 ],
	"35" : [ 0.375863451039712, 0.296944939581774, 0.764968046509217 ],
	"36" : [ 1.904059964839341, 1.092716974696755, 0.727800682391629 ],
	"37" : [ 1.735399603883486, 1.14517715522433, 0.814827646322739 ],
	"38" : [ 1.964546800712078, 1.149462767168245, 0.97040108773068 ],
	"39" : [ 0.433742172219544, 0.121430023803552, 1.211444249498112 ],
	"4" : [ 0.156463602070067, 0.982127447230456, 1.871351209235562 ],
	"40" : [ 1.263473692421346, 1.349601693328938, 0.955917772678842 ],
	"41" : [ 0.776368037618233, 1.3261773685833, 1.108643543387091 ],
	"42" : [ 1.627758049591936, 0.982633892750458, 0.984127862166165 ],
	"43" : [ 0.753060448783228, 1.234886654399491, 0.559982795008631 ],
	"44" : [ 0.288855968134385, 0.194197113280996, 0.978587865556143 ],
	"45" : [ 1.065050252058043, 0.095611489920431, 1.414989380139983 ],
	"46" : [ 0.925120573341451, 0.560344653745094, 0.709517528850986 ],
	"47" : [ 1.053880531726929, 0.152016050248419, 1.155745101291252 ],
	"48" : [ 0.616779110986324, 1.731445689145326, 1.715950586712646 ],
	"5" : [ 0.418171393018102, 0.880662500781223, 2.0 ],
	"6" : [ 0.229496382581044, 0.844078396960186, 1.287668625440491 ],
	"7" : [ 0.487317010672378, 0.0, 0.967984007224659 ],
	"8" : [ 0.0, 0.570559451749135, 1.673184160594661 ],
	"9" : [ 1.466884622192072, 1.793896967379452, 0.983808124784617 ]
}
