{
	"0" : [ 0.25534638944581, 0.99902984422632, 0.304691761967334 ],
	"1" : [ 0.269944432381212, 0.188218607247746, 0.710492264537766 ],
	"10" : [ 0.63164247274126, 0.854947934120548, 0.193882862774208 ],
	"11" : [ 0.582613936003465, 0.646003055568893, 0.354294248234305 ],
	"12" : [ 0.471536587195652, 0.826862787352979, 0.084183305535665 ],
	"13" : [ 0.250843311837143, 0.177451939050978, 0.856259505169234 ],
	"14" : [ 0.320172357606236, 0.908581065806994, 0.295542039464281 ],
	"15" : [ 0.216340758329074, 0.836158541788132, 0.282386882582293 ],
	"16" : [ 0.123166431371811, 0.258761375131166, 0.671760124751839 ],
	"17" : [ 0.069570055664532, 0.104811511908232, 1.0 ],
	"18" : [ 0.184054305874044, 0.945592622634353, 0.229085310166982 ],
	"19" : [ 0.147494661009231, 0.131248489269503, 0.996844223437945 ],
	"2" : [ 0.087263017343854, 0.086016122217341, 0.708915227992705 ],
	"20" : [ 0.15068334918456, 0.861486476776235, 0.197791487514337 ],
	"21" : [ 0.027570074616052, 0.07684198480764, 0.956663602344604 ],
	"22" : [ 0.05108460568933, 0.307802034717878, 0.555645296406158 ],
	"23" : [ 0.0, 0.166031319604453, 0.862160842801275 ],
	"24" : [ 0.591080077994607, 0.722301790923124, 0.180020788743325 ],
	"25" : [ 0.656916951200518, 0.584216168921071, 0.576372915919581 ],
	"26" : [ 0.865682291907573, 0.676912988911651, 0.531229375663477 ],
	"27" : [ 0.877727332179517, 0.449193103337271, 0.601585522514558 ],
	"28" : [ 0.859521120929466, 0.546911475933886, 0.531441503697276 ],
	"29" : [ 0.88959694390143, 0.613970917686142, 0.347385169757135 ],
	"3" : [ 0.254508309069496, 0.354099632643101, 0.65862709085729 ],
	"30" : [ 0.921602655553349, 0.554173658802714, 0.510718201679315 ],
	"31" : [ 0.761119818582155, 0.661649379371828, 0.46567012808719 ],
	"32" : [ 0.460088729713769, 0.352652193917048, 0.628511501616799 ],
	"33" : [ 0.949317743172793, 0.316845340050863, 0.209516563883938 ],
	"34" : [ 0.962609815928966, 0.387201442752212, 0.246623086793291 ],
	"35" : [ 0.804657561982808, 0.378117810469843, 0.497118851772363 ],
	"36" : [ 0.929160866832604, 0.432671063112426, 0.314477867798912 ],
	"37" : [ 0.962067146906003, 0.285815412335015, 0.305320203683148 ],
	"38" : [ 1.0, 0.356501911495399, 0.351450232058294 ],
	"39" : [ 0.891884042470912, 0.34763901321733, 0.456784995118902 ],
	"4" : [ 0.256598464657932, 0.86184225153834, 0.403700253427366 ],
	"40" : [ 0.74772104702641, 0.418186957998326, 0.547008866589467 ],
	"41" : [ 0.843141431475227, 0.548464844650113, 0.380786149584559 ],
	"42" : [ 0.680995159359109, 0.457089316904587, 0.466977593146505 ],
	"43" : [ 0.675528908986144, 0.807731771244602, 0.34788569084655 ],
	"44" : [ 0.78700988133238, 0.73316753912944, 0.420579352485046 ],
	"45" : [ 0.584276356715396, 0.895125044353091, 0.095080222456663 ],
	"46" : [ 0.327438186010101, 0.246589664025643, 0.734274803567956 ],
	"47" : [ 0.276285782912595, 0.652363557027198, 0.496591854813816 ],
	"48" : [ 0.211173846172823, 0.018122396571001, 0.896603617921904 ],
	"49" : [ 0.161791621515655, 0.144724015167494, 0.768079923842405 ],
	"5" : [ 0.352560143220815, 1.0, 0.220448437185309 ],
	"50" : [ 0.121925077382447, 0.0, 0.931234937176275 ],
	"51" : [ 0.153801386943307, 0.010470714777365, 0.82591749131456 ],
	"52" : [ 0.082773635222604, 0.212277072355224, 0.892999568916117 ],
	"53" : [ 0.046268190533442, 0.08348975620551, 0.771612283258806 ],
	"54" : [ 0.051436173006142, 0.287529577416629, 0.744931684900692 ],
	"55" : [ 0.10899058964331, 0.51119853743138, 0.321033941310125 ],
	"56" : [ 0.124815625480984, 0.444582424729445, 0.472785237777012 ],
	"57" : [ 0.171054053125537, 0.58045624857099, 0.176279734285356 ],
	"58" : [ 0.220731402303271, 0.708497578322551, 0.062855146211713 ],
	"59" : [ 0.298613683352417, 0.948120181710595, 0.09572904107686 ],
	"6" : [ 0.327911892472325, 0.396476095874792, 0.603878252221464 ],
	"60" : [ 0.305630701910669, 0.705854289773275, 0.145087152468454 ],
	"61" : [ 0.302095099914536, 0.761719259127231, 0.0 ],
	"62" : [ 0.260450638726317, 0.85744676853188, 0.05724496428772 ],
	"63" : [ 0.545683724254075, 0.697115080146662, 0.173258356258697 ],
	"64" : [ 0.625403799885099, 0.57027952935091, 0.468251214451289 ],
	"65" : [ 0.608086476372333, 0.846881575932175, 0.445652131067125 ],
	"66" : [ 0.572519963010368, 0.89147235113183, 0.318786586482463 ],
	"67" : [ 0.4682699475422, 0.937184163538307, 0.209369109208104 ],
	"68" : [ 0.213288014747397, 0.667870230037414, 0.373653554963666 ],
	"69" : [ 0.135123137746529, 0.666587553204039, 0.211778790641324 ],
	"7" : [ 0.532004828643519, 0.833896708782391, 0.146320411570085 ],
	"70" : [ 0.209647807668997, 0.74731622694903, 0.223305427129571 ],
	"8" : [ 0.545005239186789, 0.515834462488185, 0.467594096243039 ],
	"9" : [ 0.61426029549379, 0.956469463248309, 0.315614015701302 ]
}
