{
	"0" : [ 2.244606470237813, 1.57102577924192, 1.449499140951807 ],
	"1" : [ 2.612520842430653, 1.275177241251249, 1.674111630801396 ],
	"10" : [ 1.693685725905177, 0.207411127224828, 1.303149962832135 ],
	"11" : [ 1.308588736952142, 0.390321716332685, 0.499795790592 ],
	"12" : [ 0.725405661489309, 0.482891112843323, 0.108660348054741 ],
	"13" : [ 0.399770621571559, 2.521791361548472, 1.716594595825266 ],
	"14" : [ 3.0, 1.490313683264223, 2.222880772785548 ],
	"15" : [ 2.772423011921408, 1.905194937333247, 2.508125353151095 ],
	"16" : [ 2.492758301571143, 1.767592440071787, 2.778087254795814 ],
	"17" : [ 2.602077567503845, 1.154598704837696, 2.973491518067088 ],
	"18" : [ 2.361669167985496, 1.274559987848292, 2.352538666008463 ],
	"19" : [ 2.530563611730777, 0.576856441547325, 2.736615999826174 ],
	"2" : [ 1.224031492718068, 1.032962464947628, 0.280941227931914 ],
	"20" : [ 2.077593538233314, 1.14869185564323, 2.867256934827251 ],
	"21" : [ 1.95602637982658, 0.05820211545298, 2.097883016840262 ],
	"22" : [ 1.849336797955442, 0.528634298354465, 2.590633509742767 ],
	"23" : [ 1.183952776957719, 0.014677295252989, 2.227691851049079 ],
	"24" : [ 1.446868064108938, 0.6986082875931, 2.756170272642497 ],
	"25" : [ 0.869417620590673, 0.533192394327502, 2.514346803123425 ],
	"26" : [ 2.177065008717702, 0.784128148831954, 2.314525073512807 ],
	"27" : [ 2.255408243771058, 0.237135495192569, 2.660908522872388 ],
	"28" : [ 0.987261166608149, 0.804940625136731, 1.711155736135226 ],
	"29" : [ 1.625498971527855, 0.392584330974084, 3.0 ],
	"3" : [ 1.597712772552481, 0.739071895679967, 0.914702231061981 ],
	"30" : [ 0.947909800830506, 0.276737344908932, 1.127165030515753 ],
	"31" : [ 1.292660215712421, 0.0, 1.58086331458235 ],
	"32" : [ 1.159957165758966, 0.46741952227431, 2.084424420048165 ],
	"33" : [ 1.551148455678931, 0.1077185085873, 2.453098953415163 ],
	"34" : [ 0.432715021039796, 0.919256707068173, 2.031764473874382 ],
	"35" : [ 0.074012946716691, 0.977149590956915, 1.248560295129886 ],
	"36" : [ 0.101023600935757, 1.182589904247744, 0.65290680820603 ],
	"37" : [ 0.0, 1.478754600938295, 0.915031140302851 ],
	"38" : [ 0.294976439855533, 1.33947970273124, 1.054054720629706 ],
	"39" : [ 1.360451604879053, 2.674476405461299, 1.565760260967671 ],
	"4" : [ 0.486759139937949, 0.758580719888745, 0.251829031452283 ],
	"40" : [ 0.922123462149589, 2.878369057176573, 1.839137318069035 ],
	"41" : [ 0.620220584509751, 2.440052893196047, 1.071504366073586 ],
	"42" : [ 0.891186128630574, 2.293626849614192, 1.532762499368681 ],
	"43" : [ 0.222594551854017, 2.6158293120705, 1.055913868333179 ],
	"44" : [ 0.106648520139026, 2.35446369489922, 1.261238965989975 ],
	"45" : [ 0.768278728011982, 2.7155879113601, 1.533506832648529 ],
	"46" : [ 0.845329919861058, 3.0, 1.366071215711242 ],
	"47" : [ 0.48622742650295, 2.879494486779974, 0.997941048471879 ],
	"48" : [ 0.167407532805899, 2.08523464176977, 0.694715911153588 ],
	"49" : [ 2.715981188358995, 1.984784012398875, 2.12966413063272 ],
	"5" : [ 1.037167168812928, 0.802086152738094, 0.052704120098789 ],
	"50" : [ 2.443291887243504, 2.162293808829696, 2.079805207472996 ],
	"6" : [ 0.38748265269972, 1.496827828724431, 1.761441427915916 ],
	"7" : [ 2.383064397418829, 0.814909093435767, 1.475542576578019 ],
	"8" : [ 2.91529669383679, 1.143526703112037, 1.99229431689842 ],
	"9" : [ 0.672802421911267, 1.038320999595103, 0.0 ]
}
