{
	"0" : [ 1.134530299711248, 1.840711125247388, 1.22740737771232 ],
	"1" : [ 0.217750696835688, 1.880795163979237, 0.978362593968445 ],
	"10" : [ 0.834416100570273, 0.765744895864232, 1.760141788173937 ],
	"11" : [ 1.036358184962187, 0.612380311813344, 1.313865999808379 ],
	"12" : [ 0.701981360817167, 0.304624337445314, 1.269343496734616 ],
	"13" : [ 1.014982237569982, 0.0, 0.859816714203956 ],
	"14" : [ 0.060827716874307, 1.462008675785066, 0.756679313986391 ],
	"15" : [ 1.344126893590465, 0.083774963655622, 0.826500639796883 ],
	"16" : [ 2.0, 1.514994830819806, 1.529584135354989 ],
	"17" : [ 1.787802200691289, 1.190648929751358, 1.249360010114666 ],
	"18" : [ 0.261562522030926, 1.442751438429063, 0.251970129237472 ],
	"19" : [ 0.641368578441264, 1.809245603065929, 1.357982612773571 ],
	"2" : [ 1.910955064313298, 1.064995583101874, 1.675770791892361 ],
	"20" : [ 0.655104054462485, 1.028232192060228, 1.221684675073614 ],
	"21" : [ 0.648171799832146, 1.52135703877646, 0.240894366419475 ],
	"22" : [ 1.570905103858411, 1.627945550964784, 1.784372223234544 ],
	"23" : [ 1.256086175596972, 1.025934365435051, 1.895992185439971 ],
	"24" : [ 0.824236597483177, 0.710527960818078, 0.723852492126029 ],
	"25" : [ 1.253977174990607, 0.307104367546596, 1.420962255628932 ],
	"26" : [ 0.41929680892329, 2.0, 0.625895256926914 ],
	"27" : [ 1.07769467511172, 1.640478717619238, 1.752545623620448 ],
	"3" : [ 0.386642895043043, 1.86779408038877, 0.0 ],
	"4" : [ 1.666203924583587, 1.232958105767217, 2.0 ],
	"5" : [ 0.459470576636118, 0.975758579485465, 0.280083073698458 ],
	"6" : [ 1.038162291275246, 1.001428393291697, 0.271986219594295 ],
	"7" : [ 0.324120473420826, 0.999158077419587, 0.852655838796846 ],
	"8" : [ 1.442469602404312, 0.484336425742787, 0.710825809835897 ],
	"9" : [ 0.0, 1.944127891406667, 0.64891737458113 ]
}
