{
	"0" : [ 0.582904410786559, 0.889913732790346 ],
	"1" : [ 0.753188157069101, 0.710013965667171 ],
	"10" : [ 0.728940945132812, 0.896046344955815 ],
	"11" : [ 0.704456252839468, 0.596706013296271 ],
	"12" : [ 0.85563313803558, 0.126379452771025 ],
	"13" : [ 0.614201689076121, 0.80941737789755 ],
	"14" : [ 0.703655028996347, 0.791260995524125 ],
	"15" : [ 0.759875299545368, 0.804172344378142 ],
	"16" : [ 0.967166298699908, 0.0 ],
	"17" : [ 0.463653369228859, 0.524334348041202 ],
	"18" : [ 0.473618733522338, 0.464052896359299 ],
	"19" : [ 0.568829156752871, 0.387599636979811 ],
	"2" : [ 0.794218190829505, 0.728188306658588 ],
	"20" : [ 0.942946249576819, 0.026400603960186 ],
	"21" : [ 0.859202251136654, 0.360919466401383 ],
	"22" : [ 0.914664467995792, 0.297170728639098 ],
	"23" : [ 0.843012803436865, 0.425779065559113 ],
	"24" : [ 0.87327844290466, 0.469488923882358 ],
	"25" : [ 0.966834499794575, 0.164621692189737 ],
	"26" : [ 0.906325732870524, 0.37655750470906 ],
	"27" : [ 0.92929550260779, 0.415576580846408 ],
	"28" : [ 0.973717324704097, 0.08370039296117 ],
	"29" : [ 0.958136838207707, 0.086820896098485 ],
	"3" : [ 1.0, 0.054789964594486 ],
	"30" : [ 0.572615629901486, 0.92651583579359 ],
	"31" : [ 0.545825664868038, 0.78751896559228 ],
	"32" : [ 0.573202788208197, 0.600296308083847 ],
	"33" : [ 0.375525887043372, 0.960828847580172 ],
	"34" : [ 0.275588664094582, 0.947487986792297 ],
	"35" : [ 0.261762567713003, 0.849137411011687 ],
	"36" : [ 0.409580999674367, 1.0 ],
	"37" : [ 0.885250959582676, 0.208615575763594 ],
	"38" : [ 0.703207247485007, 0.667202059375039 ],
	"39" : [ 0.636982278837909, 0.829225577078963 ],
	"4" : [ 0.442641267375747, 0.675915399949634 ],
	"40" : [ 0.475242750366881, 0.916470169780025 ],
	"41" : [ 0.314192857896785, 0.988266223637459 ],
	"42" : [ 0.644408321816464, 0.958431383447569 ],
	"43" : [ 0.327134927377326, 0.808652779567419 ],
	"44" : [ 0.010264629838351, 0.447306979659324 ],
	"45" : [ 0.0, 0.392366719417619 ],
	"46" : [ 0.263030150104018, 0.412401798689213 ],
	"47" : [ 0.296354846889231, 0.312923511749823 ],
	"48" : [ 0.128144651245471, 0.531171634430657 ],
	"49" : [ 0.124946612734488, 0.343960967851879 ],
	"5" : [ 0.349023665521327, 0.667631108268145 ],
	"50" : [ 0.10320211160125, 0.316638264895911 ],
	"51" : [ 0.068079978492835, 0.405330621562542 ],
	"52" : [ 0.049797291606055, 0.358219667737181 ],
	"53" : [ 0.105472454842239, 0.42699519830668 ],
	"54" : [ 0.206755882430936, 0.323040486424121 ],
	"55" : [ 0.237652553140432, 0.274718196081161 ],
	"56" : [ 0.086835949209343, 0.481509447424418 ],
	"57" : [ 0.150945754658489, 0.271110200383279 ],
	"58" : [ 0.588553826536639, 0.48008108257072 ],
	"59" : [ 0.622379686383789, 0.63567947920757 ],
	"6" : [ 0.215686021197953, 0.586438735011052 ],
	"60" : [ 0.174360780578375, 0.424383837777852 ],
	"61" : [ 0.526325814089868, 0.637407067426058 ],
	"62" : [ 0.415473814427595, 0.89631484785451 ],
	"63" : [ 0.316154962028587, 0.889436386150924 ],
	"64" : [ 0.468274285714913, 0.799913487494405 ],
	"65" : [ 0.394684950398521, 0.799360486000488 ],
	"66" : [ 0.539193176330306, 0.556140570755402 ],
	"7" : [ 0.328909667772257, 0.565527016545781 ],
	"8" : [ 0.878626361677637, 0.058575297635688 ],
	"9" : [ 0.537134726816222, 0.885779981764533 ]
}
