{
	"0" : [ 1.206292613327382, 0.630545177951111, 0.052657101282924 ],
	"1" : [ 1.156408482692282, 1.073108922177415, 0.13174719637095 ],
	"10" : [ 0.688879124070167, 1.952611654652199, 0.715803325461542 ],
	"11" : [ 1.059864067518888, 1.830959747698688, 0.663413923012002 ],
	"12" : [ 0.594231655539033, 0.556221185590256, 1.189147036901771 ],
	"13" : [ 1.394760711110369, 1.024846815584115, 1.390654246165528 ],
	"14" : [ 1.277637583019439, 1.447207119508246, 1.197397386862517 ],
	"15" : [ 1.21329048423246, 1.235019323023514, 1.197443778045172 ],
	"16" : [ 1.324299369187175, 0.719955698143683, 1.095584074012866 ],
	"17" : [ 0.646026786575321, 0.804265751434203, 1.137922877638877 ],
	"18" : [ 0.078339539480577, 0.981531754883911, 1.667553211378567 ],
	"19" : [ 0.630680010610211, 0.695581870197118, 1.472092778058573 ],
	"2" : [ 1.171727102691771, 1.330827931206156, 0.140392441952223 ],
	"20" : [ 0.203309260174684, 0.939969562602625, 1.242490987070598 ],
	"21" : [ 0.294155811493178, 1.528651476417827, 1.082359624733844 ],
	"22" : [ 1.062503528075551, 1.729047677207944, 0.314694585162048 ],
	"23" : [ 1.377838054849907, 0.149963849882936, 0.249854306754772 ],
	"24" : [ 1.76454955770905, 0.44650443657904, 1.36234495006016 ],
	"25" : [ 0.371580134647321, 0.76498038225927, 1.268302619887171 ],
	"26" : [ 0.227356599513197, 1.148144998707272, 1.712942880952683 ],
	"27" : [ 1.027980488579693, 1.572381325498181, 0.579264366943565 ],
	"28" : [ 1.190378655746655, 0.0, 0.54759503900661 ],
	"29" : [ 1.60021262797604, 0.191225100464506, 0.837505134746199 ],
	"3" : [ 1.712338606011353, 1.005937689345267, 1.62377966431049 ],
	"30" : [ 1.510744185938644, 0.563560227173315, 1.300448818214539 ],
	"31" : [ 0.0, 1.267447543951583, 1.17443574838682 ],
	"32" : [ 0.068478603469191, 1.473178042065786, 1.035502521296857 ],
	"33" : [ 0.621860742206712, 1.704174715708836, 0.753908689242222 ],
	"34" : [ 0.280403504939823, 0.659107827340227, 1.994791779107846 ],
	"35" : [ 0.459906106173335, 1.787686029177994, 0.969964668859378 ],
	"36" : [ 0.094443310652838, 1.834525259357553, 1.113860401461507 ],
	"37" : [ 1.490410450120638, 0.496652298911364, 0.804766214000217 ],
	"38" : [ 1.384207266332253, 0.393970957284744, 0.309807998906487 ],
	"39" : [ 1.16760074702361, 0.167494071995273, 0.282352055017196 ],
	"4" : [ 1.976639846027425, 0.895747730043809, 1.702926248984489 ],
	"40" : [ 1.364740366435, 0.107837650063874, 0.579186705840635 ],
	"41" : [ 0.862713967588742, 1.545706907205139, 0.327910381997456 ],
	"42" : [ 0.313086810222362, 0.418870197861641, 1.76802863310436 ],
	"43" : [ 1.459302493572161, 0.81744430550238, 0.769759040328534 ],
	"44" : [ 1.601186556972781, 0.720468236469323, 1.022679363237855 ],
	"45" : [ 0.728598096731997, 0.345764271863272, 1.356054606376324 ],
	"46" : [ 0.081339632147683, 1.112159154415254, 1.324109281949664 ],
	"47" : [ 0.467555860869711, 0.231335832240761, 1.582916750135159 ],
	"48" : [ 0.363039898707891, 0.903420191283298, 1.743359837788937 ],
	"49" : [ 0.923541698263995, 0.760867026180005, 1.256466928389435 ],
	"5" : [ 2.0, 0.665061174614604, 1.865014960843294 ],
	"50" : [ 1.186068353400634, 1.328177308680907, 0.540772512935603 ],
	"51" : [ 0.793717298858274, 0.048489903397826, 1.175369913129781 ],
	"52" : [ 0.968987198878877, 1.340942338923626, 0.294532280466301 ],
	"53" : [ 0.460831125011709, 1.00046578965106, 1.347898996613608 ],
	"54" : [ 1.13545021090621, 0.377991604485488, 0.276334168946452 ],
	"55" : [ 0.691900004243683, 0.086647503017072, 1.496863836470983 ],
	"56" : [ 0.547906552302396, 0.168210019336116, 1.289717164644193 ],
	"57" : [ 1.071063161412087, 1.468721447165894, 0.936604858176081 ],
	"58" : [ 0.215372344061231, 0.922298362128101, 1.996177980450631 ],
	"59" : [ 1.641468318305033, 0.395270423000985, 1.093543399409318 ],
	"6" : [ 1.930557500190688, 0.897799835652062, 2.0 ],
	"60" : [ 0.182536615912341, 0.709195210386507, 1.714308726569652 ],
	"61" : [ 0.249580054778254, 1.31094009309885, 1.192751260225943 ],
	"62" : [ 0.385150360540442, 1.983478055543554, 0.931242443180712 ],
	"63" : [ 0.157736681623325, 1.514953338176771, 1.415340789974487 ],
	"64" : [ 0.906301943299629, 1.929108284559536, 0.493376380826996 ],
	"65" : [ 1.092178205707376, 1.432368207871354, 1.299196697156636 ],
	"66" : [ 0.834920683781633, 1.452237488166736, 1.028382834413308 ],
	"67" : [ 0.218905802685375, 1.88278121290308, 1.303000498426177 ],
	"68" : [ 1.149702527821598, 0.892553710487159, 1.288445462868116 ],
	"69" : [ 1.600996137229801, 0.725613151654848, 0.767796145105014 ],
	"7" : [ 1.835989368421379, 0.753161118506134, 1.765269626369526 ],
	"70" : [ 0.619126157799333, 1.593337997524101, 0.976094732961741 ],
	"71" : [ 0.208483226554467, 2.0, 1.041143718072808 ],
	"72" : [ 0.438855461356687, 0.774530694421756, 0.937492976602238 ],
	"73" : [ 1.276363378064465, 0.321181487804799, 0.0 ],
	"74" : [ 0.646042562934828, 0.117289779187519, 1.134545016211321 ],
	"8" : [ 1.983329720663433, 0.640151594618921, 1.620527157077942 ],
	"9" : [ 1.470510366340377, 0.933393658653275, 1.116973519179832 ]
}
