{
	"0" : [ 0.264498267293275, 4.570144941792348 ],
	"1" : [ 0.426584906514565, 4.131089212302132 ],
	"10" : [ 0.0, 6.292119633603756 ],
	"11" : [ 1.273501711340409, 5.198832765906179 ],
	"12" : [ 0.270653835690752, 6.553521740511889 ],
	"13" : [ 1.029863399241472, 5.871489688763669 ],
	"14" : [ 1.276473369584985, 3.64987715596682 ],
	"15" : [ 0.821233035225387, 5.476796393527222 ],
	"16" : [ 0.673295141910397, 6.372619039545458 ],
	"17" : [ 0.442957065556399, 6.269001312108823 ],
	"18" : [ 0.23348240627278, 5.863638862796113 ],
	"19" : [ 1.143093488077798, 4.574920499650218 ],
	"2" : [ 0.504210248274746, 4.979468205339892 ],
	"20" : [ 1.106173782888029, 3.414059473392057 ],
	"21" : [ 1.054213068496356, 3.352231692765116 ],
	"22" : [ 1.226863881333245, 3.254250511672115 ],
	"23" : [ 1.385490080184738, 4.086977352857034 ],
	"24" : [ 1.614651234910008, 4.855708256462737 ],
	"25" : [ 6.539727357999884, 8.0 ],
	"26" : [ 6.304005447247199, 7.312589077578042 ],
	"27" : [ 6.385052631593427, 7.830692572641677 ],
	"28" : [ 6.495881774136989, 7.507003377646967 ],
	"29" : [ 6.166208909225705, 7.86406165006263 ],
	"3" : [ 0.205214304668619, 5.352859100517616 ],
	"30" : [ 6.345126035083932, 7.936619564316034 ],
	"31" : [ 6.141856062161885, 6.466372227000236 ],
	"32" : [ 5.697375243447509, 1.523646216214879 ],
	"33" : [ 5.45077477021825, 1.714215226563452 ],
	"34" : [ 5.93386180523884, 2.75130821870996 ],
	"35" : [ 6.76518276375355, 2.436759581361404 ],
	"36" : [ 7.259956257475927, 3.979212090975164 ],
	"37" : [ 6.99444591830692, 4.354598961754473 ],
	"38" : [ 6.581843633690941, 2.877499651001338 ],
	"39" : [ 7.75711598330602, 5.754763584392305 ],
	"4" : [ 0.368888753342574, 5.352124997744396 ],
	"40" : [ 8.0, 5.42631899915681 ],
	"41" : [ 7.38408817747722, 5.828499219632979 ],
	"42" : [ 5.932738870324659, 4.881906893534168 ],
	"43" : [ 6.06962264468785, 7.613367243056858 ],
	"44" : [ 6.468811438269065, 4.396224499644772 ],
	"45" : [ 7.146800647330738, 4.890349728839114 ],
	"46" : [ 7.369513743618226, 2.993890533020418 ],
	"47" : [ 6.815371752031959, 2.918582097767004 ],
	"48" : [ 7.703526723078827, 5.503212280290724 ],
	"49" : [ 7.619474623531461, 4.555249336762563 ],
	"5" : [ 0.29398578881623, 5.84499099469588 ],
	"50" : [ 6.256502472049375, 3.069763181743278 ],
	"51" : [ 7.962767269636421, 4.799312346659148 ],
	"52" : [ 7.831117158361842, 4.142173226103161 ],
	"53" : [ 7.384360890900922, 4.872470228128522 ],
	"54" : [ 6.880614706388239, 1.774700364608124 ],
	"55" : [ 6.107241819584635, 2.353876392653449 ],
	"56" : [ 6.421270784993075, 1.702856053547172 ],
	"57" : [ 5.859830857353375, 3.133446207568942 ],
	"58" : [ 6.303392992271802, 1.970442713364715 ],
	"59" : [ 6.605852168409545, 1.489033267232763 ],
	"6" : [ 0.547405020688981, 5.780620243752655 ],
	"60" : [ 6.796815932233796, 4.04437446083826 ],
	"61" : [ 5.816638844835056, 5.255868720612197 ],
	"62" : [ 6.09716859962167, 5.544223221856081 ],
	"63" : [ 6.757827099858781, 7.124498665955872 ],
	"64" : [ 6.10233726736621, 4.427169640130129 ],
	"65" : [ 6.984970170088182, 5.042940950118434 ],
	"66" : [ 7.345364996316165, 5.232096500821632 ],
	"67" : [ 5.766770522423256, 4.295782494294762 ],
	"68" : [ 5.874591832322269, 3.839182057994534 ],
	"69" : [ 4.594870483489524, 0.221371089549194 ],
	"7" : [ 0.74456954106495, 4.241991231916924 ],
	"70" : [ 4.902726786657527, 0.0 ],
	"71" : [ 4.806697419285117, 0.502370844772799 ],
	"72" : [ 4.67018421639652, 0.312593000929245 ],
	"73" : [ 4.754526514829428, 0.195663854725152 ],
	"74" : [ 4.963360382788407, 0.660525075266205 ],
	"75" : [ 6.627685735470024, 2.189356770598784 ],
	"76" : [ 6.307677307442808, 3.558658056193388 ],
	"77" : [ 6.431961330366892, 2.322452742247593 ],
	"78" : [ 7.682183805710512, 5.030886866988615 ],
	"8" : [ 0.911876799776504, 3.999716879220864 ],
	"9" : [ 0.859321013826876, 5.097415197501896 ]
}
