{
	"0" : [ 1.842606094302217, 1.682783897887669, 1.204930344909949 ],
	"1" : [ 1.990531446965657, 1.835461709815656, 0.828039094334023 ],
	"10" : [ 0.009860533140328, 1.779974347888662, 1.30352753249351 ],
	"11" : [ 1.711105321382173, 1.553940380624111, 0.108175624274548 ],
	"12" : [ 2.0, 1.821744335470672, 0.676878073675034 ],
	"13" : [ 1.866671038856613, 1.852021856595342, 1.046437721217111 ],
	"14" : [ 1.464600891208975, 1.467768065579083, 1.647187727924713 ],
	"15" : [ 0.648740115526506, 1.391183153414493, 1.684209653770822 ],
	"16" : [ 0.179219363233552, 1.791801060852105, 1.007765020421307 ],
	"17" : [ 1.890039886706018, 1.638973551970621, 0.89377378923795 ],
	"18" : [ 1.863831002386333, 1.817680122827637, 0.648383190342615 ],
	"19" : [ 1.753447034574834, 1.711591598619108, 0.38614144261664 ],
	"2" : [ 1.866918067080856, 1.732316027990674, 1.163923932142301 ],
	"20" : [ 1.564638299636989, 1.397413775522715, 1.51198661174046 ],
	"21" : [ 1.50217028898928, 1.396918529701251, 1.426623670891976 ],
	"22" : [ 0.288330932395237, 1.906481275395913, 1.639310126983761 ],
	"23" : [ 0.092377583787427, 1.860537269652353, 1.094657175962785 ],
	"24" : [ 0.418779113664733, 1.637652471529862, 1.894240027932881 ],
	"25" : [ 0.673187214680306, 1.146699459077212, 1.494621688531391 ],
	"26" : [ 0.453534237087806, 0.294546828295728, 0.944675238467582 ],
	"27" : [ 1.831565797959107, 1.524047520228724, 0.181320064978506 ],
	"28" : [ 1.067697874994181, 1.216657122825995, 1.606998879702624 ],
	"29" : [ 0.510855393256521, 0.372264942158284, 1.116596022380248 ],
	"3" : [ 1.728732050490037, 1.627946353862043, 1.218105246329703 ],
	"30" : [ 1.1836497257464, 1.341115648172554, 1.572869589319171 ],
	"31" : [ 1.017898415869723, 1.348145852797509, 1.382887348020163 ],
	"32" : [ 1.078137939681957, 1.435404191004873, 1.066309711948933 ],
	"33" : [ 0.764186820034627, 1.26974169794351, 1.455345269662195 ],
	"34" : [ 0.844599920665654, 1.388261841538358, 1.452317711403909 ],
	"35" : [ 0.838077823228902, 1.093533985397502, 1.572783722723145 ],
	"36" : [ 0.482253933364727, 1.245211089768409, 1.305255751264417 ],
	"37" : [ 0.405297713122685, 0.0, 1.002080596491215 ],
	"38" : [ 0.316922024291494, 0.142175370530812, 0.966274773821793 ],
	"39" : [ 0.373379303382649, 0.071606076630155, 0.951940074127266 ],
	"4" : [ 1.810904846094166, 1.771578444149125, 1.013797867632289 ],
	"40" : [ 0.437413446887826, 0.216253236887164, 1.118805346115338 ],
	"41" : [ 0.648268708591986, 0.849859774680288, 0.349071582270528 ],
	"42" : [ 0.07727728622698, 1.654382894658487, 1.285905116003032 ],
	"43" : [ 0.437162334453034, 1.815273108811564, 2.0 ],
	"44" : [ 0.055719357649275, 1.848398602153311, 1.154368101776582 ],
	"45" : [ 0.464023294897841, 1.780692928445702, 1.852581331185473 ],
	"46" : [ 1.636245565620163, 1.617027359440833, 1.627264172672925 ],
	"47" : [ 1.915040140165008, 1.90133481988414, 0.803720237731215 ],
	"48" : [ 1.745753738115923, 1.741215848916877, 0.150501067402057 ],
	"49" : [ 1.917972380603472, 1.819035649431275, 0.52114642565631 ],
	"5" : [ 1.577391746945575, 1.506686412152843, 1.608944034015804 ],
	"50" : [ 1.646373219226619, 1.654230635870856, 0.136774448537399 ],
	"51" : [ 1.166694333417481, 1.387906295569866, 1.415096500631659 ],
	"52" : [ 0.88123145359323, 1.258471526489832, 1.520397238245503 ],
	"53" : [ 1.089421445365568, 1.418959920113782, 0.640320271302427 ],
	"54" : [ 0.525064202785915, 1.928285619900519, 1.951241459703483 ],
	"55" : [ 1.114695379007682, 1.481864102043933, 0.742959056235451 ],
	"56" : [ 0.339142156981086, 1.748983917946335, 1.901765966795384 ],
	"57" : [ 1.004415935355578, 1.457030376418257, 0.866737242384347 ],
	"58" : [ 0.926812363049905, 1.546607194974678, 1.167627067101168 ],
	"59" : [ 0.584916969103528, 1.859190318483547, 1.894646265373638 ],
	"6" : [ 1.633576707245449, 1.56362770962764, 1.405549651051851 ],
	"60" : [ 0.331412660225986, 1.412536080451319, 1.212166522274037 ],
	"61" : [ 0.476957445503858, 0.144638338860821, 1.040400569186659 ],
	"62" : [ 0.457723719426731, 0.042966080712905, 1.066666709853809 ],
	"63" : [ 0.690649334463325, 0.776516071093575, 0.35646157431143 ],
	"64" : [ 1.140534822310729, 1.381669230067472, 0.416111064020339 ],
	"65" : [ 0.647529149422593, 0.961923784761755, 0.138817033541188 ],
	"66" : [ 1.031886346737667, 1.30245491908743, 0.425951598107395 ],
	"67" : [ 1.184155770074282, 1.450662091501641, 0.496017532877277 ],
	"68" : [ 0.253558859712408, 1.698926792039279, 1.672603620264303 ],
	"69" : [ 0.0, 1.821193917795275, 1.432850122157505 ],
	"7" : [ 1.50444804637484, 1.524527011844784, 1.50284605142777 ],
	"70" : [ 0.681161913552547, 0.886949662882173, 0.172752970044007 ],
	"71" : [ 0.2250025294232, 1.61798827802665, 1.108691202390828 ],
	"72" : [ 0.080188385892286, 1.968602052195128, 1.411491162271029 ],
	"73" : [ 0.082369918619985, 1.761408906622248, 1.593205823296027 ],
	"74" : [ 0.748904371827061, 0.945540789869498, 0.29521933426354 ],
	"75" : [ 0.869634955858969, 1.056695874061199, 0.246300771820545 ],
	"76" : [ 0.765023685403443, 0.962425790143853, 0.22527093504498 ],
	"77" : [ 0.870602414548096, 1.074081226150074, 0.278645840502831 ],
	"78" : [ 0.270575865523616, 1.847865124775724, 1.105235782581963 ],
	"79" : [ 0.223221675230179, 2.0, 1.410018888984189 ],
	"8" : [ 0.720072299127946, 1.325737800821432, 1.615586759120479 ],
	"80" : [ 1.588411263954012, 1.539250144425204, 0.074626032658898 ],
	"81" : [ 1.306740823597018, 1.425093163995072, 1.544785476137216 ],
	"82" : [ 1.635492480656126, 1.539150648175709, 0.004672307826827 ],
	"83" : [ 1.710388112957902, 1.578243222019398, 0.0 ],
	"84" : [ 1.955946259267159, 1.698215777999804, 0.577270866594311 ],
	"9" : [ 0.339958893918232, 1.894928758137274, 1.85483681990457 ]
}
