{
	"0" : [ 0.53044632671599, 0.574604401508702, 0.0 ],
	"1" : [ 0.270737784910024, 0.434272375397056, 0.860084750909887 ],
	"10" : [ 1.194504896612693, 1.9641538835912, 1.1808185518529 ],
	"11" : [ 1.308911837744001, 1.845235077723898, 1.28460494018061 ],
	"12" : [ 1.325547475330929, 1.62630949697074, 1.231489467148007 ],
	"13" : [ 0.384737518610148, 0.316528509940253, 1.257094513154738 ],
	"14" : [ 1.792370098932495, 0.840710300946064, 1.547038365731379 ],
	"15" : [ 1.280237324022813, 0.114655899353519, 1.09533874268016 ],
	"16" : [ 1.745776763625678, 0.869298196567384, 2.0 ],
	"17" : [ 0.309041731524356, 0.29799361933479, 0.510007566000719 ],
	"18" : [ 1.653705870085847, 0.295451482694684, 0.526424142581664 ],
	"19" : [ 0.051180267991252, 0.717716821980639, 1.137437918501734 ],
	"2" : [ 1.649130947254321, 0.843779654968956, 1.188298061753809 ],
	"20" : [ 1.561256625230431, 0.282781855729354, 0.50791129122675 ],
	"21" : [ 1.73365960822661, 0.676526752772738, 1.276304152817474 ],
	"22" : [ 1.110885762890828, 1.822977754495243, 1.227059403831245 ],
	"23" : [ 1.245097820014118, 1.989158718858045, 1.332762577394985 ],
	"24" : [ 1.523421737210495, 1.164076906764904, 1.288357075738205 ],
	"25" : [ 1.778031155531605, 0.960110471528836, 1.798634859326026 ],
	"26" : [ 0.411269492858979, 0.148941765461962, 0.359171784656043 ],
	"27" : [ 1.705538951147598, 0.444486133886196, 0.821966637777786 ],
	"28" : [ 1.380639703060149, 0.303773043203819, 0.481849414774351 ],
	"29" : [ 1.670035291018901, 0.404388751703774, 0.677301837998396 ],
	"3" : [ 0.478456810322126, 1.284397658543104, 0.73989417801526 ],
	"30" : [ 0.183049271003881, 0.5958170840141, 0.115731626240234 ],
	"31" : [ 0.01339208589155, 0.533185114541643, 1.095213498049623 ],
	"32" : [ 0.945505584406257, 0.454261607950114, 0.878499378710544 ],
	"33" : [ 0.842868817307607, 0.625918509399631, 0.510493688328216 ],
	"34" : [ 0.081433098425196, 0.418695796559605, 0.452666888728019 ],
	"35" : [ 1.978226533491853, 0.707283984607327, 1.967894278630776 ],
	"36" : [ 2.0, 0.663364370838651, 1.837100832418822 ],
	"37" : [ 1.955783815677937, 0.551799151931838, 1.89661074298498 ],
	"38" : [ 0.436459162358717, 1.047725124841725, 0.479784786236423 ],
	"39" : [ 1.380014765748774, 0.219912449943184, 1.233802199488879 ],
	"4" : [ 0.489632748813901, 1.028213056328639, 0.778558978626896 ],
	"40" : [ 0.385526578894667, 0.549888954840012, 0.065071680598924 ],
	"41" : [ 0.291049937201293, 0.242805744882137, 1.088677786187243 ],
	"42" : [ 0.188589761517571, 0.775172619995405, 1.085197308523214 ],
	"43" : [ 0.542625372113608, 1.236371226690177, 0.839999894409214 ],
	"44" : [ 0.057955032381716, 0.683904326928316, 0.914571110271834 ],
	"45" : [ 0.515374095412917, 0.061467024333629, 1.04608153176015 ],
	"46" : [ 0.502075450211644, 0.138942537685771, 0.77697116269476 ],
	"47" : [ 0.0, 0.593387880891912, 0.938484622591284 ],
	"48" : [ 0.994117416328802, 0.476881100087946, 1.549130764061281 ],
	"49" : [ 1.452622740378989, 0.971581710826647, 1.746687195141569 ],
	"5" : [ 0.799713128509598, 0.306559829167813, 1.159633665268397 ],
	"50" : [ 0.500234408883225, 0.30841361770227, 1.358190521016361 ],
	"51" : [ 1.592049536103638, 0.45393616898003, 1.232868368162759 ],
	"52" : [ 1.864157204874726, 0.85752776966675, 1.875364912782398 ],
	"53" : [ 1.334535581236364, 0.343438578698913, 0.955306555605752 ],
	"54" : [ 0.508440473775774, 0.688504602335397, 0.267628203601278 ],
	"55" : [ 0.447844749222019, 0.0, 0.784999123697421 ],
	"56" : [ 1.542795402832877, 0.742062167074405, 1.718073471757256 ],
	"57" : [ 1.261892720980644, 0.417737195398854, 1.315969121547995 ],
	"58" : [ 1.260454179950486, 0.152979941183072, 0.820886678950613 ],
	"59" : [ 0.15463941832052, 0.504501579066028, 0.209056917942287 ],
	"6" : [ 1.092023364684124, 0.604280528751728, 0.895187449797041 ],
	"60" : [ 1.425325500993169, 1.518519105087567, 1.37085768874467 ],
	"61" : [ 1.950223699753465, 0.730502903408999, 1.7201109504104 ],
	"62" : [ 1.239742741130723, 1.00911251320061, 0.687400084104463 ],
	"63" : [ 0.102106663185374, 0.421999129878309, 1.108257123090424 ],
	"64" : [ 1.551428012702226, 1.077125990420209, 1.675900446031056 ],
	"65" : [ 0.443872146771812, 0.742861750127664, 1.178956036338893 ],
	"66" : [ 1.357187077848469, 1.400881681997732, 1.066428262244867 ],
	"67" : [ 1.213830787014396, 1.296300614731469, 0.840415342079607 ],
	"68" : [ 0.584530512891942, 1.141987556346566, 0.552310103918483 ],
	"7" : [ 1.587520792981538, 0.93527038018124, 1.475574252238155 ],
	"8" : [ 0.348455642322102, 0.77295233553676, 0.139781918932061 ],
	"9" : [ 1.130598938062757, 2.0, 1.375011974469087 ]
}
