{
	"0" : [ 0.809270313120647, 2.035060059806336, 1.316214634284198 ],
	"1" : [ 2.84420945187829, 1.59532039326032, 3.0 ],
	"10" : [ 1.53517505039491, 0.361691825344497, 0.948936072207976 ],
	"11" : [ 0.409694498956693, 0.799079476686196, 0.404509045956459 ],
	"12" : [ 3.0, 1.918756812656726, 2.689898910661887 ],
	"13" : [ 2.383269828723273, 1.025013651315431, 2.165037067997523 ],
	"14" : [ 0.592782054319258, 2.804372465651789, 1.424209495703199 ],
	"15" : [ 0.422480199826287, 2.428214974504939, 0.775030718176221 ],
	"16" : [ 2.18714253776256, 0.662254122994215, 1.617641192587414 ],
	"17" : [ 1.83769820066308, 0.0, 1.879620529266861 ],
	"18" : [ 2.046446374145667, 0.194345669535549, 1.718221404341331 ],
	"19" : [ 1.836881871259858, 0.71854865212979, 1.345005770635161 ],
	"2" : [ 2.987861655556741, 1.534045306443621, 2.540354984330464 ],
	"20" : [ 1.784734721642847, 0.005823651881451, 1.284630672182866 ],
	"21" : [ 2.314713944242395, 1.873187294250377, 2.15259424830215 ],
	"22" : [ 2.626092088351887, 1.379591070171437, 2.598407252825887 ],
	"23" : [ 1.358866187119089, 2.285980737570343, 1.567052249710703 ],
	"24" : [ 0.940961516654607, 1.749611675544268, 1.299829249047267 ],
	"25" : [ 2.726597619883179, 1.56970411153002, 2.192951756756793 ],
	"26" : [ 2.663072873736613, 2.037479233664989, 2.443751433935059 ],
	"27" : [ 0.62017046659895, 3.0, 1.106570670079385 ],
	"28" : [ 0.972138057815968, 1.924154818044023, 0.798530993616126 ],
	"29" : [ 1.356022149936873, 0.587022159177843, 1.995467613693021 ],
	"3" : [ 2.404787719655604, 2.17170510490338, 2.466305032161942 ],
	"30" : [ 0.050205507017106, 2.059962498097195, 1.357660681192975 ],
	"31" : [ 0.095990920952763, 2.257470326176273, 1.149837202196647 ],
	"32" : [ 0.080858018340699, 2.482163326885547, 0.159169217833799 ],
	"33" : [ 0.15749513275423, 1.774185055936688, 0.167395815502121 ],
	"34" : [ 0.272667509976043, 2.671586561667139, 1.29480754100241 ],
	"35" : [ 0.0, 2.535450738591634, 0.620356566149305 ],
	"36" : [ 0.0764322726863, 2.122953601053235, 0.546044722956803 ],
	"37" : [ 0.178966732894018, 2.160229332962732, 0.0 ],
	"38" : [ 1.958864749213801, 0.715545278352001, 1.830443478170869 ],
	"39" : [ 0.420384269293046, 2.894993340604745, 0.651423340418818 ],
	"4" : [ 2.740681775929191, 1.786464076416714, 2.729630834369193 ],
	"40" : [ 0.148100039856595, 2.791729641546987, 0.743311080704839 ],
	"41" : [ 0.586042421192676, 2.614540601499856, 0.831152838148589 ],
	"42" : [ 0.350155219831512, 2.96057682681698, 1.221312666240544 ],
	"43" : [ 1.84337143354386, 0.368099767584398, 1.844292273235714 ],
	"44" : [ 2.094156525623022, 0.217937418212085, 1.333188993499586 ],
	"45" : [ 1.740231483306977, 0.320013756718977, 1.216583783723387 ],
	"46" : [ 1.694848071561008, 0.074757424163273, 1.570149097786068 ],
	"47" : [ 1.388927450368814, 2.846014132403676, 2.208451677545713 ],
	"48" : [ 1.093860369144661, 2.357936028446153, 1.89462697028091 ],
	"49" : [ 1.194235469806582, 2.694821492163274, 1.87675472727436 ],
	"5" : [ 1.177803008691408, 2.974734928117426, 2.046475090457927 ],
	"50" : [ 2.050740223693088, 1.378894233747328, 2.04249740192875 ],
	"51" : [ 0.418684237273427, 1.707083021152795, 0.963414735538601 ],
	"52" : [ 0.516486243018599, 2.027587053746646, 1.374842818608722 ],
	"53" : [ 1.752199213143983, 1.501345694351852, 1.70012276277384 ],
	"54" : [ 1.578178004917851, 0.957054361297953, 1.165269185666865 ],
	"55" : [ 0.349585489703801, 2.085424264480845, 0.252081202041828 ],
	"56" : [ 1.535516975709789, 1.900581598402263, 1.736909739840428 ],
	"57" : [ 0.481717582319555, 0.964215389934181, 0.627816457985042 ],
	"58" : [ 0.499162588914543, 0.68946576623403, 0.635903869669408 ],
	"59" : [ 0.814204320645495, 0.561376500462513, 0.685265398441651 ],
	"6" : [ 1.586524260703009, 2.649079482138981, 2.198910469269044 ],
	"60" : [ 0.940296337005315, 2.734786054304708, 1.791911650118126 ],
	"7" : [ 2.412455712817672, 1.601302064015783, 2.50187917437527 ],
	"8" : [ 2.904317505526488, 1.781431925340996, 2.314559790758121 ],
	"9" : [ 0.700979435968805, 0.532598245809873, 0.370139014891753 ]
}
