{
	"0" : [ 1.662244006343122, 1.015679231713376, 0.902946950021814 ],
	"1" : [ 1.561494921553138, 1.402540409852506, 0.525756953983367 ],
	"10" : [ 1.587237700557171, 1.340904801585572, 0.507464470388922 ],
	"11" : [ 1.576181555474891, 1.451920927494633, 0.615796875658186 ],
	"12" : [ 1.683527769778344, 1.035204757026781, 0.843942204567998 ],
	"13" : [ 0.556758260770038, 0.894283444679882, 0.200661701712693 ],
	"14" : [ 1.952135059399188, 0.261304260502209, 1.912439018717749 ],
	"15" : [ 0.450600856009171, 0.822560368189091, 0.379047116020142 ],
	"16" : [ 0.460125105836265, 0.738048956745353, 0.370889163207234 ],
	"17" : [ 1.964818708389303, 0.246463671642308, 2.0 ],
	"18" : [ 0.560623990216065, 0.941416225513447, 0.166099643680201 ],
	"19" : [ 1.629447515136946, 1.142875737723203, 0.729478493043417 ],
	"2" : [ 1.567135393360224, 1.464166702551125, 0.593814493345715 ],
	"20" : [ 1.8809352526395, 0.384909167932889, 0.926634427849748 ],
	"21" : [ 1.601577329963963, 1.262886547815384, 0.626676238808271 ],
	"22" : [ 1.597096699643508, 1.414952737386284, 0.583574419602826 ],
	"23" : [ 1.518226738601101, 1.281049055608392, 0.307473614429486 ],
	"24" : [ 1.483943368778676, 1.222401624603635, 0.237031116553191 ],
	"25" : [ 1.903396994385671, 0.32111709290234, 0.432362649473614 ],
	"26" : [ 1.959338472532004, 0.295304692103279, 0.660987373265311 ],
	"27" : [ 1.510416146297534, 1.91072114763412, 1.53478402888984 ],
	"28" : [ 1.510262442894806, 1.966716861867949, 1.5262254832145 ],
	"29" : [ 1.93442315672732, 0.312773767307372, 0.814228092907764 ],
	"3" : [ 1.876825454081306, 0.411734563251479, 1.007920005522801 ],
	"30" : [ 1.477720802570341, 2.0, 1.58557347027873 ],
	"31" : [ 1.546950069674579, 1.939641321601095, 1.633515077499441 ],
	"32" : [ 1.902732740291055, 0.247511773061127, 0.761724669698885 ],
	"33" : [ 1.902354147414526, 0.318635656174359, 0.159616064105525 ],
	"34" : [ 1.851483296258164, 0.509227400138183, 0.0 ],
	"35" : [ 1.410912113629741, 1.159301885024969, 0.055309234803276 ],
	"36" : [ 1.891953715166864, 0.329478383002898, 0.135004093913643 ],
	"37" : [ 0.592398319928952, 0.938728771269045, 0.126959268898021 ],
	"38" : [ 2.0, 0.210741965463123, 1.964445478936148 ],
	"39" : [ 0.359686568845698, 0.555102125910206, 0.641400918422991 ],
	"4" : [ 1.490386444554545, 1.117399126184578, 0.392708045388474 ],
	"40" : [ 0.193251958434957, 0.411703856217526, 0.969422116253781 ],
	"41" : [ 0.26124232960647, 0.497029369187666, 0.924126366331813 ],
	"42" : [ 0.259515295086809, 0.479882659258681, 0.814716767542448 ],
	"43" : [ 0.210385793563901, 0.454989906711115, 0.879079805665096 ],
	"44" : [ 0.430966565893878, 0.630588678902821, 0.611328861229623 ],
	"45" : [ 1.864742883478935, 0.416469189616346, 1.130932624439926 ],
	"46" : [ 0.028295141889036, 0.042440513881971, 1.354107378247064 ],
	"47" : [ 0.056526795293508, 0.063049077149089, 1.326012141667861 ],
	"48" : [ 0.235123560586708, 0.438144882844194, 1.038356999878304 ],
	"49" : [ 0.0, 0.051355808030149, 1.386012952806631 ],
	"5" : [ 1.936744883232839, 0.258895782479108, 0.331476848280551 ],
	"50" : [ 0.004772295092803, 0.009083818289163, 1.421889791785288 ],
	"51" : [ 0.05353569042027, 0.0, 1.397293538837534 ],
	"52" : [ 0.081832479500771, 0.145089365915241, 1.251045030378841 ],
	"53" : [ 0.180040451440648, 0.353714080784615, 1.074113441901257 ],
	"54" : [ 0.383670322463306, 0.639240712763765, 0.85524344690272 ],
	"55" : [ 0.364790341054976, 0.622385341635695, 0.839004326461564 ],
	"56" : [ 0.252224748038583, 0.503469411850264, 0.851372778349813 ],
	"57" : [ 0.431471503944311, 0.691331319625922, 0.689564909887678 ],
	"58" : [ 1.97218995563585, 0.247779233374535, 1.861444765096337 ],
	"59" : [ 0.466959115122246, 0.687415495088984, 0.51835020882367 ],
	"6" : [ 1.904259326916168, 0.352025404981908, 0.343157699404726 ],
	"60" : [ 0.414582082857017, 0.60902237211786, 0.582225983600536 ],
	"61" : [ 0.496151144866005, 0.856436022413772, 0.279370090939268 ],
	"62" : [ 1.84137409777275, 0.468594439465959, 1.043282709428243 ],
	"63" : [ 1.597106049064344, 1.178753075941983, 0.642099453270221 ],
	"64" : [ 1.962575622586817, 0.120056236047509, 0.582875661252046 ],
	"65" : [ 1.921801435142362, 0.182131302057711, 0.457402968809535 ],
	"66" : [ 1.982970096295666, 0.149015990098849, 0.53624753365988 ],
	"67" : [ 1.515622196469152, 1.957045851594198, 1.593643004520342 ],
	"68" : [ 1.934101959569241, 0.22375655443961, 0.743686314247395 ],
	"69" : [ 1.507767261431737, 1.971049973874926, 1.620509696381471 ],
	"7" : [ 1.92380012887062, 0.331274072577657, 0.597621099111365 ],
	"70" : [ 1.913493910961765, 0.335072665496564, 0.730426392787031 ],
	"71" : [ 1.811585685051167, 0.553203652770086, 0.026205553662958 ],
	"72" : [ 1.139121202092623, 1.093746126201353, 0.011430878330406 ],
	"73" : [ 1.979140146581129, 0.130842412804224, 0.391925487537213 ],
	"74" : [ 1.949227035571403, 0.16672491292373, 0.360072132047398 ],
	"75" : [ 1.928641013984956, 0.285769255538263, 0.188938795492714 ],
	"76" : [ 1.776147235514602, 0.608349295740584, 0.012835530600715 ],
	"77" : [ 1.874519960085297, 0.381938887372412, 0.212809653404706 ],
	"78" : [ 1.77020758144728, 0.58021471074769, 0.08826415356351 ],
	"79" : [ 1.568391546770469, 0.950104434797639, 0.07194031989703 ],
	"8" : [ 1.638957351118187, 1.020784525418, 0.924031506204499 ],
	"80" : [ 1.74396363462557, 0.622331207633521, 0.067677353913247 ],
	"81" : [ 1.528734586689828, 0.998769102012144, 0.135283828556545 ],
	"82" : [ 1.451580885159497, 1.21096928675657, 0.130309023381925 ],
	"83" : [ 1.730209678531687, 0.686882094329822, 0.026316968321073 ],
	"84" : [ 1.053851586857964, 1.088276650841679, 0.14595589609413 ],
	"85" : [ 1.055127966018211, 1.122513767242242, 0.118153931805835 ],
	"86" : [ 1.019818750704897, 1.065899645973037, 0.077655813857427 ],
	"87" : [ 1.018280408533559, 1.103154470607592, 0.042589353901175 ],
	"88" : [ 1.078520088066643, 1.12000917404181, 0.022061746896005 ],
	"89" : [ 0.617485287180698, 0.948543911025572, 0.147839469846613 ],
	"9" : [ 1.606991291557777, 1.005482652720819, 0.907980656995921 ],
	"90" : [ 1.9800883838242, 0.232395008848499, 1.952301289755791 ],
	"91" : [ 0.486161753693069, 0.816464374175096, 0.469854240130121 ],
	"92" : [ 0.513715785380326, 0.742714186906085, 0.431068560324089 ],
	"93" : [ 0.539741404625559, 0.808481687247271, 0.293061297439883 ],
	"94" : [ 1.483512364598461, 1.045638976303628, 0.303876388027928 ],
	"95" : [ 1.493896480841068, 1.080402807677134, 0.060552434728311 ],
	"96" : [ 1.483964968734941, 1.15555056963822, 0.100427595220243 ],
	"97" : [ 1.483741653749421, 1.093507439182231, 0.152603521205677 ]
}
