{
	"0" : [ 0.071709980274204, 1.459346823656084, 1.895984258780782 ],
	"1" : [ 1.781666569260787, 1.864556529942225, 0.531963647580876 ],
	"10" : [ 0.236321315979778, 1.223706873603731, 1.592364902503544 ],
	"11" : [ 1.665501884967001, 1.816422635819436, 0.369459220671493 ],
	"12" : [ 1.998424998734741, 1.83928336489457, 1.623560917605899 ],
	"13" : [ 2.0, 1.776577421542271, 1.517779559391703 ],
	"14" : [ 0.321022005929895, 1.207308442224327, 1.280342946105513 ],
	"15" : [ 0.189820984205085, 1.107381343624936, 1.431238355424722 ],
	"16" : [ 0.34605487399224, 1.332510034203233, 1.44973092145027 ],
	"17" : [ 1.391377124528969, 1.867013450094062, 0.024773711781565 ],
	"18" : [ 1.738666521550313, 1.749162902791386, 0.502583098691654 ],
	"19" : [ 0.150663208181404, 1.230113676607806, 1.820006102810935 ],
	"2" : [ 1.934088840515755, 1.796607829731191, 1.327916183011538 ],
	"20" : [ 0.021693104872728, 1.364663655971907, 1.800880978683269 ],
	"21" : [ 0.0, 1.451562198358129, 1.966399674719193 ],
	"22" : [ 1.508742204198894, 1.846847130526336, 0.088733974005665 ],
	"23" : [ 0.097398904188109, 1.223503882792428, 1.577305527801248 ],
	"24" : [ 1.480130481567528, 1.959832262437331, 0.0 ],
	"25" : [ 1.551879697521893, 2.0, 0.035565917730156 ],
	"26" : [ 1.607529586119288, 1.924129494384456, 0.195498310726746 ],
	"27" : [ 1.809962854998183, 1.890119101506078, 0.766610321680361 ],
	"28" : [ 1.912700646207815, 1.848236257918082, 1.541387373946378 ],
	"29" : [ 1.976306324233218, 0.016942301422205, 1.112648243039674 ],
	"3" : [ 1.922925793881723, 0.0, 1.279715364730632 ],
	"30" : [ 1.907682436093975, 0.088988154099033, 1.163089490729227 ],
	"31" : [ 1.79194724163228, 1.806642636886728, 1.171358323713453 ],
	"32" : [ 1.806493807651073, 1.724645329686406, 0.800446347619173 ],
	"33" : [ 1.809666201296806, 1.746888445587538, 1.010096310727518 ],
	"4" : [ 1.977084758981811, 0.028964456169074, 1.347329770576766 ],
	"5" : [ 0.241012880444875, 1.079754151964223, 1.578208508069628 ],
	"6" : [ 0.199389005759157, 1.369528180805228, 1.868965969232292 ],
	"7" : [ 0.093657695734054, 1.340160769540361, 2.0 ],
	"8" : [ 1.778744784037812, 1.684518067445097, 1.057412689589533 ],
	"9" : [ 0.28490805056467, 1.095586045308039, 1.268515214058431 ]
}
