{
	"0" : [ 0.960171199101294, 0.252927224476217, 0.57591750420818 ],
	"1" : [ 1.781871869565234, 0.781151055142959, 0.919480553946129 ],
	"10" : [ 1.987054423241346, 0.896355084722324, 0.860780361306741 ],
	"11" : [ 1.774127659652914, 0.590337540701219, 1.092218138702553 ],
	"12" : [ 1.064972004513347, 0.250056240282619, 1.837733274383461 ],
	"13" : [ 1.066719912406132, 0.046335274181363, 1.797854831311363 ],
	"14" : [ 1.703160742639486, 0.756572092259367, 0.678631929650305 ],
	"15" : [ 1.187383478323659, 0.249575162239401, 0.754215632756621 ],
	"16" : [ 1.194540559710597, 0.118163605849341, 1.666958928508512 ],
	"17" : [ 1.185781567820249, 0.012105094373905, 1.264359242299116 ],
	"18" : [ 1.716584349242962, 0.484748125327465, 1.179317930721555 ],
	"19" : [ 1.762615187954584, 0.511352046806214, 1.193166661958578 ],
	"2" : [ 1.759737603199519, 0.843205100508421, 0.750271939476535 ],
	"20" : [ 1.008587829183688, 0.230869923234159, 1.76489973054686 ],
	"21" : [ 1.069523387455126, 0.105401163571421, 1.824450609753383 ],
	"22" : [ 1.753045342199951, 0.627316239789035, 0.972378530321465 ],
	"23" : [ 0.984757650310658, 0.270266111957378, 1.825823037104821 ],
	"24" : [ 1.077419410661715, 0.0, 1.566940508211228 ],
	"25" : [ 0.928708043032335, 0.220186031940207, 0.732430287084673 ],
	"26" : [ 0.861115998707745, 0.401973353833187, 0.183604235358492 ],
	"27" : [ 1.199327939137829, 0.013018695311063, 1.373139789887276 ],
	"28" : [ 2.0, 0.906055764906649, 0.839188138102496 ],
	"29" : [ 1.753837460618576, 0.799614161195437, 0.89338782621044 ],
	"3" : [ 0.952938731170805, 0.218014171589781, 0.464557074085071 ],
	"30" : [ 1.069431200241552, 0.229895464245039, 0.657901065292795 ],
	"31" : [ 1.691457312065865, 0.559598843993974, 1.040936500967916 ],
	"32" : [ 1.228981082316818, 0.201285044418184, 1.576281375350566 ],
	"33" : [ 1.9869452006534, 0.935858849698961, 0.809066595332483 ],
	"34" : [ 0.899964985153396, 0.259484746367622, 0.415719066602112 ],
	"35" : [ 1.073450759650773, 0.18636505790936, 0.938355375361485 ],
	"36" : [ 1.0077291101275, 0.288874584406332, 1.293469193807744 ],
	"37" : [ 1.164342069875116, 0.052992160232874, 1.354509729585977 ],
	"38" : [ 1.812280083000787, 0.63420742730813, 1.069039826776796 ],
	"39" : [ 1.214342593619076, 0.078646152317547, 1.506669506250991 ],
	"4" : [ 1.090091173157022, 0.044471011320193, 1.165050139577632 ],
	"40" : [ 1.100007295359926, 0.220088771313225, 1.812362867956806 ],
	"41" : [ 1.014886680535154, 0.306559395642012, 1.760928652396644 ],
	"42" : [ 1.633395126347827, 0.806783326715149, 0.696621257864169 ],
	"43" : [ 1.033548679352374, 0.213215199732344, 0.500783650498188 ],
	"44" : [ 1.69035090869712, 0.868662473773995, 0.91375147609277 ],
	"45" : [ 0.008157190412569, 1.990537815264411, 1.978716837273041 ],
	"46" : [ 0.88486527868971, 0.516148402902476, 0.014430202370343 ],
	"47" : [ 0.916223009370892, 0.612118497962338, 0.0 ],
	"48" : [ 0.056499359690779, 1.935077755756292, 1.857898380821315 ],
	"49" : [ 1.180479177827991, 0.628896203652774, 1.195049395896242 ],
	"5" : [ 1.94786542929379, 0.935003806506849, 0.717616276301749 ],
	"50" : [ 1.388593728516751, 0.80731081231276, 0.968474567212493 ],
	"51" : [ 1.218267520535184, 0.30538322485856, 1.010349692227847 ],
	"52" : [ 1.577559761155274, 0.708058738328134, 0.76852816578874 ],
	"53" : [ 1.12593707186217, 0.564478883164481, 1.147341625130212 ],
	"54" : [ 1.300538987897432, 0.582151772123662, 1.054662606910645 ],
	"55" : [ 1.165671309666652, 0.683437818430553, 1.007989282305818 ],
	"56" : [ 1.567160818935122, 0.812625827970584, 0.783533290557411 ],
	"57" : [ 0.94240319767106, 0.509606912625811, 0.075548084310429 ],
	"58" : [ 0.039081654069752, 1.953981155072767, 1.899448694362297 ],
	"59" : [ 0.0, 2.0, 2.0 ],
	"6" : [ 0.871228548157633, 0.281256391188848, 0.525538718393176 ],
	"60" : [ 0.958805367218103, 0.608148787997244, 0.083433568330738 ],
	"61" : [ 0.986676288005146, 0.623606557676156, 0.16661351001757 ],
	"62" : [ 1.345539866717038, 0.737721015125631, 0.986052147747805 ],
	"63" : [ 1.097106895835322, 0.522921788726075, 1.306204803152485 ],
	"64" : [ 0.021107217743181, 1.975331811798797, 1.945667252869832 ],
	"65" : [ 1.517857237712855, 0.587313476975827, 0.957705285621411 ],
	"66" : [ 1.174295860865849, 0.260373566910508, 1.698826306181126 ],
	"67" : [ 1.075630657325573, 0.395352095774475, 1.67463198888654 ],
	"68" : [ 1.455296796293099, 0.82017675844009, 0.859196528280403 ],
	"69" : [ 1.571630542877289, 0.858693927882936, 0.926737594808097 ],
	"7" : [ 1.119701582078864, 0.005569857269407, 1.330105819814011 ],
	"70" : [ 1.020886714039369, 0.656685543773413, 0.314890111294849 ],
	"71" : [ 0.953644076194438, 0.648023763762416, 0.051829822518799 ],
	"72" : [ 1.237594828577502, 0.729492616267317, 1.045032781140406 ],
	"8" : [ 1.750296120245773, 0.667342364712988, 0.938928575472014 ],
	"9" : [ 0.998061530584584, 0.205272734838003, 0.99490369258058 ]
}
