{
	"0" : [ 0.376538367833913, 1.689286723430577 ],
	"1" : [ 0.412145909110963, 0.987848440335837 ],
	"10" : [ 1.63394322046796, 0.051049183520086 ],
	"11" : [ 0.768944433115736, 0.716947735022862 ],
	"12" : [ 1.057589143104827, 0.636654540032996 ],
	"13" : [ 0.085648693095023, 1.208181379808793 ],
	"14" : [ 0.0, 1.621720342191923 ],
	"15" : [ 0.822229535704388, 1.224115104121569 ],
	"16" : [ 1.043896678917921, 1.16031006826843 ],
	"17" : [ 0.197877286777884, 1.868454480067427 ],
	"18" : [ 1.207450389950947, 0.856471641332838 ],
	"19" : [ 1.974274159036178, 0.893046697806179 ],
	"2" : [ 0.904552738751386, 0.282592604428853 ],
	"20" : [ 1.685671957682159, 0.948189985573322 ],
	"21" : [ 1.56221388224969, 0.433160783266164 ],
	"22" : [ 1.481447345207984, 1.007399582896934 ],
	"23" : [ 1.818699541292736, 0.605065380256713 ],
	"3" : [ 2.0, 0.413241923167605 ],
	"4" : [ 1.240944651772677, 1.380935270344249 ],
	"5" : [ 0.080729729018179, 2.0 ],
	"6" : [ 0.257789368413821, 1.399890086617124 ],
	"7" : [ 1.092115856809981, 0.0 ],
	"8" : [ 1.851461818278573, 0.187170162077212 ],
	"9" : [ 1.303959293240247, 0.242432347032293 ]
}
