{
	"0" : [ 1.256984769225639, 0.767028476814707, 1.358544552266935 ],
	"1" : [ 0.9058321348667, 0.890721872565404, 1.172248543634005 ],
	"10" : [ 0.317901895953919, 0.917085509716808, 0.646797268311041 ],
	"11" : [ 0.558950258607047, 0.854179006757669, 0.791386310083994 ],
	"12" : [ 1.058836055437799, 0.943913984498544, 1.244457066627035 ],
	"13" : [ 1.584359859162731, 1.340617888363498, 1.81934266466045 ],
	"14" : [ 0.943687566929176, 0.670866884604174, 0.996305774702564 ],
	"15" : [ 1.042629827304215, 0.353162085220374, 0.840415664743874 ],
	"16" : [ 1.918267944747881, 1.154303711245272, 1.231652994305316 ],
	"17" : [ 1.888336289139262, 1.583778748987791, 1.619267257909608 ],
	"18" : [ 1.185245363510551, 0.120754167206248, 0.641773434439498 ],
	"19" : [ 1.795542910938829, 1.492808321821007, 1.979139246674638 ],
	"2" : [ 1.560857679928628, 1.158099423200531, 2.0 ],
	"20" : [ 1.189232251833685, 0.0, 0.407469933593136 ],
	"21" : [ 1.824474029167939, 1.864103045604004, 1.760686655081097 ],
	"22" : [ 1.791562172732009, 1.856640389306436, 0.330789813946717 ],
	"23" : [ 1.777243526404816, 1.513650099568624, 0.374975165986033 ],
	"24" : [ 1.693096064765024, 1.068051091466014, 0.389018150574896 ],
	"25" : [ 1.382179730100972, 0.733255681773802, 0.0 ],
	"26" : [ 1.866615008261907, 1.96524750289103, 0.462047755840418 ],
	"27" : [ 0.427579449523184, 1.097458811101813, 1.000952629050486 ],
	"28" : [ 0.118236552212094, 1.531895023046074, 0.61822360324723 ],
	"29" : [ 0.240674260227231, 1.692991231234241, 0.429985676125218 ],
	"3" : [ 2.0, 0.794964955524317, 1.386066394743049 ],
	"30" : [ 0.361939471510158, 1.489074992213888, 0.954786375569803 ],
	"31" : [ 0.100786749222321, 2.0, 0.492198128867857 ],
	"32" : [ 0.0, 1.799751906152084, 0.604999773555039 ],
	"33" : [ 0.058070697768222, 1.967749982686296, 0.762448441395856 ],
	"34" : [ 0.19975004866242, 1.762874688822881, 0.762198972014357 ],
	"35" : [ 0.339830777492955, 1.419637326633729, 0.388687735356122 ],
	"36" : [ 0.183576869632292, 1.396610748764089, 0.310518122565304 ],
	"37" : [ 0.465601828269922, 1.277306787038683, 0.755467472156503 ],
	"38" : [ 0.244231379769627, 1.133520605690645, 0.519499513551002 ],
	"39" : [ 1.429870668376021, 1.139264203289248, 1.818903617942175 ],
	"4" : [ 1.959600012191075, 0.944352846198671, 0.947213527781947 ],
	"40" : [ 0.914204050569725, 0.628437208767581, 1.276124949293083 ],
	"41" : [ 1.673156701110957, 1.738573994348207, 1.720145523508273 ],
	"42" : [ 1.73738762979687, 0.935646762730656, 1.464677820342215 ],
	"43" : [ 1.75223752682357, 1.386689759145894, 1.449920517554381 ],
	"44" : [ 1.334387494273954, 0.160797566986233, 0.425388729334555 ],
	"45" : [ 1.789702506069267, 1.729005677855801, 1.919127659006886 ],
	"46" : [ 1.802050408530851, 1.199550313582361, 1.680275044882231 ],
	"47" : [ 1.517545423890458, 0.846565934122695, 0.155234943392258 ],
	"48" : [ 1.882426940651872, 1.726843018641572, 0.60159926321908 ],
	"49" : [ 1.925128099173958, 0.749170303019186, 1.151130421297913 ],
	"5" : [ 1.918617999984925, 1.65830790570169, 1.261695354893878 ],
	"50" : [ 1.883844175545601, 0.810411366222822, 1.651014460721974 ],
	"51" : [ 1.508069583527333, 1.007626724432605, 1.636585772217798 ],
	"52" : [ 1.959690645005185, 1.030023043786358, 1.522045047932072 ],
	"53" : [ 1.83789354170185, 1.215323395085335, 0.650910513858153 ],
	"54" : [ 1.842010089610546, 1.540033489409201, 0.908484050887232 ],
	"55" : [ 1.735446459153808, 1.388554054268309, 0.660050265109972 ],
	"56" : [ 1.69559429211207, 1.710048583432354, 0.567466614618925 ],
	"57" : [ 1.569976043550581, 1.370147552702275, 0.129980539654416 ],
	"58" : [ 1.618516919805715, 1.596287206079484, 0.290432866085593 ],
	"59" : [ 1.387831147004286, 1.026654133891637, 0.032538175677657 ],
	"6" : [ 1.242038794560807, 0.952867191756504, 1.506902064212594 ],
	"60" : [ 1.25963354114702, 0.628917562289564, 0.095247182336832 ],
	"61" : [ 1.095653847980798, 0.452679975297764, 0.210798778630421 ],
	"62" : [ 0.972093558659037, 0.409892344762573, 0.143624559460234 ],
	"63" : [ 0.839465348079241, 0.374806563998224, 0.411799774239696 ],
	"64" : [ 0.744339892587272, 0.604500634179005, 0.6252271167045 ],
	"65" : [ 0.304695813842589, 1.138438366351684, 0.89291110842764 ],
	"66" : [ 0.453222834628456, 0.789220917760746, 0.49545464963198 ],
	"67" : [ 1.012695618785842, 0.199340671279029, 0.407337545946927 ],
	"68" : [ 0.980908068433196, 0.424956243767586, 0.532241076904406 ],
	"7" : [ 1.109744648045369, 0.58665753701418, 1.261501638448522 ],
	"8" : [ 0.774172525039023, 0.863130395900237, 1.186016935655983 ],
	"9" : [ 0.563706020608885, 1.033791991355026, 1.058616894349764 ]
}
