{
	"0" : [ 0.956804058877829, 0.011319327240952, 0.680553244691758 ],
	"1" : [ 1.0, 0.008076880206691, 0.623406140118268 ],
	"10" : [ 0.478800355196708, 0.683150093728761, 0.64447862647811 ],
	"11" : [ 0.883487887998381, 0.653447126525308, 0.400943299757484 ],
	"12" : [ 0.331460221148278, 0.624595847962598, 0.823866510550231 ],
	"13" : [ 0.88232739402344, 0.540416671056291, 0.241712793657678 ],
	"14" : [ 0.248015537599502, 0.568024815884108, 0.661711209894184 ],
	"15" : [ 0.27880680025549, 0.592220582057722, 0.758366657121421 ],
	"16" : [ 0.838310989402307, 0.680677626719303, 0.31208392682223 ],
	"17" : [ 0.898337970145802, 0.625674012550518, 0.317375545759497 ],
	"18" : [ 0.060535981769184, 0.425431758255525, 0.166525257270661 ],
	"19" : [ 0.027624359642019, 0.420956523886508, 0.148808126281426 ],
	"2" : [ 0.976785508279937, 0.008853375411818, 0.657198493174465 ],
	"20" : [ 0.684277113381379, 0.911960805132539, 0.288427579961093 ],
	"21" : [ 0.037728496839652, 0.437950956926478, 0.037968472885241 ],
	"22" : [ 0.022002962042148, 0.413125996702067, 0.047388884017341 ],
	"23" : [ 0.112659337979176, 0.483183372871424, 0.217593369273103 ],
	"24" : [ 0.350238822095813, 0.621865817474163, 1.0 ],
	"25" : [ 0.699552973152787, 1.0, 0.352520427124064 ],
	"26" : [ 0.735355621180356, 0.903986632216501, 0.298816068071696 ],
	"27" : [ 0.860453330909886, 0.749160245301613, 0.456853142809002 ],
	"28" : [ 0.677429220769554, 0.971010857929992, 0.325998869905079 ],
	"29" : [ 0.0, 0.441567098991388, 0.041888318362886 ],
	"3" : [ 0.993238464051055, 0.0, 0.637223281887272 ],
	"30" : [ 0.348483912132448, 0.623727140717991, 0.968940483918049 ],
	"31" : [ 0.720928259975958, 0.741520575655245, 0.46718333969585 ],
	"32" : [ 0.743258255786245, 0.715285399781259, 0.44724600273074 ],
	"33" : [ 0.755403657524023, 0.724146392589805, 0.465386285216831 ],
	"34" : [ 0.745291731616734, 0.962620999699738, 0.393613149151708 ],
	"35" : [ 0.80651279321789, 0.883458796084102, 0.377073901657126 ],
	"36" : [ 0.886378956249467, 0.655352817944919, 0.338668608997836 ],
	"37" : [ 0.09769079876009, 0.463236780984373, 0.205138825890214 ],
	"38" : [ 0.164114871661297, 0.484553555286584, 0.361983970214547 ],
	"39" : [ 0.172714667838573, 0.52603657434785, 0.365155836816549 ],
	"4" : [ 0.885205556126149, 0.757601938140886, 0.41779566804898 ],
	"40" : [ 0.842252052596742, 0.552942814169297, 0.252579841453704 ],
	"41" : [ 0.767241476095041, 0.872208321222288, 0.274334454169803 ],
	"42" : [ 0.739673790253778, 0.895769689035022, 0.255212360422983 ],
	"43" : [ 0.698922808115802, 0.925468008120211, 0.266531175747933 ],
	"44" : [ 0.680873836315505, 0.925119575757688, 0.330950272398753 ],
	"45" : [ 0.733546027555453, 0.991360276476997, 0.356693905749674 ],
	"46" : [ 0.718384407994623, 0.997391961837093, 0.388577894192023 ],
	"47" : [ 0.372333661267296, 0.641216194961411, 0.976186870989699 ],
	"48" : [ 0.67437156085707, 0.984384573464011, 0.424964357189031 ],
	"49" : [ 0.613417554532242, 0.739953566270933, 0.570275728713375 ],
	"5" : [ 0.97275654006026, 0.014524539258779, 0.660708980536202 ],
	"50" : [ 0.865698720195984, 0.629452876536294, 0.321706351856731 ],
	"51" : [ 0.912913300338907, 0.612699180676862, 0.337148667736502 ],
	"52" : [ 0.848503780307599, 0.717795159071444, 0.466082200514222 ],
	"53" : [ 0.650398296206656, 0.754668055345642, 0.519895682822173 ],
	"54" : [ 0.044822743237099, 0.41756613438991, 0.116063197862922 ],
	"55" : [ 0.001138251645063, 0.413921912068221, 0.08539932635922 ],
	"56" : [ 0.674980941739582, 0.968940381392294, 0.375486645110943 ],
	"57" : [ 0.15602530437739, 0.460870417523493, 0.398251368488564 ],
	"58" : [ 0.359308931385772, 0.644119694294629, 0.798793975826074 ],
	"59" : [ 0.438918780832594, 0.690317839391621, 0.787198485444505 ],
	"6" : [ 0.971841804608363, 0.036694334276493, 0.638195863271284 ],
	"60" : [ 0.020232913061282, 0.443972122612371, 0.0 ],
	"61" : [ 0.481173350357302, 0.707934610064075, 0.701965401750426 ],
	"62" : [ 0.528641281014255, 0.731015820095512, 0.674149390934942 ],
	"63" : [ 0.849272807920796, 0.568477252684973, 0.278451759594354 ],
	"64" : [ 0.191221690126682, 0.498202278320029, 0.465819161384252 ],
	"65" : [ 0.794790319174176, 0.84627451592877, 0.29617654371112 ],
	"66" : [ 0.775913456088806, 0.917942660731128, 0.368324549390752 ],
	"67" : [ 0.141859756865903, 0.491089700938431, 0.289859322490466 ],
	"68" : [ 0.08845092530148, 0.472191825628188, 0.166040256727647 ],
	"69" : [ 0.333245915039311, 0.60666982709069, 0.993921212274324 ],
	"7" : [ 0.988557985556455, 0.05726840880183, 0.602483110037903 ],
	"70" : [ 0.260877713526272, 0.579157350776605, 0.682549088327346 ],
	"71" : [ 0.200328287389055, 0.536119180335044, 0.485237499718768 ],
	"72" : [ 0.300594269970618, 0.602219292711192, 0.711126672850265 ],
	"73" : [ 0.89032380909089, 0.548929439245603, 0.238475761607956 ],
	"74" : [ 0.899398346929811, 0.575469433642869, 0.270146187281388 ],
	"75" : [ 0.162841142245965, 0.512036402367776, 0.32772574405792 ],
	"76" : [ 0.458921064425279, 0.677936111455858, 0.655534860402415 ],
	"77" : [ 0.485234947103032, 0.715996044114265, 0.743845028457914 ],
	"78" : [ 0.874355208025504, 0.734489351667486, 0.44210852436439 ],
	"8" : [ 0.917525375212018, 0.609053611307867, 0.418145074345717 ],
	"9" : [ 0.23306774707263, 0.561313239736725, 0.622000440500034 ]
}
