{
	"0" : [ 0.981234303688706, 0.836429764558923, 0.524409953465801 ],
	"1" : [ 1.0, 0.866834148132768, 0.45916099394935 ],
	"10" : [ 0.314494052533922, 0.821379493684266, 0.581189818451146 ],
	"11" : [ 0.346534217831941, 0.959344428490041, 0.351558596572802 ],
	"12" : [ 0.342127264303165, 0.857159679892428, 0.973334561910249 ],
	"13" : [ 0.256079745545339, 0.483866750070868, 0.832653733256274 ],
	"14" : [ 0.062615751951061, 0.0, 0.154371315133587 ],
	"15" : [ 0.937800610456751, 0.799901112485023, 0.467159492777312 ],
	"16" : [ 0.331586872707256, 0.798205718615482, 0.789090388034097 ],
	"17" : [ 0.392849642375041, 0.88702656535484, 0.272059824982869 ],
	"18" : [ 0.368616742469747, 0.827497898837778, 0.296705757087106 ],
	"19" : [ 0.295785920773996, 0.523185360564839, 0.639949460196054 ],
	"2" : [ 0.344942187358899, 0.960822346082322, 0.85178545020309 ],
	"20" : [ 0.40627560698234, 0.75146214066986, 0.925183615369096 ],
	"21" : [ 0.299049075078396, 0.654228688398013, 1.0 ],
	"22" : [ 0.379551137927067, 0.966732343567056, 0.667821227268289 ],
	"23" : [ 0.006113519892102, 0.046330934834346, 0.0 ],
	"24" : [ 0.258761046589998, 0.513733843123, 0.695532531176487 ],
	"25" : [ 0.277658932875656, 0.57871567550133, 0.962043896648759 ],
	"26" : [ 0.408099429333063, 0.850671072280367, 0.842810908663963 ],
	"27" : [ 0.314503273057309, 0.946653964472974, 0.506240488638603 ],
	"28" : [ 0.386527514843477, 0.795424150391069, 0.488836769326351 ],
	"29" : [ 0.36227660420559, 0.684316209121234, 0.872383811887782 ],
	"3" : [ 0.319215322463086, 1.0, 0.658543454035971 ],
	"30" : [ 0.979829354758062, 0.859077292338599, 0.404602352077138 ],
	"31" : [ 0.029442861948143, 0.012594992403058, 0.061017113817668 ],
	"32" : [ 0.0, 0.117367558568913, 0.030689349884933 ],
	"33" : [ 0.03360985567843, 0.067733612386097, 0.105844306329136 ],
	"34" : [ 0.036094866845813, 0.127150731667432, 0.142545098054517 ],
	"4" : [ 0.948202707447577, 0.840916983749931, 0.290096369892943 ],
	"5" : [ 0.92426260805574, 0.822200549699681, 0.341723296010971 ],
	"6" : [ 0.441138485077505, 0.875632734102274, 0.45786897565856 ],
	"7" : [ 0.431011624202972, 0.938270286277406, 0.603415298185375 ],
	"8" : [ 0.341190177919937, 0.64240019155374, 0.604466682034394 ],
	"9" : [ 0.408371056036837, 0.78088000204063, 0.767025656393328 ]
}
