{
	"0" : [ 0.44042391974453, 2.69184860961238, 1.42042840384472 ],
	"1" : [ 0.674285714247941, 2.775935723147906, 1.466211869027498 ],
	"10" : [ 0.407608677366989, 1.361378846944867, 0.540548549277199 ],
	"11" : [ 0.2848240446907, 0.421830711631032, 1.283158380056761 ],
	"12" : [ 0.243385311557017, 0.500058047214621, 0.531867592190039 ],
	"13" : [ 0.17742951870678, 1.260063363782452, 0.392144311759204 ],
	"14" : [ 0.0, 1.297782198414196, 0.468967506086495 ],
	"15" : [ 0.287465137033101, 2.714597107789642, 0.101343479083069 ],
	"16" : [ 0.317958025652803, 2.966114907142372, 0.318332978597206 ],
	"17" : [ 0.361171099154948, 3.0, 0.508972941693963 ],
	"18" : [ 0.421114414398535, 2.666070664731086, 0.250926305023211 ],
	"19" : [ 0.483001847465327, 2.265776234795384, 0.103787941535174 ],
	"2" : [ 0.35667579092562, 2.038890089360321, 1.660554787586938 ],
	"20" : [ 0.38746124194525, 1.770523129127787, 0.056571565188568 ],
	"21" : [ 0.678110218385885, 1.772277554012064, 0.0 ],
	"22" : [ 0.174918816849859, 0.493809373882916, 0.932985846563106 ],
	"23" : [ 0.614733567391169, 0.165886088797792, 1.859703513426291 ],
	"24" : [ 0.392290503619929, 0.0, 0.86199324264995 ],
	"25" : [ 0.370679952547719, 0.286488376984769, 1.537729417411797 ],
	"26" : [ 0.632931092372583, 0.119061998188607, 0.490861396913777 ],
	"27" : [ 0.633465553610038, 0.524161495182337, 0.110194989570817 ],
	"28" : [ 0.814327288977197, 0.733521956509318, 0.171441015168988 ],
	"29" : [ 0.708469968344423, 1.113349472465386, 0.082886788455366 ],
	"3" : [ 0.505240246920489, 2.756020138247258, 1.137146783774986 ],
	"30" : [ 0.831082394574678, 0.163459374139152, 0.696519202528707 ],
	"31" : [ 0.645235256587694, 0.174555793605285, 1.115255210454197 ],
	"32" : [ 0.574363393856182, 0.92846783222809, 2.299363849566836 ],
	"33" : [ 0.64098841665811, 0.397743720283119, 2.392159173262999 ],
	"34" : [ 0.566798733478925, 1.693166457474882, 2.589272957169639 ],
	"35" : [ 0.495225332522263, 1.421848798618216, 1.136453685551856 ],
	"36" : [ 0.887182046735021, 0.724776369186432, 2.259897772063108 ],
	"37" : [ 0.587111996807092, 0.847117870371607, 3.0 ],
	"38" : [ 0.801583678666519, 1.815487586984113, 2.392626442633348 ],
	"39" : [ 1.53484519891758, 1.874026428691143, 0.917048948047679 ],
	"4" : [ 1.031512130060946, 0.928202515136723, 0.646479331975807 ],
	"40" : [ 0.736295365197585, 0.898014348435426, 2.729517857050633 ],
	"41" : [ 0.545382965161389, 0.535423033607254, 2.804327216550194 ],
	"42" : [ 0.83665638931573, 2.209106138065229, 2.01295059681486 ],
	"43" : [ 1.614932081292816, 1.565869133433964, 0.702979440423417 ],
	"44" : [ 0.875575614243422, 1.040561432277519, 2.322470344150171 ],
	"45" : [ 0.477930034484895, 0.926678979257715, 2.857308222718892 ],
	"46" : [ 0.941427936929393, 2.373302698381688, 1.637712254573309 ],
	"47" : [ 1.699380117680557, 2.135945017397544, 0.93255161491048 ],
	"48" : [ 1.841161960850925, 1.189574966720334, 0.664477380431194 ],
	"49" : [ 1.694729708054909, 1.12025483080029, 0.902260692060963 ],
	"5" : [ 1.176893692164605, 0.373873076686243, 0.666538190814268 ],
	"50" : [ 1.269725015806352, 0.541989599002927, 1.213414835781409 ],
	"51" : [ 1.338280452774681, 1.012503499166135, 1.005760715024642 ],
	"52" : [ 1.418449521340714, 0.635168023183566, 0.692728221267886 ],
	"53" : [ 1.309100890930829, 1.907481424692566, 1.216165034434454 ],
	"54" : [ 2.708496550161825, 2.621378815417526, 1.320688321867183 ],
	"55" : [ 2.489084091442726, 2.319715817646349, 1.460151517830187 ],
	"56" : [ 2.842425331075546, 2.5415389389138, 1.647868090258835 ],
	"57" : [ 2.122893366282385, 2.092101839977606, 1.178844401852643 ],
	"58" : [ 2.698642598930253, 2.605605177452332, 1.022188329568247 ],
	"59" : [ 2.471218427831773, 2.49408720233693, 1.096223119905756 ],
	"6" : [ 0.332515444037749, 1.047872304870227, 0.854279526123952 ],
	"60" : [ 2.526454938854057, 1.610275895450425, 0.963877817850651 ],
	"61" : [ 2.142440794133539, 1.365385634812743, 1.192292110491457 ],
	"62" : [ 2.449698171514386, 1.420651264436404, 1.471598644926728 ],
	"63" : [ 2.598748266654999, 1.698099284948093, 1.478334622370658 ],
	"64" : [ 2.894929465194057, 2.211861419700409, 1.769591588246763 ],
	"65" : [ 2.196337762891362, 1.873717637478381, 0.936725347280823 ],
	"66" : [ 2.757317657459776, 1.711258047835446, 1.660037339292124 ],
	"67" : [ 2.458586119671385, 1.899837220289173, 1.300195770908532 ],
	"68" : [ 2.980787521588834, 1.749332121265454, 1.562860752673539 ],
	"69" : [ 2.81724549586247, 1.459760577226366, 1.322189383837544 ],
	"7" : [ 0.850127080689313, 0.526019503013126, 0.957449184622237 ],
	"70" : [ 2.666257771262401, 1.452996237205977, 1.101705787119413 ],
	"71" : [ 2.911463123629085, 1.758688696160104, 1.150839380440523 ],
	"72" : [ 3.0, 2.122065119309831, 1.45389913220028 ],
	"73" : [ 2.569019386515458, 1.008076100498387, 1.128798537754144 ],
	"74" : [ 2.2839045126153, 1.114774325647056, 0.908757154611804 ],
	"75" : [ 1.589487959301659, 0.824176066781224, 0.608750630982182 ],
	"76" : [ 0.808178544648922, 1.457988348903076, 2.551679617987253 ],
	"77" : [ 0.930396712018397, 0.569732825201162, 1.975515960772145 ],
	"78" : [ 1.49975681062918, 0.380684496918071, 0.943012572816957 ],
	"79" : [ 1.015915012540813, 0.415647879644436, 1.463171131266881 ],
	"8" : [ 0.525462356821428, 0.764051525499275, 0.849027578908879 ],
	"9" : [ 0.064588659146284, 0.918726611905731, 0.67568794824859 ]
}
