{
	"0" : [ 0.806734343212041, 1.902582281026548, 1.570848514855419 ],
	"1" : [ 1.86599516702827, 1.788822577269628, 0.0 ],
	"10" : [ 0.938642519746278, 1.243352620609586, 1.332527911989654 ],
	"11" : [ 1.039314812747597, 0.553846226232857, 1.199256158258813 ],
	"12" : [ 0.816919328572588, 0.75761188415249, 1.132332595833064 ],
	"13" : [ 0.778289914185399, 0.168679469228104, 1.292065104982282 ],
	"14" : [ 1.828636251011044, 2.0, 0.247109588195327 ],
	"15" : [ 0.722457686899129, 0.085650998076686, 1.209242631157774 ],
	"16" : [ 0.0, 1.261007403108714, 1.877982181113714 ],
	"17" : [ 0.023172526911914, 1.45277020943898, 1.759363289249157 ],
	"18" : [ 1.750248997871274, 1.13197588113119, 0.380952458923106 ],
	"19" : [ 0.938321979840084, 1.906774877257242, 1.324158681814889 ],
	"2" : [ 0.218083522221504, 1.287037024469711, 2.0 ],
	"20" : [ 1.105524951848616, 1.485265563745857, 1.073848224513672 ],
	"21" : [ 1.820290458371846, 1.127501572840353, 0.679400442686731 ],
	"22" : [ 0.323414260806654, 1.683840062662155, 1.636561829961546 ],
	"23" : [ 0.523950807200891, 1.405955367235291, 1.726567806677797 ],
	"24" : [ 1.260808093436906, 1.002887904358304, 0.993985058579595 ],
	"25" : [ 1.166017204822199, 0.784589834307287, 1.333363986551164 ],
	"26" : [ 1.978103469335458, 1.561090417755081, 0.172837192042802 ],
	"27" : [ 0.644095537774246, 1.800125362834756, 1.610787915722899 ],
	"3" : [ 1.91722515112882, 1.082256896351574, 0.475556545774751 ],
	"4" : [ 0.19408786072741, 1.22234469999981, 1.759646650279245 ],
	"5" : [ 1.645318658751298, 1.313000764302515, 0.681355360395423 ],
	"6" : [ 1.558704823875846, 0.924912953541311, 0.721394580883107 ],
	"7" : [ 1.4424779300911, 1.712309745286394, 0.747883278837688 ],
	"8" : [ 0.918921388940385, 0.0, 1.370741973056521 ],
	"9" : [ 2.0, 1.925047570677979, 0.084639313503633 ]
}
