{
	"0" : [ 0.0, 3.133470454945813, 3.432650590405288 ],
	"1" : [ 0.657807998086345, 3.355414811917002, 2.118079533311357 ],
	"10" : [ 3.810114625625499, 2.987480836385523, 2.480437222479206 ],
	"11" : [ 0.495538967260869, 0.295676016166384, 1.729618358463833 ],
	"12" : [ 0.655722728638991, 4.0, 2.157337232904477 ],
	"13" : [ 3.761195294710129, 2.833121968966135, 1.882243760732365 ],
	"14" : [ 0.537569715256437, 0.048906897289208, 1.041327942729771 ],
	"15" : [ 0.275329101259638, 3.645953678869934, 3.535407806685698 ],
	"16" : [ 0.182215600444026, 3.506278010354625, 3.375242494374457 ],
	"17" : [ 0.308752609333519, 3.560469215546325, 1.961506826988978 ],
	"18" : [ 3.811099971841181, 2.72166599723739, 2.770466340592359 ],
	"19" : [ 0.155207745041939, 3.176918823137719, 3.962057311950798 ],
	"2" : [ 0.738040986031875, 3.49912693969845, 2.414037344715775 ],
	"20" : [ 0.21157608707945, 3.455772322809821, 4.0 ],
	"21" : [ 0.662941989574886, 0.342345263427605, 2.16025415552354 ],
	"22" : [ 0.487595869731355, 3.613501292620348, 2.343440769461449 ],
	"23" : [ 4.0, 2.777854596434796, 2.597073733120645 ],
	"24" : [ 0.742699096396307, 0.249209917052172, 1.450331543171248 ],
	"25" : [ 0.35116768559637, 3.292097688617671, 2.315914293959419 ],
	"26" : [ 0.340625353899462, 3.739514328068878, 1.532908471042566 ],
	"27" : [ 3.648679297851273, 2.945534799234045, 2.415543763758924 ],
	"28" : [ 0.34322391316109, 3.168126992053616, 3.8969054115363 ],
	"29" : [ 3.366785399515711, 2.76644258210626, 2.363173859544344 ],
	"3" : [ 3.989546314486527, 2.543347175600974, 2.610813584488071 ],
	"30" : [ 0.643085275177855, 3.770957275688844, 3.621851562076289 ],
	"31" : [ 3.583583207131839, 2.553152912232346, 2.827969783557581 ],
	"32" : [ 0.488934072331696, 3.480479877055168, 3.765785202777765 ],
	"33" : [ 0.431401147348166, 3.096221863945483, 2.982373841611464 ],
	"34" : [ 3.597944893471992, 2.780691215688344, 2.870905189125861 ],
	"35" : [ 0.660219802017587, 0.070794701833577, 0.647267927353837 ],
	"36" : [ 0.079563246210606, 2.853108623575393, 3.412052577417187 ],
	"37" : [ 0.559086708633518, 3.887078996234075, 1.905276471646496 ],
	"38" : [ 3.772584354118073, 2.51855723397729, 2.558855591862019 ],
	"39" : [ 0.607430097169487, 0.215362089479237, 1.046037796963491 ],
	"4" : [ 0.567248580961303, 0.123424749881861, 1.832471507933393 ],
	"40" : [ 0.237146039388279, 3.210959197662888, 2.880500817126492 ],
	"41" : [ 0.660860401167474, 3.900335384755944, 1.500472116673961 ],
	"42" : [ 3.376317036675561, 2.782493786202709, 1.75604229457249 ],
	"43" : [ 0.896125450936261, 3.825944890732193, 2.640320790671706 ],
	"44" : [ 0.797158978469189, 3.743174815580328, 3.158543668571284 ],
	"45" : [ 1.032218137538321, 3.580101939067467, 2.825859911003167 ],
	"46" : [ 0.738792470858635, 3.904454039539238, 3.181744335971353 ],
	"47" : [ 1.315256305697468, 3.435963482711682, 1.853352572973465 ],
	"48" : [ 0.80089837556324, 3.94257291656453, 2.207501359737635 ],
	"49" : [ 3.559613676916638, 2.768038732867146, 1.837971009728808 ],
	"5" : [ 0.01362984008481, 2.85458436697885, 3.874054951404013 ],
	"50" : [ 1.145202764786789, 3.392655966131744, 0.68277217566954 ],
	"51" : [ 1.272354457281935, 3.573970278579132, 0.626442172238657 ],
	"52" : [ 0.973634536769909, 3.598136549609305, 0.612266814516357 ],
	"53" : [ 1.123351024751755, 3.663431291262203, 0.687979351587271 ],
	"54" : [ 1.233243126502635, 3.433130646316476, 0.0 ],
	"55" : [ 3.926169203275989, 2.983643681004217, 2.760369938902849 ],
	"56" : [ 1.131429243270464, 3.736551962709674, 2.20030776978008 ],
	"57" : [ 1.065407203854178, 3.884675547980725, 2.129159930074549 ],
	"58" : [ 0.938799888443381, 3.864400231646066, 1.539967251036049 ],
	"59" : [ 1.133239444679066, 3.614865347872016, 1.522642504358231 ],
	"6" : [ 0.246261042007369, 3.825251276555807, 1.768535156631236 ],
	"60" : [ 3.969153375485803, 2.858921609605787, 1.997582544011789 ],
	"61" : [ 1.169830852856867, 3.570040048122836, 0.160901612938881 ],
	"62" : [ 1.324875348070101, 3.357033575376132, 0.331612264521403 ],
	"63" : [ 3.916358247461111, 3.064561251852044, 2.329748002719706 ],
	"64" : [ 0.723710822078069, 0.072887130563479, 1.10651436762664 ],
	"65" : [ 0.254917760395402, 2.846133663852197, 3.746660877554886 ],
	"66" : [ 0.354277758556174, 3.590669136322008, 2.689585042029505 ],
	"67" : [ 3.910944054248877, 2.61824648714328, 2.141852235366549 ],
	"68" : [ 0.609299575608527, 0.0, 1.403698692929032 ],
	"69" : [ 0.048126946920797, 2.651884036265109, 3.791943733075496 ],
	"7" : [ 3.436963292368901, 2.676580003690586, 2.194064865649766 ],
	"70" : [ 0.224502086490593, 3.729765388649609, 2.124984270769378 ],
	"8" : [ 0.717552272399205, 0.137469854532798, 1.801193241264537 ],
	"9" : [ 0.139585605877605, 3.383752614979375, 3.043721722799051 ]
}
