{
	"0" : [ 0.344314160822064, 1.189545445745131, 1.33866287829943 ],
	"1" : [ 0.432351281433725, 1.346152819335259, 1.681263743708972 ],
	"10" : [ 1.099262535451031, 0.092378457859218, 0.0 ],
	"11" : [ 1.787775231683176, 1.919350461776363, 1.742567690268922 ],
	"12" : [ 1.891769100274825, 2.0, 1.940436907028861 ],
	"13" : [ 2.0, 1.985588336536994, 1.674152084384839 ],
	"14" : [ 1.193108101887856, 0.100258220947646, 0.135605895233828 ],
	"15" : [ 1.095798463997902, 0.18862556975322, 0.242635063095422 ],
	"16" : [ 0.218040316113317, 1.290840325883757, 1.574738420114798 ],
	"17" : [ 0.578673169926203, 1.284302479579187, 1.150707104227932 ],
	"18" : [ 0.709025997731598, 1.226729606957554, 1.097892418758796 ],
	"19" : [ 0.178612552457544, 1.193111065784291, 1.176238134597599 ],
	"2" : [ 0.597247251371882, 1.394450160590104, 1.370852247059419 ],
	"20" : [ 0.0, 1.215414307943445, 1.184197239427902 ],
	"21" : [ 0.114759386055949, 1.372826542551558, 1.392001933570547 ],
	"22" : [ 0.174477361012584, 1.493664487987365, 1.625991711624015 ],
	"23" : [ 0.037580609463687, 1.278833324499509, 1.111156356491817 ],
	"24" : [ 0.35763784382387, 1.520815716753723, 1.612108441618592 ],
	"25" : [ 1.18923226561045, 1.867712801427484, 1.537050431108599 ],
	"26" : [ 0.520530452984781, 1.595044800088186, 1.614200169527593 ],
	"27" : [ 1.276996171320796, 1.795421436564638, 1.760336030933973 ],
	"28" : [ 0.843698234875589, 1.156272312539942, 1.118218879696018 ],
	"29" : [ 0.836867789411969, 1.280706444904775, 1.34883968807183 ],
	"3" : [ 1.621725860503431, 1.892049758278413, 1.606523661713107 ],
	"4" : [ 1.428130878871281, 1.903062951670556, 1.677965113036512 ],
	"5" : [ 1.930717456931309, 1.903741620792275, 1.835321542297984 ],
	"6" : [ 1.139158602794183, 0.0, 0.21276713925699 ],
	"7" : [ 1.423275115736401, 1.886346182625962, 1.991820673872236 ],
	"8" : [ 1.629967869084418, 1.897954161034397, 2.0 ],
	"9" : [ 1.504687452720548, 1.977401851714377, 1.946076256189803 ]
}
