{
	"0" : [ 0.373803248246227, 2.408253564371163, 2.64495680635588 ],
	"1" : [ 0.585450574881245, 2.327596168853341, 3.0 ],
	"10" : [ 0.626848857319176, 3.0, 0.965491371248682 ],
	"11" : [ 2.528188735494384, 2.446391582303401, 1.48147417500421 ],
	"12" : [ 1.012389106246892, 1.222946984143076, 0.0 ],
	"13" : [ 1.244285353737252, 0.451232521969014, 1.050894342723188 ],
	"14" : [ 0.553626960640714, 1.050173613072387, 2.090667851648229 ],
	"15" : [ 0.638135050281297, 1.926665130760691, 0.137698417347986 ],
	"16" : [ 0.569981266979056, 2.854223055277151, 0.708929920134595 ],
	"17" : [ 0.243829817430591, 1.96503929405453, 1.41964847137961 ],
	"18" : [ 1.338060893661939, 1.348872708654947, 0.218948952113316 ],
	"19" : [ 1.042143064252273, 0.0, 1.491953846744299 ],
	"2" : [ 0.275210839061777, 1.823700831576482, 2.072916667733902 ],
	"20" : [ 1.745625768257062, 1.552074697830939, 1.384404975778443 ],
	"21" : [ 0.577748350632994, 1.903279125816549, 0.579713995731258 ],
	"22" : [ 0.361625363197685, 2.394872129378597, 2.258327203012441 ],
	"23" : [ 0.764959284827095, 1.520650853979395, 0.336873445041558 ],
	"24" : [ 0.617502397913012, 2.548097367427296, 1.029670525823793 ],
	"25" : [ 0.146158224165351, 2.007461957649933, 0.573618938457143 ],
	"26" : [ 0.913890659691593, 0.812156191311095, 0.237257116621228 ],
	"27" : [ 0.403516755334443, 2.975260149876535, 0.492246517341742 ],
	"28" : [ 1.123089349309051, 1.667758114960821, 0.205497568214975 ],
	"29" : [ 1.152341919424585, 0.396765741117135, 1.805189304125989 ],
	"3" : [ 0.258977845098387, 0.941371374150323, 1.593160857410005 ],
	"30" : [ 0.511900046904555, 2.521632601532244, 2.805935545178103 ],
	"31" : [ 1.581303689552827, 0.77048780511744, 1.105103704829665 ],
	"32" : [ 0.725423571334925, 2.567069628586494, 2.645680633205253 ],
	"33" : [ 2.192176581814334, 1.425693990543107, 1.471206083360248 ],
	"34" : [ 0.571397516586892, 1.953592670015785, 2.806419204061435 ],
	"35" : [ 1.565281408780457, 0.41950543060261, 1.134976252287597 ],
	"36" : [ 3.0, 2.312334287783709, 1.765718308828888 ],
	"37" : [ 2.846757619838337, 2.524635490912637, 1.878571410478386 ],
	"38" : [ 2.806553654720847, 2.586226522040679, 1.682437335992062 ],
	"39" : [ 2.67152829139954, 2.353144585667866, 1.848724843957921 ],
	"4" : [ 1.715504924967172, 1.683762391057903, 0.527905308967544 ],
	"40" : [ 2.640035573916965, 2.07218678615033, 1.254777772892447 ],
	"41" : [ 1.141740030431303, 0.687422823441182, 1.961526324530569 ],
	"42" : [ 1.538198520886241, 2.53735138021809, 1.944738868664393 ],
	"43" : [ 2.375845969517432, 2.137106786228331, 1.660524276777909 ],
	"44" : [ 0.726718297238976, 0.185875790565755, 1.714650045338938 ],
	"45" : [ 0.795041806995203, 2.482961091497539, 1.865670462598592 ],
	"46" : [ 2.748091237042246, 1.972336908172947, 1.478441656905646 ],
	"47" : [ 2.678667689991483, 1.968457352492803, 1.732617197841356 ],
	"48" : [ 0.719355363771476, 2.609315498961492, 0.559045690268872 ],
	"49" : [ 0.431832801565766, 1.361650269333871, 0.349117171356961 ],
	"5" : [ 0.457727249616181, 1.466286011129179, 1.881496255061221 ],
	"50" : [ 1.065359397724658, 0.167001871538035, 1.304304055896345 ],
	"51" : [ 0.457042375934945, 0.871832076476483, 0.780530998370771 ],
	"52" : [ 0.304081590033454, 1.118339913825214, 1.266649953806208 ],
	"53" : [ 0.118342035838645, 2.761100778117591, 0.407901163249946 ],
	"54" : [ 0.141777304006031, 2.337733256462213, 0.369603511062609 ],
	"55" : [ 1.311138382796775, 0.67259453876467, 0.549373141210649 ],
	"56" : [ 2.172645022902961, 1.779518177841156, 1.015317951776281 ],
	"57" : [ 0.719603926675333, 2.122575947972265, 2.330246863345957 ],
	"58" : [ 1.316854710340764, 2.318879768654329, 1.956840221289406 ],
	"59" : [ 0.879500787270693, 0.361897692810466, 1.462594906514385 ],
	"6" : [ 0.448491806227144, 1.353115934797479, 0.980677389918155 ],
	"60" : [ 1.022528209085883, 2.195248126048531, 1.195562844178436 ],
	"61" : [ 1.068476133140829, 1.141316209548396, 0.566204833461074 ],
	"62" : [ 0.717515807710278, 0.601082361375737, 1.942259974415543 ],
	"7" : [ 0.0, 2.632666181554636, 0.624404053758123 ],
	"8" : [ 0.667800212166266, 1.609578307481507, 1.124938113109508 ],
	"9" : [ 1.362714308365814, 1.847881120275253, 0.767063940561302 ]
}
