{
	"0" : [ 1.092128194188567, 0.536442480193904 ],
	"1" : [ 1.112842569613618, 0.241621515401635 ],
	"10" : [ 0.187746687676872, 0.860896638958713 ],
	"11" : [ 0.127344316075171, 0.708048177901306 ],
	"12" : [ 1.154803720100664, 0.273445392084695 ],
	"13" : [ 1.554903555895831, 1.95646542098796 ],
	"14" : [ 1.202718523262165, 0.209829850893864 ],
	"15" : [ 1.355493267298754, 0.144432897788809 ],
	"16" : [ 1.631440498822004, 1.617153572599813 ],
	"17" : [ 1.649213822967714, 1.786477285542087 ],
	"18" : [ 1.537830277324883, 0.204562435030269 ],
	"19" : [ 1.633196569222381, 1.930087911081649 ],
	"2" : [ 1.570823224726981, 2.0 ],
	"20" : [ 1.550520142325497, 0.216396772977642 ],
	"21" : [ 1.718115960917428, 1.889340755645741 ],
	"22" : [ 1.796617909369074, 1.086593139506272 ],
	"23" : [ 1.877626614627385, 1.053248738720483 ],
	"24" : [ 1.996508522255918, 0.977995365432761 ],
	"25" : [ 1.805644820631098, 0.691650161930063 ],
	"26" : [ 1.813596622061851, 1.111585670016999 ],
	"27" : [ 0.068115553148, 0.736971709805639 ],
	"28" : [ 0.058691691521193, 1.111733054023062 ],
	"29" : [ 0.10561699010785, 1.043500139620537 ],
	"3" : [ 1.591140341248687, 1.528249821682362 ],
	"30" : [ 0.0, 0.857643023073734 ],
	"31" : [ 0.012425174767969, 1.214279412174952 ],
	"32" : [ 0.027204078344081, 1.199767921147036 ],
	"33" : [ 0.041305142554606, 1.190203430515379 ],
	"34" : [ 0.019710721960263, 0.997079909787115 ],
	"35" : [ 0.131616200189673, 1.001794717269983 ],
	"36" : [ 0.13761085479547, 1.042851061009562 ],
	"37" : [ 0.005408426113568, 0.776869131096736 ],
	"38" : [ 0.169896870748817, 0.939028364777038 ],
	"39" : [ 1.509733194946625, 1.984786466097651 ],
	"4" : [ 1.739674134221517, 1.500629633996931 ],
	"40" : [ 1.06047945447843, 0.333799074338353 ],
	"41" : [ 1.684898343199216, 1.912938857181885 ],
	"42" : [ 1.503185534917528, 1.725978409375384 ],
	"43" : [ 1.52382553627113, 1.744369550817727 ],
	"44" : [ 1.580323150408649, 0.247276193533972 ],
	"45" : [ 1.700172731948703, 1.895633150790927 ],
	"46" : [ 1.569060885266652, 1.797521661025 ],
	"47" : [ 1.843439662304847, 0.772639767986938 ],
	"48" : [ 1.882197339909158, 1.132516163341921 ],
	"49" : [ 1.684909315375871, 1.520502713843489 ],
	"5" : [ 1.70346752953373, 1.675878458305056 ],
	"50" : [ 1.535697673369377, 1.569676513511921 ],
	"51" : [ 1.469548523194465, 1.847888252542629 ],
	"52" : [ 1.57062585818926, 1.542663391893381 ],
	"53" : [ 2.0, 1.115906543374024 ],
	"54" : [ 1.927691613091368, 1.163587118774383 ],
	"55" : [ 1.975417949926301, 1.060532645754056 ],
	"56" : [ 1.909244695360969, 1.077557658475208 ],
	"57" : [ 1.811195134487426, 0.901000737280325 ],
	"58" : [ 1.854881526656601, 0.978717145062471 ],
	"59" : [ 1.77996656190051, 0.754033072582579 ],
	"6" : [ 1.133983574576594, 0.485780358783119 ],
	"60" : [ 1.761042159388835, 0.656768757691657 ],
	"61" : [ 1.434989349687076, 0.016249152015046 ],
	"62" : [ 1.360165901414443, 0.0 ],
	"63" : [ 1.288431953484108, 0.064257161925377 ],
	"64" : [ 1.263229134929045, 0.120412456104533 ],
	"65" : [ 0.07588494422505, 0.824106405822652 ],
	"66" : [ 0.206219384496022, 0.839867179126495 ],
	"67" : [ 1.397974251000579, 0.037694174815794 ],
	"68" : [ 1.397936108645474, 0.090552680327047 ],
	"7" : [ 1.079381398861427, 0.458174843341179 ],
	"8" : [ 1.017432479780563, 0.300407206782376 ],
	"9" : [ 0.056533965169268, 0.693832810648121 ]
}
