{
	"0" : [ 0.784351809433244, 0.604288564885729, 0.123228863982891 ],
	"1" : [ 0.681335436916256, 0.756787296183152, 0.223142119224666 ],
	"10" : [ 0.901768474379161, 0.656513883905562, 0.188686266634861 ],
	"11" : [ 0.03314793340822, 0.405689685564602, 0.975952330445329 ],
	"12" : [ 0.484112599319706, 0.624602103805336, 0.39633801104139 ],
	"13" : [ 0.0, 0.33035967994889, 0.882067449212114 ],
	"14" : [ 0.120246478323375, 0.314351468838963, 1.0 ],
	"15" : [ 0.977417561119447, 0.281231859085705, 0.030698868667516 ],
	"16" : [ 1.0, 0.129484545562363, 0.255986830211938 ],
	"17" : [ 0.782799354239122, 0.16122143799316, 0.903671520809933 ],
	"18" : [ 0.813335746904871, 0.876865134094495, 0.678940839298063 ],
	"19" : [ 0.693249942560181, 0.851028101577492, 0.481865219092522 ],
	"2" : [ 0.459911243607023, 0.386595458197179, 0.598417713583777 ],
	"20" : [ 0.573391749130506, 0.767270418726907, 0.34927797013459 ],
	"21" : [ 0.234085564392802, 0.281586041248747, 0.980673478744747 ],
	"22" : [ 0.720549959305547, 0.343563355857657, 0.8818841226954 ],
	"23" : [ 0.759915706277789, 0.58748954076344, 0.740023448554181 ],
	"24" : [ 0.959155357656944, 0.89561662151861, 0.873667609130514 ],
	"25" : [ 0.955402943499501, 0.567084173588548, 0.016829248868184 ],
	"26" : [ 0.96058126698845, 0.224984973254364, 0.588974526409922 ],
	"27" : [ 0.202113116775955, 0.222747242674941, 0.882340882371748 ],
	"28" : [ 0.900596446276422, 1.0, 0.85455040851129 ],
	"29" : [ 0.090541799092083, 0.191812889683243, 0.923227664211692 ],
	"3" : [ 0.326442623624953, 0.295492235107853, 0.794901015687273 ],
	"30" : [ 0.862472976019054, 0.349615909768262, 0.0 ],
	"31" : [ 0.804741457324976, 0.204613216658063, 0.463177476452946 ],
	"32" : [ 0.2127249262199, 0.398443890670993, 0.639467806297931 ],
	"33" : [ 0.357712562588795, 0.461100783242413, 0.561482003056611 ],
	"34" : [ 0.598379209434441, 0.0, 0.672375865093408 ],
	"35" : [ 0.895971897451757, 0.067916321553727, 0.3391889038815 ],
	"36" : [ 0.995350440541172, 0.107326358732857, 0.430946785819516 ],
	"37" : [ 0.997300358175255, 0.565944418082408, 0.096282563146862 ],
	"38" : [ 0.907183960804605, 0.703369653610773, 0.703056393881256 ],
	"39" : [ 0.775211971867098, 0.730731414253141, 0.132350235013082 ],
	"4" : [ 0.76720821953794, 0.015048346948948, 0.862535491358048 ],
	"40" : [ 0.673885888525727, 0.021908523966287, 0.516858446855178 ],
	"41" : [ 0.170378909455473, 0.381853553389052, 0.787078566160097 ],
	"42" : [ 0.784595080968967, 0.759665956358392, 0.787941854517745 ],
	"43" : [ 0.952026393276049, 0.372309539426957, 0.686242223432488 ],
	"44" : [ 0.067001585756616, 0.274641136265412, 0.784769718324316 ],
	"45" : [ 0.80039553054413, 0.068653350384822, 0.292383156055982 ],
	"46" : [ 0.659244408174187, 0.273671806382943, 0.487151068474154 ],
	"47" : [ 0.877468670596875, 0.930570152049802, 0.959173006584327 ],
	"48" : [ 0.770570475982915, 0.49522860551379, 0.819521533524921 ],
	"5" : [ 0.655613169951392, 0.007923270900644, 0.814679893787808 ],
	"6" : [ 0.942592029253932, 0.491900429834716, 0.619195950126172 ],
	"7" : [ 0.712746937014479, 0.253446237917792, 0.639995646353659 ],
	"8" : [ 0.919024608413598, 0.190784724282425, 0.042938475091466 ],
	"9" : [ 0.52011480671522, 0.178833757653959, 0.803700574794089 ]
}
