{
	"0" : [ 0.0, 0.909572552633875, 0.938253097164665 ],
	"1" : [ 0.172094481996205, 0.644118256216986, 0.960491296744693 ],
	"10" : [ 1.103321076382129, 1.601596584551248, 1.431940320803577 ],
	"11" : [ 0.43693314221643, 1.586291040478207, 1.471197071307812 ],
	"12" : [ 0.569225191598127, 1.70011671896537, 1.102155143852079 ],
	"13" : [ 1.978068412866581, 0.437661073454146, 1.12059800203414 ],
	"14" : [ 0.576586206795695, 1.939261145730922, 1.027378889252765 ],
	"15" : [ 0.714124765740855, 1.798091844402475, 1.581345150071772 ],
	"16" : [ 1.888219977514003, 0.264284885406141, 0.28701053152781 ],
	"17" : [ 0.928368999656585, 0.46686404669415, 0.912065908751365 ],
	"18" : [ 1.905894338313186, 0.411200306193173, 0.346955017680782 ],
	"19" : [ 0.96529652984394, 0.489614410058817, 2.0 ],
	"2" : [ 0.243106321762519, 0.86602078182401, 0.978218024593425 ],
	"20" : [ 0.234505805494885, 1.204575188132289, 1.009230040148091 ],
	"21" : [ 1.808219664491518, 0.517473172457042, 0.998618621655297 ],
	"22" : [ 1.927699336926727, 0.144042590491304, 0.653215602591972 ],
	"23" : [ 0.801796717985135, 1.902258774084814, 1.417385500605438 ],
	"24" : [ 1.182671687707797, 0.344574530935706, 1.59539945591032 ],
	"25" : [ 0.720126077865495, 2.0, 1.190949772688619 ],
	"26" : [ 0.260995736069745, 1.31075896878541, 1.259211818043911 ],
	"27" : [ 1.797234916141142, 0.254413364034013, 0.648419348649864 ],
	"28" : [ 1.11022637360855, 0.495403167485075, 0.981440939620467 ],
	"29" : [ 2.0, 0.36736646390283, 0.972581200341048 ],
	"3" : [ 0.233819399000732, 0.678819425289894, 1.067693941685368 ],
	"30" : [ 1.201450607168747, 0.429503152731252, 1.399766422858177 ],
	"31" : [ 0.322325997439334, 1.423431575015563, 1.43200791446082 ],
	"32" : [ 1.020998592563591, 0.535050958510503, 0.770593725874907 ],
	"33" : [ 1.920305318814314, 0.0, 0.053873285956166 ],
	"34" : [ 1.896788107397786, 0.427503939263832, 0.803744495821309 ],
	"35" : [ 0.596366880967463, 1.809209019499417, 0.852987356344857 ],
	"36" : [ 0.448270921527439, 1.687278616457359, 1.238729085810489 ],
	"37" : [ 1.876932275803468, 0.5074232614886, 1.124823377511988 ],
	"38" : [ 0.606601387006271, 1.6764107541805, 1.415600466231148 ],
	"39" : [ 1.036135742933156, 1.687284084173481, 1.495945772160064 ],
	"4" : [ 1.855134079860331, 0.148126165147795, 0.0 ],
	"40" : [ 0.063047450833462, 0.775277078123928, 0.859260429200594 ],
	"41" : [ 1.152599874501521, 0.39042898913267, 1.800057246387977 ],
	"42" : [ 0.912978863709126, 0.387433543557426, 1.225289755629937 ],
	"43" : [ 1.093066349397537, 0.379397269834128, 1.335772875340237 ],
	"44" : [ 1.016041296913888, 0.377259644881572, 1.744641345823909 ],
	"45" : [ 1.015024944232549, 0.564438123012596, 1.908237772349296 ],
	"46" : [ 0.92689574694306, 0.389720339580509, 1.504127113619055 ],
	"5" : [ 1.748983885515788, 0.051257436013821, 0.012299535292889 ],
	"6" : [ 1.865812581476083, 0.051587592626299, 0.304828126955588 ],
	"7" : [ 0.147719355800009, 1.024776578042264, 0.85564088972159 ],
	"8" : [ 0.065221984944581, 1.136463833476964, 0.969772854526794 ],
	"9" : [ 0.915007119439299, 1.705681564118295, 1.426658303235837 ]
}
