{
	"0" : [ 2.85062482798648, 0.315842623007941, 0.374327646612429 ],
	"1" : [ 2.771902675858954, 1.046473369189269, 0.282471833413283 ],
	"10" : [ 2.58242901746549, 0.495193819120582, 0.38149186419831 ],
	"11" : [ 2.670120308435215, 0.862577127124894, 0.131787144278847 ],
	"12" : [ 2.694928944754916, 0.688716524287516, 0.28562108518803 ],
	"13" : [ 2.619078297448427, 0.281092485741206, 0.438014853754352 ],
	"14" : [ 2.473701098081193, 0.25545086724976, 0.236311938450086 ],
	"15" : [ 2.197531363799818, 0.476166457861918, 0.424452628959679 ],
	"16" : [ 2.574913034094253, 0.049168184712206, 0.717120037835456 ],
	"17" : [ 2.501452056511906, 0.445049892856145, 0.929361000886423 ],
	"18" : [ 2.661625723533182, 0.311293921691492, 0.718799175724163 ],
	"19" : [ 2.73777594171117, 0.460584509659501, 1.111159176413695 ],
	"2" : [ 2.172825073117115, 0.631979487973869, 0.634759154863706 ],
	"20" : [ 2.16192857868968, 0.254832397689246, 1.415360307351079 ],
	"21" : [ 2.574174856877713, 0.0, 0.94320147762351 ],
	"22" : [ 2.59055674609353, 0.568612181459876, 1.20334291959336 ],
	"23" : [ 2.148438657451532, 0.369869480236555, 1.70238392259236 ],
	"24" : [ 2.60070823437757, 0.905396416751284, 0.403622547262027 ],
	"25" : [ 2.835848647121606, 0.796041535761831, 0.422591522828246 ],
	"26" : [ 2.639424501905059, 0.671295514418807, 0.955286633595021 ],
	"27" : [ 2.246743122916603, 0.276680888737648, 1.615456321264964 ],
	"28" : [ 2.281910674142354, 0.406650182041768, 1.430962836977385 ],
	"29" : [ 2.732613649058764, 0.908727667958657, 0.802460965910387 ],
	"3" : [ 2.758696944996786, 0.16158221573165, 0.849691175063145 ],
	"30" : [ 2.645786029598487, 1.320879692520258, 1.061121733707155 ],
	"31" : [ 2.645827769895289, 1.131774163977437, 0.718521909561805 ],
	"32" : [ 2.705911592365263, 1.595327930062604, 0.910614183609378 ],
	"33" : [ 2.829783457569214, 2.341694323222775, 0.801672691180072 ],
	"34" : [ 2.901655765581914, 2.263065785445451, 0.7450838343156 ],
	"35" : [ 2.804754611595029, 2.870092289131463, 0.723084578611366 ],
	"36" : [ 2.880550058615766, 3.0, 0.59925167812764 ],
	"37" : [ 2.936253519863595, 2.758103074211227, 0.639635875628835 ],
	"38" : [ 2.954220314465598, 2.533279376042989, 0.768483555217814 ],
	"39" : [ 2.872876439893372, 2.570194099239405, 0.629200216898108 ],
	"4" : [ 2.843533408394711, 0.529029791259017, 0.236253506666299 ],
	"40" : [ 2.85449241700134, 2.714898227030012, 0.845891375625647 ],
	"41" : [ 2.959034499796701, 2.912132976076739, 0.834460363045136 ],
	"42" : [ 3.0, 2.800733982182799, 0.48264766518876 ],
	"43" : [ 1.753249485336579, 0.809102363248343, 0.782973704998473 ],
	"44" : [ 2.728016539379619, 1.451619022356168, 0.588338250596531 ],
	"45" : [ 2.8566092750061, 1.0847011963231, 0.398789379735451 ],
	"46" : [ 2.813590419792853, 1.26812856206888, 0.438427427280718 ],
	"47" : [ 1.955313246822256, 0.696256143534825, 0.706936516741669 ],
	"48" : [ 1.286955717621907, 0.810451481311311, 0.95461262206253 ],
	"49" : [ 1.702216401920319, 0.554003981269542, 1.076813773478961 ],
	"5" : [ 2.350894589926049, 0.280383531311866, 0.39063572909024 ],
	"50" : [ 1.49177343713257, 0.661964780135762, 1.094324900688453 ],
	"51" : [ 2.207706510858076, 0.635070940337059, 1.019174763686617 ],
	"52" : [ 1.872297277481617, 0.801875944054301, 0.83716782016925 ],
	"53" : [ 2.242255211933846, 0.745335713864947, 1.32491159243956 ],
	"54" : [ 1.509420164724203, 0.788483856933342, 0.939296957405943 ],
	"55" : [ 2.406519063252595, 0.779766709727653, 1.126854323906729 ],
	"56" : [ 2.407614891491109, 0.176520883350181, 1.453544989922593 ],
	"57" : [ 0.771179122334308, 1.019733469455658, 1.093286953608 ],
	"58" : [ 1.043089699637796, 0.921335392465815, 1.455589111354296 ],
	"59" : [ 0.747780589204519, 0.937110278008146, 0.765131963823644 ],
	"6" : [ 1.847299475852322, 0.597963292319758, 1.165781192293494 ],
	"60" : [ 0.510283760759691, 0.858730684467133, 0.647975891187292 ],
	"61" : [ 0.832119727369218, 1.067952912166837, 1.584231317505683 ],
	"62" : [ 0.345389454621511, 0.847518690203442, 1.993704015349973 ],
	"63" : [ 0.400616369125254, 0.820129769797405, 0.906811842081771 ],
	"64" : [ 0.333936309581283, 1.351896228459092, 1.018291929894681 ],
	"65" : [ 0.486611210032269, 1.073105280687806, 1.68869804813277 ],
	"66" : [ 0.308846126278392, 1.178035123373786, 1.51659238506221 ],
	"67" : [ 0.592279576617642, 1.088671797355702, 1.319002445646818 ],
	"68" : [ 0.212990363770421, 1.200522265423804, 1.043304584184011 ],
	"69" : [ 0.557358548713114, 1.31605493359264, 1.208503329333517 ],
	"7" : [ 2.590780646526743, 0.107392515058248, 1.184787976178612 ],
	"70" : [ 0.618650759198374, 0.834543123676274, 1.12848870597282 ],
	"71" : [ 0.607530639213789, 1.043454081982596, 0.800227966406295 ],
	"72" : [ 0.181075732094586, 0.640731465386481, 1.678907936040016 ],
	"73" : [ 0.022348105760121, 0.967525760418317, 2.024943593523895 ],
	"74" : [ 0.551598633764415, 1.200812742371705, 0.831939137742811 ],
	"75" : [ 0.363575873252874, 0.963540318708373, 1.309589450362522 ],
	"76" : [ 0.103444259781717, 0.718177379873201, 1.977719158695375 ],
	"77" : [ 0.134900501104826, 0.871106834735224, 1.40183758462905 ],
	"78" : [ 0.218651251069241, 0.77250337858168, 1.806170448241591 ],
	"79" : [ 0.241065665823614, 0.92830767730423, 1.128195582995863 ],
	"8" : [ 2.75717491687861, 0.405037177753729, 0.0 ],
	"80" : [ 0.397903447970088, 1.157770407032574, 0.977790753791388 ],
	"81" : [ 0.139191439007676, 1.309652962639277, 1.153518223108312 ],
	"82" : [ 0.033152962855244, 1.222248623582296, 1.652700374189412 ],
	"83" : [ 0.0, 1.170712763404698, 1.963710165578084 ],
	"84" : [ 0.032764400753196, 0.984555916040652, 2.37443627570931 ],
	"85" : [ 0.097145875485415, 1.160328726737206, 2.273369519551319 ],
	"86" : [ 0.221115939150459, 0.939263260598492, 2.342476290789883 ],
	"87" : [ 0.589189215519705, 0.813665195689579, 3.0 ],
	"88" : [ 0.554254280477009, 0.662343658360993, 2.809551382991798 ],
	"89" : [ 0.507998609209327, 0.814571261766955, 2.949054373564556 ],
	"9" : [ 2.408941363185655, 0.506751391081017, 0.236278996174436 ],
	"90" : [ 0.387727407907354, 0.827582742919653, 2.67244831289366 ],
	"91" : [ 0.212807478473334, 0.834251851546544, 2.717733220613225 ],
	"92" : [ 0.563385744963841, 0.873816610531132, 2.573033087674083 ],
	"93" : [ 0.424317638279957, 0.725725007518743, 2.926753850534405 ],
	"94" : [ 0.248407998555332, 0.924350790910923, 2.807584324403518 ],
	"95" : [ 0.433772032252799, 0.92650539870343, 2.980012910432521 ]
}
