{
	"0" : [ 1.554244268243107, 1.250571571407228, 0.951018106751289 ],
	"1" : [ 1.31395008577713, 0.454185628537928, 1.219198161450744 ],
	"10" : [ 1.601824780437723, 1.522642374995023, 1.088354888791976 ],
	"11" : [ 1.751833682734384, 1.329289867475933, 1.215958119230756 ],
	"12" : [ 0.821285538774684, 0.146764711499233, 0.959632951848062 ],
	"13" : [ 2.0, 1.265083111075174, 1.374553130980027 ],
	"14" : [ 1.677379763934141, 0.443104147426988, 1.551913165357783 ],
	"15" : [ 1.700155405688412, 0.799171455206156, 1.087857738903001 ],
	"16" : [ 0.853842534347459, 1.376215843146855, 1.591692884642235 ],
	"17" : [ 1.940966380452439, 1.319485188622506, 1.199015739693025 ],
	"18" : [ 0.52573648657163, 1.66760549556687, 1.971781666247685 ],
	"19" : [ 0.457590264659005, 1.569865365474273, 1.263191112027183 ],
	"2" : [ 1.632077701712416, 0.448030894092851, 1.240139003722564 ],
	"20" : [ 0.536424704893339, 1.033368080396605, 1.423559677997009 ],
	"21" : [ 0.459041716204164, 0.500360014517368, 0.684459434126439 ],
	"22" : [ 0.470147232743051, 0.0, 0.367647997660666 ],
	"23" : [ 0.282492381931098, 0.63848027934276, 1.617212798273292 ],
	"24" : [ 0.405359588864002, 1.468763293240734, 1.841840948272619 ],
	"25" : [ 0.96682320322328, 1.38126829828091, 0.581083269173666 ],
	"26" : [ 0.606375884095535, 0.251287443915069, 0.987720870085979 ],
	"27" : [ 0.513011222527728, 0.557026819267685, 1.406824460258161 ],
	"28" : [ 0.505265249486606, 0.187043111074754, 0.734090789894011 ],
	"29" : [ 0.690187302968167, 0.014715194060944, 0.751953558181587 ],
	"3" : [ 1.518538991555067, 0.308646059711282, 1.403647137582853 ],
	"30" : [ 0.0, 0.556534600108608, 1.158995929877292 ],
	"31" : [ 0.274499869569483, 0.830595310137087, 1.304658169974622 ],
	"32" : [ 1.178455444592037, 1.19208915486874, 1.094508206959401 ],
	"33" : [ 0.669865295730129, 1.159120666621801, 1.800944111487975 ],
	"34" : [ 0.963961302961567, 1.154097867003631, 1.376599364617805 ],
	"35" : [ 0.496253980978516, 0.864032800927144, 1.724936492653306 ],
	"36" : [ 0.617574856285983, 0.01196200154664, 0.347892371851565 ],
	"37" : [ 0.940846472161334, 1.099635415188692, 1.09168343581118 ],
	"38" : [ 0.472159527053156, 0.26139490008053, 0.368126382437565 ],
	"39" : [ 0.204728138135945, 0.648093885433611, 1.001196986411319 ],
	"4" : [ 1.779402355671458, 0.574726633179106, 1.53294886381487 ],
	"40" : [ 0.225480659802567, 0.282477820907096, 1.035200202491045 ],
	"41" : [ 0.745043704947127, 1.176093738046352, 0.906405190464496 ],
	"42" : [ 0.700192609562779, 1.478614956211443, 0.651423264820575 ],
	"43" : [ 0.072045692545149, 0.569876886702352, 1.381082568653475 ],
	"44" : [ 0.118572056028311, 0.360120598168712, 1.35585687632153 ],
	"45" : [ 0.518199297439128, 0.911443375220121, 1.131786683245846 ],
	"46" : [ 0.56779871119885, 1.398805310470662, 1.633346771349709 ],
	"47" : [ 0.513845295323197, 1.975651089313446, 2.0 ],
	"48" : [ 0.990170047964986, 1.415706661382474, 0.184308982924811 ],
	"49" : [ 0.608277070244873, 1.869292721790184, 1.348443619435158 ],
	"5" : [ 1.482337598081457, 1.019552680585091, 1.173516124991459 ],
	"50" : [ 0.414718282447939, 1.843432551861028, 1.938764596871694 ],
	"51" : [ 0.69203764446372, 2.0, 1.178284546015864 ],
	"52" : [ 0.600282904642328, 1.890729275493113, 1.732858374472803 ],
	"53" : [ 0.73613480788689, 1.595653234729833, 1.495787080848204 ],
	"54" : [ 1.000752272351739, 1.559204953490745, 0.032787288404012 ],
	"55" : [ 0.773893722862295, 1.492330152087783, 0.305945822382098 ],
	"56" : [ 0.824013345162228, 1.533652114600199, 0.0 ],
	"57" : [ 0.578392301772662, 1.988521954054237, 0.988100152279076 ],
	"58" : [ 0.537709860023637, 1.7292334329335, 0.823655067756994 ],
	"6" : [ 1.758610541402482, 1.244634728550666, 1.536239754790507 ],
	"7" : [ 1.469485546462568, 1.38463038434986, 1.174820686017492 ],
	"8" : [ 1.847823632089828, 1.007301885043831, 1.177941438099341 ],
	"9" : [ 1.771897170523525, 0.935163984054548, 1.499381137583225 ]
}
