{
	"0" : [ 0.108149731946534, 1.510605435103856, 1.839039541560495 ],
	"1" : [ 0.02274851210847, 1.140767569703001, 1.953563352198933 ],
	"10" : [ 1.32175011994702, 1.013184201409189, 0.153698398799358 ],
	"11" : [ 1.048095028219442, 1.291769618650076, 0.689178143591008 ],
	"12" : [ 0.278241927525389, 1.279368450700329, 1.318230011815594 ],
	"13" : [ 0.187102430418519, 0.465869383774599, 1.775888674019406 ],
	"14" : [ 0.491788410264198, 0.369219789202314, 1.636266653521423 ],
	"15" : [ 0.611991627870299, 0.207136292520477, 1.855846718022154 ],
	"16" : [ 1.422958340964996, 0.783994356069649, 0.548186781434758 ],
	"17" : [ 0.742401904646779, 0.391913368066445, 1.87268196379359 ],
	"18" : [ 0.869140990646438, 1.931760510800006, 1.499382845991568 ],
	"19" : [ 0.026103851110297, 0.42216145752884, 1.580055311561815 ],
	"2" : [ 0.266307697810141, 1.071037416188649, 1.911513336141905 ],
	"20" : [ 1.345517163622162, 1.186343566573904, 0.753589814960184 ],
	"21" : [ 0.254060747002339, 1.493834450137244, 1.526102053425847 ],
	"22" : [ 1.221637508721958, 0.191130427689136, 0.471041568184 ],
	"23" : [ 2.0, 0.957353059341496, 1.25073415796491 ],
	"24" : [ 1.177343081107324, 1.937600179940795, 1.311798234987643 ],
	"25" : [ 1.946871914569192, 1.017710614613399, 0.958687232808642 ],
	"26" : [ 1.211871143186644, 0.831970841577281, 0.0 ],
	"27" : [ 1.094529893934732, 1.143823882791386, 0.219852541873634 ],
	"28" : [ 1.104111017545052, 2.0, 1.412191882977124 ],
	"29" : [ 1.077949523857864, 0.78303801229551, 0.310112888441456 ],
	"3" : [ 0.087339016160299, 1.244868830820195, 1.675936807207759 ],
	"30" : [ 1.359561872848548, 0.911200824017736, 1.56362124004672 ],
	"31" : [ 1.278700751876745, 0.502771623769764, 0.252125927277319 ],
	"32" : [ 1.403404085423154, 0.274838470808093, 0.682052875512391 ],
	"33" : [ 1.168668763784498, 0.549065167174915, 1.874645838308178 ],
	"34" : [ 0.997905179441541, 0.234051214794978, 0.475795153854755 ],
	"35" : [ 0.946393155294726, 0.270454124674491, 0.922623048462699 ],
	"36" : [ 1.90862434452384, 0.761748722319283, 1.369211619992303 ],
	"37" : [ 1.768875567159718, 1.054418977636492, 1.285170513061795 ],
	"38" : [ 1.842539978859463, 0.710806479967813, 1.137937087996115 ],
	"39" : [ 0.671419458038983, 0.15248438199942, 1.296958182337112 ],
	"4" : [ 0.0, 0.769267480882605, 1.703104707825382 ],
	"40" : [ 1.275574585243379, 1.440291796510857, 1.193457714567041 ],
	"41" : [ 0.913429204855483, 1.421164549877642, 1.021535082844023 ],
	"42" : [ 1.541634411325167, 1.14123987968895, 1.40585940462659 ],
	"43" : [ 1.221332631649849, 1.028229663783206, 0.717636617569615 ],
	"44" : [ 0.70460677550305, 0.117029741942644, 0.907538537571016 ],
	"45" : [ 1.015651230087832, 0.409844540872911, 1.892621395921819 ],
	"46" : [ 1.258362896315361, 0.466190525937621, 0.742600145748903 ],
	"47" : [ 1.1324368208423, 0.385540100480842, 1.651590176000551 ],
	"48" : [ 0.196717097359925, 1.729374178577029, 1.752330688036599 ],
	"5" : [ 0.171898075274934, 0.711257546110022, 2.0 ],
	"6" : [ 0.322993324902168, 0.800948753598468, 1.285992974855771 ],
	"7" : [ 0.795060135131459, 0.0, 1.105172551815643 ],
	"8" : [ 0.143985893418979, 0.286912599759585, 1.265909142527823 ],
	"9" : [ 1.340422400152102, 1.855266768783765, 1.156421488313822 ]
}
