{
	"0" : [ 0.315052862689211, 1.476454419342399 ],
	"1" : [ 0.407519010853195, 0.913529564693833 ],
	"10" : [ 1.668698785108079, 0.032720382076624 ],
	"11" : [ 0.796996740638015, 0.864559797826098 ],
	"12" : [ 1.098712602261242, 0.609963589138045 ],
	"13" : [ 0.0, 1.475412253452573 ],
	"14" : [ 0.121491124256838, 1.808638614095789 ],
	"15" : [ 0.87503114650144, 1.391930024893149 ],
	"16" : [ 1.114733490492701, 1.421918867332408 ],
	"17" : [ 0.299982911568511, 2.0 ],
	"18" : [ 1.167826709926569, 0.985288034457285 ],
	"19" : [ 1.991633469476922, 1.017435641169787 ],
	"2" : [ 0.907774486050166, 0.334989730242407 ],
	"20" : [ 1.759649068271622, 1.280353455948644 ],
	"21" : [ 1.580160588306335, 0.439158279979038 ],
	"22" : [ 1.512303090945236, 1.005038339710658 ],
	"23" : [ 1.791286832381874, 0.782925206654329 ],
	"3" : [ 2.0, 0.572675811288311 ],
	"4" : [ 1.34177902095551, 1.529074300399789 ],
	"5" : [ 0.424123454117275, 1.733227181917623 ],
	"6" : [ 0.190020635037336, 1.171676745033341 ],
	"7" : [ 1.083634677406143, 0.0 ],
	"8" : [ 1.841653341871697, 0.266338441812109 ],
	"9" : [ 1.333809871286688, 0.205204363279027 ]
}
