{
	"0" : [ 0.175234299515451, 0.189760597378282, 0.868547764805903 ],
	"1" : [ 0.393021621350706, 1.1870080581358, 0.313037980770806 ],
	"10" : [ 0.80100698970613, 0.85325869786254, 1.231127685352052 ],
	"11" : [ 0.718973645751502, 0.668436716939986, 1.664571811134993 ],
	"12" : [ 0.632513286947551, 1.920090012091907, 0.235438182636763 ],
	"13" : [ 0.456217059043742, 1.713187600854044, 0.213229804451253 ],
	"14" : [ 0.509831674337663, 1.038205045660391, 0.687495355921709 ],
	"15" : [ 0.319649192593129, 0.027619936004368, 1.104878050094473 ],
	"16" : [ 0.001030507491298, 0.440679176901399, 1.486580557313771 ],
	"17" : [ 0.256462702908281, 0.328710103532109, 2.0 ],
	"18" : [ 0.109076225250795, 0.0, 1.508692824055583 ],
	"19" : [ 0.118405750014554, 0.434233295945486, 1.8669562759461 ],
	"2" : [ 0.557664524068429, 1.642274552258186, 0.0 ],
	"20" : [ 0.764609652799444, 1.657919024382105, 0.327580750029043 ],
	"21" : [ 1.931597651847555, 1.681247691350479, 1.399341266456894 ],
	"22" : [ 2.0, 1.988968762161001, 1.440496600232184 ],
	"23" : [ 1.956018412965939, 1.786224328984326, 1.667746343556961 ],
	"24" : [ 1.830352732052718, 2.0, 1.565853256411252 ],
	"3" : [ 0.595660428576218, 0.568427655358859, 0.809374462363187 ],
	"4" : [ 0.0, 0.037441750486249, 1.790670918557848 ],
	"5" : [ 0.134490535259064, 0.839242872126059, 1.31181689965045 ],
	"6" : [ 0.701996307999047, 1.055187364433178, 0.316692907483849 ],
	"7" : [ 0.050981623210286, 0.643686242157039, 0.938108916522536 ],
	"8" : [ 0.771617048830977, 1.055193595772904, 0.717261212653867 ],
	"9" : [ 0.900838689327419, 0.710820429297109, 0.941947064846292 ]
}
