{
	"0" : [ 0.077402260623719, 0.043293463176519, 0.728054793678853 ],
	"1" : [ 0.225015959770138, 0.412996467750042, 1.918923214977474 ],
	"10" : [ 0.17076057178535, 0.624244225502918, 0.830664830347947 ],
	"11" : [ 0.264462920617326, 0.857471505835437, 0.90358052013412 ],
	"12" : [ 0.055374580966962, 0.258264623068969, 0.671107722975388 ],
	"13" : [ 0.251043001833476, 0.367331117027812, 2.0 ],
	"14" : [ 0.291083526812925, 0.308211782504381, 1.920224120285696 ],
	"15" : [ 0.265175367356405, 1.071480701932649, 0.796271931974607 ],
	"16" : [ 0.364460537058764, 1.037141000805034, 1.04064453535453 ],
	"17" : [ 0.281747479242505, 2.0, 0.819663717510595 ],
	"18" : [ 0.612105766690098, 1.236561383467007, 1.398309987769986 ],
	"19" : [ 1.565643013934993, 1.375331241041737, 1.115105677904992 ],
	"2" : [ 0.302888618668465, 0.447223525324526, 1.897741940378717 ],
	"20" : [ 1.001992339097991, 1.754208485753964, 0.421799316030597 ],
	"21" : [ 0.852728671534982, 1.738819132078322, 1.149926807046502 ],
	"22" : [ 0.597994244398466, 1.71409683587393, 0.099452161162407 ],
	"23" : [ 1.682818590882053, 1.319604106834685, 1.038463765111511 ],
	"24" : [ 0.288685514985409, 1.875703982116803, 0.653421042961898 ],
	"25" : [ 0.278623178399583, 1.817997732053451, 1.860184373014834 ],
	"26" : [ 0.779249941178488, 1.700783487817645, 1.277418550066804 ],
	"27" : [ 1.327199958858891, 1.542334788366597, 0.820782576557361 ],
	"28" : [ 0.85753321736745, 1.874041326215497, 0.297488786654982 ],
	"29" : [ 0.315795459053029, 1.973557715386328, 0.632631912358562 ],
	"3" : [ 0.303256624704175, 0.592370412825787, 1.741426631235956 ],
	"30" : [ 1.363577310046024, 1.368785028416503, 1.116462476567705 ],
	"31" : [ 0.360776181857647, 1.518843419337099, 0.600242753603989 ],
	"32" : [ 0.286692048902838, 1.639681669412895, 1.89246323059289 ],
	"33" : [ 0.515581482274091, 1.005574802070486, 1.337895042970288 ],
	"34" : [ 0.40690899964922, 0.815094138507462, 1.613462686221744 ],
	"35" : [ 0.659783622579529, 1.640221744511738, 0.0 ],
	"36" : [ 1.633809466147161, 1.513874977645565, 0.825951535511145 ],
	"37" : [ 0.760617397216453, 1.837136210446285, 0.225430482342441 ],
	"38" : [ 1.65741529557752, 1.411015687026558, 1.064965586321159 ],
	"39" : [ 0.464278387055657, 1.087223553134459, 1.217334692407405 ],
	"4" : [ 0.242630100282091, 0.401522967239045, 1.760450264671803 ],
	"40" : [ 0.304941880078907, 1.163368062984686, 1.018068667634933 ],
	"41" : [ 1.087560698294235, 1.446899568703412, 1.080810742459683 ],
	"42" : [ 1.692757370278246, 1.430008430635825, 0.87239418410839 ],
	"43" : [ 0.309668472108205, 1.758732684044267, 1.693667925192959 ],
	"44" : [ 0.473008505058572, 1.814811654464815, 0.443902662493329 ],
	"45" : [ 0.344672803825741, 1.673191814569967, 1.910666823809224 ],
	"46" : [ 0.329870057648427, 1.961838468877434, 0.993304803698191 ],
	"47" : [ 1.946003683513151, 1.21873740863893, 1.094476502267057 ],
	"48" : [ 1.930050770092004, 1.136365852179513, 1.185647527756819 ],
	"49" : [ 2.0, 1.155664505362268, 1.055626527991212 ],
	"5" : [ 0.0, 0.0, 0.725080853709777 ],
	"50" : [ 0.518959330189989, 1.6924433576299, 0.381249754726831 ],
	"51" : [ 1.951986588577313, 1.096892399768496, 1.14431405314357 ],
	"52" : [ 0.411899499258927, 1.714840678896771, 1.824121423654194 ],
	"53" : [ 0.585948978586585, 1.918016629890573, 0.769520695150611 ],
	"54" : [ 0.819959384776453, 1.352851431730178, 1.210283713764223 ],
	"55" : [ 0.754659706059823, 1.869605958887389, 1.065040592231031 ],
	"56" : [ 0.69392521002811, 1.829503079805548, 1.102262861275 ],
	"57" : [ 1.435551068103238, 1.473352461497189, 0.992810309956194 ],
	"58" : [ 0.352168495044301, 0.898133791675008, 1.730956072438492 ],
	"59" : [ 0.096064889236168, 0.178269463341776, 0.533236368279914 ],
	"6" : [ 0.319269016949894, 1.229910875055397, 0.825921730243872 ],
	"60" : [ 0.677327310960328, 1.863619582632038, 0.274458658380684 ],
	"61" : [ 0.576596802801082, 1.816256336514122, 0.297088568564165 ],
	"62" : [ 0.366898950557837, 1.430342991031374, 0.740012208145239 ],
	"63" : [ 0.617648454551066, 1.728522032380089, 0.629404579151335 ],
	"64" : [ 0.565808464391104, 1.238338372147049, 1.523230300430323 ],
	"65" : [ 0.565100862484634, 1.330274309889526, 1.628149280296283 ],
	"66" : [ 0.556986552284317, 1.494439126535788, 1.583157546942012 ],
	"67" : [ 0.438421603439404, 1.831630774148997, 0.663793465559462 ],
	"68" : [ 1.50785238784009, 1.514389263124072, 0.899111754506447 ],
	"69" : [ 0.791743826593773, 1.568895058609646, 1.084999911028828 ],
	"7" : [ 0.008432881660508, 0.134478083178853, 0.598715210033214 ],
	"70" : [ 0.644444828969663, 1.840689813637598, 0.890458760035514 ],
	"71" : [ 1.033082792665978, 1.487437650204992, 1.017340822757383 ],
	"72" : [ 1.787676831782112, 1.235163749040322, 1.148293984316713 ],
	"73" : [ 0.922550784615759, 1.571789066485635, 1.004290664813175 ],
	"74" : [ 1.133312439764195, 1.544288275560095, 0.883075950114437 ],
	"75" : [ 0.602692514986357, 1.967447968304546, 0.420252905057645 ],
	"76" : [ 1.62388322827374, 1.520334675983235, 0.942879963827881 ],
	"77" : [ 0.409691764626076, 1.546379507002599, 1.727894384544036 ],
	"78" : [ 0.298318719987941, 1.866412950133505, 1.690114504245958 ],
	"8" : [ 0.02380372417552, 0.134649528374879, 0.812082709046774 ],
	"9" : [ 0.094459468923994, 0.254174066538281, 0.799299852713376 ]
}
