{
	"0" : [ 0.710005279344684, 0.0 ],
	"1" : [ 0.837211136467528, 1.771876797440314 ],
	"10" : [ 1.095180345691667, 0.71009851104778 ],
	"11" : [ 0.368884217828918, 0.288388577931169 ],
	"12" : [ 0.651888497041349, 1.063657100065185 ],
	"13" : [ 0.502304535379578, 0.486559682698632 ],
	"14" : [ 0.773117011499842, 1.325996203463555 ],
	"15" : [ 0.0, 1.68530807410552 ],
	"16" : [ 0.093546267634279, 1.996795329308554 ],
	"17" : [ 0.423452183413311, 1.292977512351005 ],
	"18" : [ 0.394785415631021, 2.085414153478146 ],
	"19" : [ 0.006984979353613, 2.139343616066599 ],
	"2" : [ 0.539789572124011, 0.01087328978657 ],
	"20" : [ 0.111125613848509, 2.804925324782625 ],
	"21" : [ 0.072394256604523, 3.0 ],
	"22" : [ 0.214596941489706, 2.904304300445698 ],
	"23" : [ 0.024464804436961, 2.502516038113883 ],
	"24" : [ 1.718472835710875, 1.544428395235354 ],
	"25" : [ 0.505499410329256, 2.722064276116277 ],
	"26" : [ 0.416378912996449, 2.557848133430554 ],
	"27" : [ 0.264364636806771, 1.600046310877445 ],
	"28" : [ 0.682399197337061, 2.363887466144631 ],
	"29" : [ 0.20996185924015, 1.154627522572772 ],
	"3" : [ 1.050795235288999, 1.557834861948789 ],
	"30" : [ 1.486767839332001, 1.66292231307952 ],
	"31" : [ 2.520258510772285, 1.275058055351473 ],
	"32" : [ 2.035329388012049, 2.12561634673357 ],
	"33" : [ 0.995095960374375, 1.195225174600909 ],
	"34" : [ 1.824153706121035, 1.865417187953678 ],
	"35" : [ 2.150330407990015, 1.907705173251873 ],
	"36" : [ 2.284032806226843, 2.151234082845332 ],
	"37" : [ 2.22393836285102, 2.505847206964242 ],
	"38" : [ 1.246854186642534, 1.420122808076806 ],
	"39" : [ 0.966252086586504, 1.996580306088355 ],
	"4" : [ 0.908799281971352, 0.844055107094133 ],
	"40" : [ 0.496373541398307, 1.627940165292312 ],
	"41" : [ 0.579804937791322, 1.960805470353188 ],
	"42" : [ 0.425945812500964, 1.827106858462793 ],
	"43" : [ 2.156159000468574, 1.285694293201067 ],
	"44" : [ 0.314190593598959, 0.792518767662888 ],
	"45" : [ 2.480841837622113, 1.525904873137269 ],
	"46" : [ 2.732589793992875, 1.310641483611571 ],
	"47" : [ 2.841625759015047, 1.453900244850048 ],
	"48" : [ 2.964169844290176, 1.637124986725381 ],
	"49" : [ 2.70596321130506, 2.065144224719263 ],
	"5" : [ 0.801953025669062, 0.927112840739171 ],
	"50" : [ 2.957124816916415, 2.021725175197866 ],
	"51" : [ 2.681591349417161, 1.68822176219065 ],
	"52" : [ 2.848502536155217, 1.868387819783287 ],
	"53" : [ 3.0, 2.270371364970426 ],
	"54" : [ 2.845477863452049, 2.261571037754495 ],
	"55" : [ 2.856020210264226, 2.421001708615822 ],
	"56" : [ 2.631528505975097, 2.603872479272831 ],
	"57" : [ 2.460077500747758, 2.426954571123676 ],
	"58" : [ 2.537297826648988, 2.317258925301347 ],
	"6" : [ 0.868864724401728, 0.360506734991013 ],
	"7" : [ 1.124263195633547, 1.010900086104465 ],
	"8" : [ 0.718989840979886, 0.503571020706883 ],
	"9" : [ 0.603397304054646, 0.199759940941182 ]
}
