{
	"0" : [ 1.764226796707389, 1.002538712529599, 1.405990954184718 ],
	"1" : [ 0.676933282405789, 0.198230635560491, 0.914890242446421 ],
	"10" : [ 0.937682766414264, 0.705085667776411, 1.630096065087792 ],
	"11" : [ 1.515339506979656, 0.996298649754792, 1.426315112987596 ],
	"12" : [ 0.362018669019738, 0.877132168634956, 1.629883169878375 ],
	"13" : [ 0.628185103331049, 0.929191670719498, 1.020766503768721 ],
	"14" : [ 1.230766915578761, 1.291524097045003, 1.092980297927875 ],
	"15" : [ 0.267070863917308, 1.008532744019212, 1.524002450709604 ],
	"16" : [ 0.59494856140658, 0.529588217487844, 0.925625815330159 ],
	"17" : [ 0.74239830886292, 0.389574531790542, 0.953336929305888 ],
	"18" : [ 0.783772152830549, 0.852895705817984, 1.044338103619532 ],
	"19" : [ 0.983037340525016, 0.883996837290994, 1.016318647484479 ],
	"2" : [ 0.771950839165036, 0.116780741655312, 1.202364747490508 ],
	"20" : [ 0.955266650558781, 0.720645468110754, 0.955443510211183 ],
	"21" : [ 1.092227665867607, 1.606458188195123, 0.871781953403546 ],
	"22" : [ 0.696534182578658, 1.9707932441535, 0.973258702397406 ],
	"23" : [ 1.08466028966316, 1.554420307223185, 1.084290555186571 ],
	"24" : [ 0.912337509390809, 1.818619852951963, 0.821758002096999 ],
	"25" : [ 0.987976258025637, 1.782745254764372, 0.97590089212106 ],
	"26" : [ 0.396354265343741, 1.043743140932938, 1.522424889625647 ],
	"27" : [ 0.568004312788823, 1.762343902975308, 0.876157842209709 ],
	"28" : [ 0.61441892124155, 1.947554720046977, 0.84318153503863 ],
	"29" : [ 0.744956462506185, 1.855649946734996, 0.781244158103547 ],
	"3" : [ 1.702475894781442, 1.050134779977798, 1.137143626099415 ],
	"30" : [ 0.831986464551789, 2.0, 0.825040667853049 ],
	"31" : [ 0.906913852597461, 1.964925714581548, 1.091201026086862 ],
	"32" : [ 0.936718258525707, 1.702668760346299, 1.214964786473975 ],
	"33" : [ 0.957664278680102, 0.063981270679106, 1.801573287748535 ],
	"34" : [ 0.926701815701305, 0.0, 1.556058774440114 ],
	"35" : [ 1.089279709262166, 0.092996811606754, 1.588770212218322 ],
	"36" : [ 0.894929159989903, 0.069147138511794, 1.304972402163443 ],
	"37" : [ 0.931493530297502, 0.237889779587043, 1.511565237435338 ],
	"38" : [ 1.233133209710809, 0.310686149965631, 1.672080246120594 ],
	"39" : [ 0.541171119789464, 0.312957064796222, 0.826617826931563 ],
	"4" : [ 2.0, 0.604404636035367, 1.386940935129168 ],
	"40" : [ 0.846198157104668, 0.575943564748813, 1.536626879454073 ],
	"41" : [ 1.035121881678311, 0.916050018077518, 1.29026422828537 ],
	"42" : [ 0.862256089638189, 1.077973636033621, 1.203672202077668 ],
	"43" : [ 0.486728028376561, 1.133409908863917, 0.378973840020045 ],
	"44" : [ 0.518364526375781, 1.015861548057155, 0.587321633266793 ],
	"45" : [ 0.30781482757822, 1.011524129122283, 0.275175994247853 ],
	"46" : [ 0.372219813269335, 1.042083855505852, 0.477002437977223 ],
	"47" : [ 0.267873320707273, 0.797082612274733, 0.465149844608772 ],
	"48" : [ 0.191605290274164, 0.571188867530467, 0.385394393084652 ],
	"49" : [ 0.288443764335029, 0.614120384102731, 0.239769907193627 ],
	"5" : [ 1.054303379202615, 0.310846818979417, 1.844096809801488 ],
	"50" : [ 0.185222898821577, 1.15483812527338, 0.165288712714035 ],
	"51" : [ 0.03169414286063, 0.870299720913659, 0.0 ],
	"52" : [ 0.129349785777927, 0.998395808113674, 0.103146945450125 ],
	"53" : [ 0.0, 0.708035783247225, 0.194485220732694 ],
	"54" : [ 0.06486623592978, 0.642120884113909, 0.090493683987491 ],
	"55" : [ 0.502514070803231, 1.344510803010775, 0.635635126824147 ],
	"56" : [ 0.154459542601088, 0.724071896488887, 0.043025054194444 ],
	"57" : [ 1.730033091798896, 0.529971330026722, 1.534592059016251 ],
	"58" : [ 1.845129679948659, 0.643032005436544, 0.992224909591407 ],
	"59" : [ 1.956047130416105, 0.844096328708865, 1.069847235649442 ],
	"6" : [ 0.598067169293908, 0.263359126397115, 1.059252285751527 ],
	"60" : [ 1.940431534175736, 0.588003058465893, 1.189215136040921 ],
	"61" : [ 1.879545513871842, 0.630458534119337, 1.486379851076306 ],
	"62" : [ 1.83253445329265, 0.851872967942443, 1.156715700960353 ],
	"63" : [ 1.794393557547721, 0.775578719376371, 1.449217486507886 ],
	"64" : [ 1.996946407999304, 0.883105138773378, 1.366684453263818 ],
	"65" : [ 1.878176544230967, 0.929793337391488, 1.520356565569043 ],
	"66" : [ 1.005780692121841, 0.241698513975135, 2.0 ],
	"7" : [ 1.022848178667074, 0.505074861700535, 1.821368812826718 ],
	"8" : [ 1.377195416606269, 1.118486658443085, 1.172965589313812 ],
	"9" : [ 0.277550364989909, 0.916333732131684, 1.360042817796847 ]
}
