{
	"0" : [ 1.153507201662371, 1.924809752687406, 1.526040696881295 ],
	"1" : [ 0.703796709805776, 1.862639313638371, 2.0 ],
	"10" : [ 1.719818473197784, 0.658264718540801, 1.530503828515228 ],
	"11" : [ 1.703926645184321, 0.708008966281226, 0.0 ],
	"12" : [ 1.736159541336224, 0.713513717348416, 0.708949243064737 ],
	"13" : [ 1.592058562423776, 0.92833217598954, 1.616570179048638 ],
	"14" : [ 1.848906720016776, 0.771651317280266, 1.354312071645875 ],
	"15" : [ 2.0, 0.678172407442005, 1.668355291978089 ],
	"16" : [ 1.966693061166166, 0.649327506318292, 0.907109698985166 ],
	"17" : [ 1.964540328217087, 0.584423137830725, 1.519289638197655 ],
	"18" : [ 1.805740120404347, 0.603488139217958, 0.403030794292064 ],
	"19" : [ 1.096342225067447, 1.757431606618688, 1.865356531203723 ],
	"2" : [ 0.856629477837466, 1.856673889409891, 0.661389128112645 ],
	"20" : [ 0.564231630112241, 1.713615147855552, 1.939450860102114 ],
	"21" : [ 0.618849930232081, 1.464430789700515, 1.639508330017115 ],
	"22" : [ 0.056424469559976, 0.420051746264087, 1.0044007494273 ],
	"23" : [ 0.060942428361886, 0.2504479731143, 1.259982601611773 ],
	"24" : [ 0.0, 0.475004299806959, 1.536393147655651 ],
	"25" : [ 0.291239547972957, 0.135002603140881, 1.041120180063545 ],
	"26" : [ 0.193329978017852, 0.123862313323821, 1.777385265792061 ],
	"27" : [ 0.096134321540399, 0.046113385048618, 1.467963606228897 ],
	"28" : [ 0.332524858659713, 0.245831202619052, 1.683690063814804 ],
	"29" : [ 0.122921227501814, 0.382826949773554, 1.631980335023495 ],
	"3" : [ 1.045903434210725, 1.597040254719578, 1.502679997745004 ],
	"30" : [ 0.204142735950829, 0.0, 1.846579122216665 ],
	"31" : [ 0.569844550451681, 0.237145033168207, 1.622349182181348 ],
	"32" : [ 1.072550767673252, 1.937835444468378, 1.951679668127883 ],
	"4" : [ 0.934277573155209, 1.969509087590586, 1.302326247686957 ],
	"5" : [ 0.479340300706248, 1.596157994962307, 1.664759424732021 ],
	"6" : [ 1.085489669317155, 1.82501352231469, 0.777020757437623 ],
	"7" : [ 0.772714246457018, 1.63114196784606, 1.910067844597855 ],
	"8" : [ 0.585565928331629, 1.777555211383107, 1.332535025321861 ],
	"9" : [ 0.687770672827246, 2.0, 1.417224107659901 ]
}
