{
	"0" : [ 0.982225612092479, 0.675323986961801, 0.792845805231086 ],
	"1" : [ 1.0, 0.68751849925533, 0.820739296030142 ],
	"10" : [ 0.911716495715294, 0.636680283598085, 0.854373294231364 ],
	"11" : [ 0.940012141614927, 0.475174342024099, 0.856379030881379 ],
	"12" : [ 0.958445188984069, 0.596720195537526, 0.877891185157488 ],
	"13" : [ 0.975515914760079, 0.557333829782108, 0.907838354371872 ],
	"14" : [ 0.948477585676209, 0.473567299232609, 0.762386002606331 ],
	"15" : [ 0.953740861314259, 0.542283919064529, 0.800364818854084 ],
	"16" : [ 0.93646822686274, 0.557782495608765, 0.72678668564482 ],
	"17" : [ 0.984489420227426, 0.58885346414704, 0.811882674760195 ],
	"18" : [ 0.788053341181614, 0.450443648246091, 0.768025923021769 ],
	"19" : [ 0.791806232932834, 0.51141478639745, 0.870688902603105 ],
	"2" : [ 0.971074756600699, 0.714294273313337, 0.797741203455706 ],
	"20" : [ 0.886700195660194, 0.348828258377891, 0.774177384020734 ],
	"21" : [ 0.853347712555263, 0.457039466495336, 0.68947068232425 ],
	"22" : [ 0.862397421329476, 0.513401612435062, 0.771908987348568 ],
	"23" : [ 0.907331208503527, 0.412382865556676, 0.997866729214858 ],
	"24" : [ 0.924007787611189, 0.439195152829919, 0.94986128001836 ],
	"25" : [ 0.79395858998253, 0.438060998704911, 0.847439613378923 ],
	"26" : [ 0.9272738610616, 0.391136578658355, 0.992559121157427 ],
	"27" : [ 0.877211435814066, 0.343424580643669, 0.822794626470998 ],
	"28" : [ 0.926594437102393, 0.393612083714104, 0.911042491860601 ],
	"29" : [ 0.925459333645785, 0.37735323952041, 0.828207325239587 ],
	"3" : [ 0.268799636662734, 0.430976665952644, 0.126811589601884 ],
	"30" : [ 0.891103497045553, 0.420369566827388, 0.908235130694059 ],
	"31" : [ 0.806583405902726, 0.389074311385415, 0.800329821205447 ],
	"32" : [ 0.899489305493402, 0.400210550021632, 0.718086445401877 ],
	"33" : [ 0.938773839992926, 0.670361936960308, 0.789054585569753 ],
	"34" : [ 0.40355866341588, 0.435282148951983, 0.028556885368931 ],
	"35" : [ 0.873778723245571, 0.486888640945774, 0.641402529951828 ],
	"36" : [ 0.42177999464789, 0.476796433303182, 0.146888619819887 ],
	"37" : [ 0.372823958475217, 0.449984729545374, 0.089992171552029 ],
	"38" : [ 0.376043060924882, 0.505734229885408, 0.140775172459583 ],
	"39" : [ 0.404318482483298, 0.467351522423427, 0.063674490017866 ],
	"4" : [ 0.253038212797546, 0.451695429749833, 0.186173441927839 ],
	"40" : [ 0.369734430853238, 0.421833641050022, 0.017011575972584 ],
	"41" : [ 0.366438611739693, 0.525551618363991, 0.05926857300089 ],
	"42" : [ 0.368367861522732, 0.393163896981476, 0.0 ],
	"43" : [ 0.353085736878118, 0.528098588690881, 0.018156976422231 ],
	"44" : [ 0.311253664428353, 0.407080603405325, 0.092612197050709 ],
	"45" : [ 0.325269841689041, 0.50081869182472, 0.025088871165839 ],
	"46" : [ 0.340844748812015, 0.388412763433809, 0.034428540643611 ],
	"47" : [ 0.0, 0.277343504302645, 0.910260788491421 ],
	"48" : [ 0.108792733769317, 0.006164287113681, 0.761976597679803 ],
	"49" : [ 0.076609498662269, 0.339743526019426, 0.83777605773751 ],
	"5" : [ 0.256612435064672, 0.468742596075835, 0.133354137250674 ],
	"50" : [ 0.119452339603613, 0.0, 0.744067736113385 ],
	"51" : [ 0.103630228945394, 0.184017252917269, 0.77115238321172 ],
	"52" : [ 0.117869600876178, 0.067990735021178, 0.733800142611991 ],
	"53" : [ 0.09735356055824, 0.066246733214054, 0.668521664270784 ],
	"54" : [ 0.101260216086225, 0.034832997626724, 0.714434416908599 ],
	"55" : [ 0.100743553720317, 0.098102450031565, 0.728642414665455 ],
	"56" : [ 0.122650425978787, 0.280791488379005, 0.763639662967594 ],
	"57" : [ 0.217474161126976, 0.574250775699715, 0.383318462075978 ],
	"58" : [ 0.120559892576694, 0.236017108590162, 0.794818025892865 ],
	"59" : [ 0.165891582990909, 0.511395442427888, 0.679379096572544 ],
	"6" : [ 0.878222243083265, 0.560150980056261, 0.809440564045163 ],
	"60" : [ 0.209200088369173, 0.533078829770614, 0.412452687085775 ],
	"61" : [ 0.182009254473474, 0.512186657341749, 0.564720777410174 ],
	"62" : [ 0.08329399961929, 0.624437066816967, 0.788357189920883 ],
	"63" : [ 0.119459578195846, 0.893812666504836, 0.729721154748262 ],
	"64" : [ 0.025152465965756, 0.244811122654902, 0.98557243949737 ],
	"65" : [ 0.077014340664065, 0.238004897659381, 0.74504295566346 ],
	"66" : [ 0.145105344645596, 0.525668057564863, 0.663188323436308 ],
	"67" : [ 0.119604967108478, 0.518671501409887, 0.730025333186234 ],
	"68" : [ 0.146107823505675, 0.476888462236872, 0.628456834555155 ],
	"69" : [ 0.169156375577069, 0.499542824207978, 0.611564348072706 ],
	"7" : [ 0.828706400829647, 0.556194676069724, 0.854341029372392 ],
	"70" : [ 0.057666722861194, 0.451825062233267, 0.840154593945016 ],
	"71" : [ 0.085356812596852, 0.383797764675247, 0.807661921839619 ],
	"72" : [ 0.014097918560981, 0.334149509554352, 0.889251124280724 ],
	"73" : [ 0.03153042558618, 0.31164246371862, 0.946720394593899 ],
	"74" : [ 0.111468617622503, 0.311695502401464, 0.833678012003461 ],
	"75" : [ 0.04139118401374, 0.274686244895477, 1.0 ],
	"76" : [ 0.054870518267959, 0.275593037602261, 0.937900216779432 ],
	"77" : [ 0.041755010778329, 0.286931459432001, 0.843023783937982 ],
	"78" : [ 0.234767128865402, 0.546555926903783, 0.359836611022028 ],
	"79" : [ 0.135753144181024, 0.828634521535171, 0.649469791162523 ],
	"8" : [ 0.806893381559162, 0.429344790150777, 0.746329215107638 ],
	"80" : [ 0.102185296529436, 0.854145416105082, 0.658148251813059 ],
	"81" : [ 0.196204997820829, 0.599861125198406, 0.439590376414397 ],
	"82" : [ 0.065462757063098, 0.858730606052177, 0.763095539778872 ],
	"83" : [ 0.106856254601589, 0.816572351991305, 0.717873373306748 ],
	"84" : [ 0.052400439093917, 0.855415215313276, 0.722080159138476 ],
	"85" : [ 0.084603424210561, 0.740079476197944, 0.780662836698677 ],
	"86" : [ 0.112606727128144, 0.799323881670061, 0.665992304550791 ],
	"87" : [ 0.082066982782174, 0.857457284425317, 0.664917933092645 ],
	"88" : [ 0.07757011816937, 0.802843310120833, 0.804358246149784 ],
	"89" : [ 0.09647553110916, 0.863304428769056, 0.817603721220101 ],
	"9" : [ 0.78480120542952, 0.525669445309167, 0.82300733161069 ],
	"90" : [ 0.091954399296079, 0.954248419331788, 0.81044898447486 ],
	"91" : [ 0.047111013293972, 0.933919084305573, 0.773579874626637 ],
	"92" : [ 0.056387372559777, 1.0, 0.81153967196981 ],
	"93" : [ 0.066774138243316, 0.999100431528604, 0.826059739470185 ],
	"94" : [ 0.165118621794386, 0.436744969250176, 0.670501213578024 ],
	"95" : [ 0.145016401815158, 0.351633982163508, 0.737638712671352 ]
}
