{
	"0" : [ 1.485875081463935, 1.096882662647983, 1.083574603580296 ],
	"1" : [ 2.0, 2.0, 1.011173652235407 ],
	"10" : [ 1.307777036034635, 0.382952794083312, 1.968106080241982 ],
	"11" : [ 0.895135113853669, 1.051453668300618, 0.161349833240118 ],
	"12" : [ 1.499010908137271, 0.312256094270073, 1.940588918106412 ],
	"13" : [ 1.983090955612738, 1.965950727196285, 1.030330037384438 ],
	"14" : [ 1.497197406680914, 0.916320087713408, 1.06023538501559 ],
	"15" : [ 1.295102359170779, 0.803432102018376, 1.058477273842941 ],
	"16" : [ 0.076426003759399, 0.752925928147717, 1.209715925289687 ],
	"17" : [ 0.138144792697035, 0.758161450530149, 0.83693732297484 ],
	"18" : [ 1.565810635427727, 1.24668956347344, 1.095970511972418 ],
	"19" : [ 0.062622883895938, 0.840393395499488, 0.802130033046738 ],
	"2" : [ 0.126774045403396, 0.726891472745155, 1.164318193857292 ],
	"20" : [ 1.529128254292964, 1.220914685064236, 1.057387307611436 ],
	"21" : [ 0.242646507263788, 0.654706566777878, 1.003770077443618 ],
	"22" : [ 0.347667555679871, 0.724828602615485, 1.067976768059784 ],
	"23" : [ 0.328982327627396, 0.624223524479968, 0.950934075894342 ],
	"24" : [ 1.599842586894856, 0.431497390020021, 1.937645424230849 ],
	"25" : [ 0.944620914924517, 1.104288936150823, 0.035299049005458 ],
	"26" : [ 1.253998891408869, 0.675066137189162, 0.502696755350132 ],
	"27" : [ 1.268128228724983, 0.775598886405784, 0.153636539206181 ],
	"28" : [ 1.257779243361278, 0.664999912179793, 0.250739106780806 ],
	"29" : [ 1.277843426917562, 0.696678557714872, 0.355135598672345 ],
	"3" : [ 1.820307942436714, 1.592288990682419, 1.020752264026399 ],
	"30" : [ 1.27918022319982, 0.793643372500092, 0.25703065719513 ],
	"31" : [ 1.177426060748075, 0.529722351082117, 1.870889411215063 ],
	"32" : [ 1.872377785427338, 1.822174307200809, 0.968691736571114 ],
	"33" : [ 1.324319395845776, 1.906926992060037, 1.546057015407834 ],
	"34" : [ 1.338791476011166, 1.978312372540927, 1.537327433100321 ],
	"35" : [ 1.20887004617552, 0.900482874559654, 0.051423582144414 ],
	"36" : [ 1.360999111838052, 1.937160432721048, 1.504438883716453 ],
	"37" : [ 1.301566671063198, 1.877569338278666, 1.569801912986937 ],
	"38" : [ 1.263949329592756, 1.811454909027948, 1.605215429187438 ],
	"39" : [ 1.284042343122401, 0.830750413289494, 0.091193655239352 ],
	"4" : [ 1.390095218784892, 0.931929068590261, 1.0677039492685 ],
	"40" : [ 1.133765595901921, 0.977911451562523, 0.0 ],
	"41" : [ 1.308850280127744, 0.599839998282264, 0.297149095947734 ],
	"42" : [ 1.06444536453154, 1.01769259256513, 0.033011658983386 ],
	"43" : [ 1.243108257152358, 0.538991583594037, 1.949854775108223 ],
	"44" : [ 1.239032623719625, 0.650527563617018, 0.603032086619779 ],
	"45" : [ 1.426451201037858, 0.319884296870787, 1.974993436114674 ],
	"46" : [ 1.92388841512283, 1.887386404516958, 0.991662870950964 ],
	"47" : [ 1.506576236024766, 0.740586729988909, 1.062147774108666 ],
	"48" : [ 0.0, 0.876850159841195, 0.961162139298132 ],
	"49" : [ 0.038312391456839, 0.778236856406158, 1.158558643682398 ],
	"5" : [ 1.539707278513763, 1.006694581665936, 1.031030564296187 ],
	"50" : [ 0.035696628668977, 0.814769187045109, 1.047021596150629 ],
	"51" : [ 0.051441963792397, 0.87819244889005, 0.884932213287459 ],
	"52" : [ 0.180107010100088, 0.791662267908104, 0.955692454717418 ],
	"53" : [ 0.237982561703511, 0.716023987718333, 1.083968316898185 ],
	"54" : [ 0.389993046247357, 0.702643888082374, 0.978805542224434 ],
	"55" : [ 0.686081897073764, 0.645871699371494, 0.989407417300267 ],
	"56" : [ 0.607805478600997, 0.663415375291192, 0.977763040022704 ],
	"57" : [ 0.737742272231504, 0.648522678960433, 0.999090123374749 ],
	"58" : [ 1.443708387400826, 0.303705926157958, 1.107056474393181 ],
	"59" : [ 1.481184839177178, 0.199525756871091, 1.124534753085279 ],
	"6" : [ 1.875875106892902, 1.75665187660912, 1.006502781562131 ],
	"60" : [ 1.56723372208504, 0.0, 1.195247813943822 ],
	"61" : [ 1.537400358751918, 0.027218684205636, 1.164216476176381 ],
	"62" : [ 1.512762567347149, 0.093819952426743, 1.151937705780206 ],
	"63" : [ 1.628860916056507, 0.496297231605248, 1.875213923301073 ],
	"64" : [ 0.952046305612425, 1.031277338780876, 0.094502346771965 ],
	"65" : [ 1.32342620399816, 0.655924897867566, 1.980468257914684 ],
	"66" : [ 1.435923582466103, 0.58146105899078, 1.982206050392704 ],
	"67" : [ 1.382153157572286, 0.536966824299837, 1.078314007463256 ],
	"68" : [ 0.996635950659113, 0.650331915976293, 1.036614970946396 ],
	"69" : [ 1.217071355781901, 0.66205444406745, 1.058673703217825 ],
	"7" : [ 1.533270021583666, 0.430177564417752, 1.955032592240166 ],
	"8" : [ 0.86569198968806, 1.12253737938039, 0.090707568983602 ],
	"9" : [ 1.237978795815232, 0.630100861743564, 2.0 ]
}
