{
	"0" : [ 1.917305114128796, 5.183801408990034 ],
	"1" : [ 5.849831965496048, 6.087606287985576 ],
	"10" : [ 1.044476802423783, 7.018001801586503 ],
	"11" : [ 1.396762017566309, 5.24395433485103 ],
	"12" : [ 4.372412651011725, 0.548870172435431 ],
	"13" : [ 4.147997981609812, 0.668270848428821 ],
	"14" : [ 3.94851310921258, 0.129326330425555 ],
	"15" : [ 4.066591892788934, 0.282390001162811 ],
	"16" : [ 4.143831307484383, 0.375141379985822 ],
	"17" : [ 4.415959012558046, 0.401468376023541 ],
	"18" : [ 4.462338287648656, 0.227363292573483 ],
	"19" : [ 4.297941002085473, 0.0 ],
	"2" : [ 1.990419156196987, 4.640517564859514 ],
	"20" : [ 1.737299729782328, 4.812287662840203 ],
	"21" : [ 6.207854756601337, 7.526869399920433 ],
	"22" : [ 7.80654307984029, 8.0 ],
	"23" : [ 7.65820808124356, 7.886463720645919 ],
	"24" : [ 7.904089635915271, 7.573831505034314 ],
	"25" : [ 7.44587933094496, 7.514592109358094 ],
	"26" : [ 7.424378966381848, 7.612672628275575 ],
	"27" : [ 7.595513839269896, 7.319114630098052 ],
	"28" : [ 7.287713725674002, 7.202042815991459 ],
	"29" : [ 7.455635784159891, 7.13450724087596 ],
	"3" : [ 2.326656436085627, 4.765416829440902 ],
	"30" : [ 1.408676318463121, 5.819148666775225 ],
	"31" : [ 6.00966598345331, 6.505731418857005 ],
	"32" : [ 6.17628544962379, 5.576308680032919 ],
	"33" : [ 5.883886653577063, 5.275020630103215 ],
	"34" : [ 5.359455993993606, 5.565188538599067 ],
	"35" : [ 6.176596391717633, 6.79841828481164 ],
	"36" : [ 5.969907921840113, 5.182783891171764 ],
	"37" : [ 5.669010892484938, 5.671155217312268 ],
	"38" : [ 6.826914786191047, 6.951969517144381 ],
	"39" : [ 6.385487786268725, 7.269526262121976 ],
	"4" : [ 1.924842962887664, 5.005095458548079 ],
	"40" : [ 6.628950992684974, 7.151337920683232 ],
	"41" : [ 6.164295402876183, 7.14200365782298 ],
	"42" : [ 5.855071925134374, 6.903478696041488 ],
	"43" : [ 6.064193878337379, 5.404682145891455 ],
	"44" : [ 5.767721160992043, 5.845042297923288 ],
	"45" : [ 4.059214434772124, 0.783621878387695 ],
	"46" : [ 6.393676226028395, 6.987749795210089 ],
	"47" : [ 7.765593420394005, 7.674192249296855 ],
	"48" : [ 8.0, 7.698773946346047 ],
	"49" : [ 6.398266274942436, 6.585242639073081 ],
	"5" : [ 1.675752698472246, 5.405941874255718 ],
	"50" : [ 5.468180246664788, 5.629988960771089 ],
	"51" : [ 5.827151563148854, 7.181592006685501 ],
	"52" : [ 5.967746073421426, 7.39402692672604 ],
	"53" : [ 5.724844331028003, 5.178699727651265 ],
	"54" : [ 1.636047543822278, 4.666604741213555 ],
	"55" : [ 0.773613923852921, 5.412524625255773 ],
	"56" : [ 0.125312244396721, 5.385921392039426 ],
	"57" : [ 0.321160339034765, 5.63889352364665 ],
	"58" : [ 0.930947366843825, 6.270300989259975 ],
	"59" : [ 0.06179249484257, 5.812062268491702 ],
	"6" : [ 1.135619702243561, 7.315604416853286 ],
	"60" : [ 1.001489382923228, 5.437296489815501 ],
	"61" : [ 1.20377871405133, 5.587785754284998 ],
	"62" : [ 1.030006050854589, 5.988313740882648 ],
	"63" : [ 0.391273683937003, 5.933252548635775 ],
	"64" : [ 0.507950863915079, 5.445904006063269 ],
	"65" : [ 1.037077590547276, 4.816183120504981 ],
	"66" : [ 0.0, 5.513189953098254 ],
	"67" : [ 0.846880587269461, 5.045051978556269 ],
	"68" : [ 0.694923713905345, 6.093064114349203 ],
	"69" : [ 0.660131383763392, 5.014136079854758 ],
	"7" : [ 1.154027686076401, 6.943653304244912 ],
	"70" : [ 0.229906983633132, 5.199087869281471 ],
	"71" : [ 1.167234330828114, 4.996571187069087 ],
	"72" : [ 0.561070512265487, 5.809131468451596 ],
	"8" : [ 1.240450494210961, 7.194071818525867 ],
	"9" : [ 0.871372059004083, 7.183128387573869 ]
}
