{
	"0" : [ 0.44074949543761, 7.104734555105788 ],
	"1" : [ 0.703780957417432, 7.704797984554244 ],
	"10" : [ 1.398077239855597, 5.366893311644113 ],
	"100" : [ 7.520516516243147, 4.623260596486138 ],
	"11" : [ 1.319436095726742, 4.625571728922111 ],
	"12" : [ 1.221509788382812, 4.015764379356038 ],
	"13" : [ 0.490504724982575, 5.519976984169629 ],
	"14" : [ 1.757046852046974, 7.559008026847255 ],
	"15" : [ 1.27081482141977, 3.626520260577202 ],
	"16" : [ 0.552015430446727, 4.569827018685627 ],
	"17" : [ 1.270464448144395, 8.0 ],
	"18" : [ 0.916252933089873, 7.212845797462307 ],
	"19" : [ 1.237719478636231, 5.570999893717802 ],
	"2" : [ 0.516559726817156, 7.240003416566908 ],
	"20" : [ 2.755786264975602, 4.059138053648067 ],
	"21" : [ 2.23996206238196, 6.32199463748284 ],
	"22" : [ 2.829929206865467, 0.252333483546112 ],
	"23" : [ 3.141296853608982, 0.525489006782855 ],
	"24" : [ 3.270741164307668, 0.484867671493186 ],
	"25" : [ 2.685785370192869, 0.384270791853274 ],
	"26" : [ 2.960991717679437, 0.759907322513027 ],
	"27" : [ 3.198399004257245, 1.393500937708205 ],
	"28" : [ 3.0067258427193, 2.166730822499665 ],
	"29" : [ 3.041668472463028, 4.343092706226238 ],
	"3" : [ 0.0, 4.541576255717238 ],
	"30" : [ 0.567788147031881, 4.068199955974536 ],
	"31" : [ 2.969629277124618, 0.0 ],
	"32" : [ 2.614592460507147, 0.129393053151785 ],
	"33" : [ 2.542372653504781, 1.091994116626465 ],
	"34" : [ 1.015338006151851, 4.322025521081596 ],
	"35" : [ 3.471567550475585, 3.866630330190136 ],
	"36" : [ 2.371235443674537, 2.077268208831794 ],
	"37" : [ 3.10553027375123, 3.607055241829286 ],
	"38" : [ 2.202416889657452, 1.800886575928223 ],
	"39" : [ 1.884473390802203, 3.11326298447361 ],
	"4" : [ 1.104968389899774, 7.795780494594744 ],
	"40" : [ 3.378252285369773, 3.449450753159141 ],
	"41" : [ 2.198610111632934, 4.901208089332531 ],
	"42" : [ 3.000683697368514, 2.428214478351215 ],
	"43" : [ 2.653406227969112, 3.283104425977793 ],
	"44" : [ 1.702640371165003, 5.059459050882451 ],
	"45" : [ 1.840849953199413, 5.552843242462582 ],
	"46" : [ 2.282896285514108, 1.646300375678375 ],
	"47" : [ 0.718376876724828, 3.066694746016364 ],
	"48" : [ 1.718429560488794, 2.509749224917821 ],
	"49" : [ 2.783974406550544, 1.795921596655429 ],
	"5" : [ 0.183467160711608, 5.804705883701449 ],
	"50" : [ 2.339731878876401, 2.351871183541401 ],
	"51" : [ 1.04223931597156, 3.031197252556134 ],
	"52" : [ 0.320039532514653, 4.548643631439377 ],
	"53" : [ 2.432736863500713, 3.075676030594527 ],
	"54" : [ 3.001929271057307, 2.681697646020396 ],
	"55" : [ 3.318500094559266, 1.624481958403382 ],
	"56" : [ 1.397017801366994, 2.804371378137026 ],
	"57" : [ 0.431613876794609, 3.386315435492653 ],
	"58" : [ 1.770638186059756, 4.017599551536904 ],
	"59" : [ 3.562333995836575, 2.41915096348565 ],
	"6" : [ 0.045540095855227, 3.88443608010054 ],
	"60" : [ 1.363927667775714, 7.973549390812985 ],
	"61" : [ 1.331090879103782, 7.161186593286676 ],
	"62" : [ 1.466519464850246, 6.511705438568804 ],
	"63" : [ 1.614115694532025, 7.090082783028907 ],
	"64" : [ 1.085497448768748, 7.570360404824831 ],
	"65" : [ 0.812982360489864, 7.989136575696113 ],
	"66" : [ 1.636393067495375, 2.027857207774574 ],
	"67" : [ 1.641453097897119, 7.881262267757103 ],
	"68" : [ 1.878992228744157, 6.230471532766884 ],
	"69" : [ 2.172000286834402, 3.757104842329023 ],
	"7" : [ 0.38783344589306, 5.123057020432313 ],
	"70" : [ 1.96961910798566, 7.376072675035769 ],
	"71" : [ 7.811865980173652, 5.697214906621278 ],
	"72" : [ 7.499139456081672, 5.411786116567346 ],
	"73" : [ 7.717940805146141, 4.872185526015265 ],
	"74" : [ 7.289581744254773, 4.563683848688883 ],
	"75" : [ 6.980820994501877, 4.863041427872982 ],
	"76" : [ 7.549581193260486, 5.791601377195775 ],
	"77" : [ 7.568369891229442, 5.205868734946639 ],
	"78" : [ 8.0, 5.291126891902872 ],
	"79" : [ 7.106396141873477, 5.105190709066934 ],
	"8" : [ 0.106858285082575, 5.143098544077715 ],
	"80" : [ 6.381074686674951, 4.889805921128687 ],
	"81" : [ 7.95736491358951, 5.479941498131235 ],
	"82" : [ 7.735778734325629, 5.692128261864758 ],
	"83" : [ 6.91548371860749, 4.260420266724934 ],
	"84" : [ 6.376923242994119, 4.118411941267311 ],
	"85" : [ 6.382122467622089, 3.694168671393947 ],
	"86" : [ 6.058938251912919, 3.446523182804362 ],
	"87" : [ 6.564141987161568, 3.368092596475964 ],
	"88" : [ 6.578950214747877, 4.382331720923013 ],
	"89" : [ 6.563788223564261, 3.735862288651735 ],
	"9" : [ 0.123746479163803, 4.036796647685009 ],
	"90" : [ 5.924437692366967, 4.162063632144121 ],
	"91" : [ 5.236304279755827, 3.562716342351397 ],
	"92" : [ 3.839749910679275, 3.65580330479012 ],
	"93" : [ 3.951879028672117, 3.601952870145192 ],
	"94" : [ 3.892204128015934, 4.000530973572491 ],
	"95" : [ 5.891893879237038, 4.872103498651857 ],
	"96" : [ 5.786887419907865, 4.60256061804869 ],
	"97" : [ 6.057731717931325, 4.579929260408571 ],
	"98" : [ 5.642580896805726, 4.440757301335466 ],
	"99" : [ 5.69643922795969, 3.990703545713701 ]
}
