{
	"0" : [ 0.087554906960122, 0.040363655528895, 0.942478774194058 ],
	"1" : [ 0.372199655762086, 0.13765356529849, 1.845227435518327 ],
	"10" : [ 0.244221798944175, 0.542333800591723, 0.879107443982036 ],
	"11" : [ 0.354833312156885, 0.699173365857893, 0.85813670877691 ],
	"12" : [ 0.051697055794519, 0.253077975539073, 0.873319125952862 ],
	"13" : [ 0.31835187033431, 0.161896958095439, 2.0 ],
	"14" : [ 0.268981092544452, 0.11100173435443, 1.880656722642821 ],
	"15" : [ 0.346550616476533, 0.893330646481662, 0.777391209420507 ],
	"16" : [ 0.482975374849693, 0.848421290864081, 0.906245716507391 ],
	"17" : [ 0.4559827216286, 1.823891405760523, 0.984139966476441 ],
	"18" : [ 0.795211248253414, 0.938409114681496, 1.196270169342561 ],
	"19" : [ 1.705415221469742, 1.250134086990269, 0.758137260458193 ],
	"2" : [ 0.315348807612128, 0.256110676788176, 1.881186498476236 ],
	"20" : [ 0.81623114359196, 1.973520649847513, 0.212958997286989 ],
	"21" : [ 1.023768816771313, 1.466275960066147, 0.616855578407958 ],
	"22" : [ 0.532835975687775, 1.673162706531243, 0.03694403725864 ],
	"23" : [ 1.8211905149907, 1.166779179597502, 0.748895334880552 ],
	"24" : [ 0.382132356930224, 1.717729213452247, 0.783810481038848 ],
	"25" : [ 0.556759125160745, 1.559006147377956, 1.78940753257986 ],
	"26" : [ 0.949916028986541, 1.392333103305595, 0.686275057893367 ],
	"27" : [ 1.479260254678281, 1.453533156506697, 0.68230359399482 ],
	"28" : [ 0.682326058534233, 2.0, 0.203830569292742 ],
	"29" : [ 0.426810918188411, 1.842466432237962, 0.77057313460687 ],
	"3" : [ 0.381677888448126, 0.2730402611754, 1.638382774489262 ],
	"30" : [ 1.519100578727121, 1.234014901020485, 0.812621714577595 ],
	"31" : [ 0.395598801758095, 1.388775558963023, 0.573051366784131 ],
	"32" : [ 0.508779099200542, 1.417866660966597, 1.855923419559019 ],
	"33" : [ 0.66958693478434, 0.757284865566977, 1.135980047121965 ],
	"34" : [ 0.528006238685186, 0.44136287511469, 1.469813000327631 ],
	"35" : [ 0.482688606577315, 1.795063110741435, 0.0 ],
	"36" : [ 1.82472285107639, 1.487593699668069, 0.745685757244031 ],
	"37" : [ 0.591376784566395, 1.962860135967114, 0.175938322366825 ],
	"38" : [ 1.809630526218989, 1.238458474715592, 0.847467615819312 ],
	"39" : [ 0.635993722575455, 0.835243327017313, 1.039969346842723 ],
	"4" : [ 0.280660648978348, 0.114579191805646, 1.719705053426632 ],
	"40" : [ 0.442794078073687, 1.006472437164138, 0.941901646758502 ],
	"41" : [ 1.273746409210609, 1.238053691068586, 0.837764733909878 ],
	"42" : [ 1.867791369544089, 1.357640531628516, 0.754442608655806 ],
	"43" : [ 0.609986788969931, 1.565296557555391, 1.674017870290398 ],
	"44" : [ 0.516824352736533, 1.497996588503523, 0.378820304553908 ],
	"45" : [ 0.587342746315128, 1.375401876206606, 1.780755161248759 ],
	"46" : [ 0.49682168450563, 1.717830392068324, 1.08658960537482 ],
	"47" : [ 1.971066854991271, 0.867314584591575, 0.370099108030641 ],
	"48" : [ 1.938879173666828, 0.912001346733452, 0.454039726978582 ],
	"49" : [ 1.978921475417787, 0.864223587179115, 0.545560809129641 ],
	"5" : [ 0.033857431028154, 0.0, 0.963649782566145 ],
	"50" : [ 0.559859022866161, 1.524883640527843, 0.234083659948837 ],
	"51" : [ 2.0, 0.82545978465792, 0.436805114296955 ],
	"52" : [ 0.620535864848964, 1.44408579338573, 1.715294530761031 ],
	"53" : [ 0.684446340046599, 1.651591000620325, 0.619165882039431 ],
	"54" : [ 0.998158393886283, 1.095735256305362, 0.947598927467302 ],
	"55" : [ 0.94159249852643, 1.547826588979809, 0.648882418400448 ],
	"56" : [ 0.887685361675968, 1.538170349384643, 0.835481252555491 ],
	"57" : [ 1.605440611788466, 1.369677130324133, 0.756163087220388 ],
	"58" : [ 0.471457287612018, 0.476082337687911, 1.601261489394209 ],
	"59" : [ 0.079458867228221, 0.171775938062557, 0.725107311329275 ],
	"6" : [ 0.387398985072725, 1.066759869752294, 0.73104743100316 ],
	"60" : [ 0.593730061352299, 1.799805876054937, 0.166784986827072 ],
	"61" : [ 0.49197371669666, 1.684896078726439, 0.249926569556009 ],
	"62" : [ 0.431259432101898, 1.278767910495341, 0.655149939708383 ],
	"63" : [ 0.651550019345685, 1.483819313962228, 0.454869370437945 ],
	"64" : [ 0.783919326508652, 0.976144814618287, 1.333979136410489 ],
	"65" : [ 0.79293620980525, 1.054294601739138, 1.451253583185955 ],
	"66" : [ 0.786855345507277, 1.177050182493101, 1.335032694040075 ],
	"67" : [ 0.496312873811667, 1.634561605010109, 0.623381806120476 ],
	"68" : [ 1.677044681281165, 1.419406589662686, 0.735967267352588 ],
	"69" : [ 0.958794781015036, 1.28189430900036, 0.685597982590794 ],
	"7" : [ 0.0, 0.139134695891743, 0.888812017062165 ],
	"70" : [ 0.774513474090051, 1.544926882034213, 0.619358956753074 ],
	"71" : [ 1.222020108558239, 1.314366484302125, 0.770966778640465 ],
	"72" : [ 1.88718977583891, 1.003866012446081, 0.639220961739262 ],
	"73" : [ 1.092863684373248, 1.351602516840222, 0.751787856704542 ],
	"74" : [ 1.303741504523229, 1.399005653772297, 0.722138397018458 ],
	"75" : [ 0.567723700756105, 1.85383512986503, 0.421164294520458 ],
	"76" : [ 1.78624735279564, 1.356368554719302, 0.68533337542935 ],
	"77" : [ 0.644547382185169, 1.31100213710251, 1.530180509020235 ],
	"78" : [ 0.546539275494144, 1.573784068155259, 1.631508192359744 ],
	"8" : [ 0.059472770239525, 0.130330007731439, 1.121285601609309 ],
	"9" : [ 0.137297923547087, 0.236491392210659, 0.992321358287751 ]
}
