{
	"0" : [ 2.675280983238094, 1.744854507371365 ],
	"1" : [ 2.360654778501584, 1.391866260138156 ],
	"10" : [ 2.009125493032396, 1.111588692444489 ],
	"11" : [ 0.773937038503207, 0.547461804597232 ],
	"12" : [ 2.038440717072279, 1.780079446991737 ],
	"13" : [ 2.881790280372479, 1.366944827394023 ],
	"14" : [ 2.819950399283753, 1.633492397545904 ],
	"15" : [ 2.795749980350892, 1.917922714695921 ],
	"16" : [ 2.388183408543294, 2.621043465337092 ],
	"17" : [ 2.223211053899584, 2.280762510069624 ],
	"18" : [ 2.035681948992441, 1.39148869066913 ],
	"19" : [ 1.923516461496846, 1.756812564550319 ],
	"2" : [ 2.228930468016226, 1.231038704490079 ],
	"20" : [ 0.841041519771633, 0.34205943109335 ],
	"21" : [ 0.843076737478303, 0.809920170071189 ],
	"22" : [ 0.920764817108103, 0.545598603000877 ],
	"23" : [ 1.052249952187, 0.341434799016716 ],
	"24" : [ 1.012327451866419, 0.675996033662593 ],
	"25" : [ 1.05325147511547, 0.509822656921252 ],
	"26" : [ 2.473632485016056, 2.922586111430568 ],
	"27" : [ 2.764004916746645, 3.0 ],
	"28" : [ 2.566322276032707, 2.812552977990039 ],
	"29" : [ 2.82850529861175, 2.652605948069833 ],
	"3" : [ 2.300559543764739, 1.730737449388362 ],
	"30" : [ 2.673716989066028, 2.504620611607876 ],
	"31" : [ 2.937021437833474, 2.710641898706873 ],
	"32" : [ 2.701885936642394, 2.791242516265076 ],
	"33" : [ 2.778222563973957, 2.348411067295228 ],
	"34" : [ 2.883097342399388, 2.367568017951549 ],
	"35" : [ 2.955186337124789, 2.183641693948296 ],
	"36" : [ 3.0, 2.423818349126963 ],
	"37" : [ 2.646332596222209, 0.917161215131539 ],
	"38" : [ 2.375051627091638, 0.850477485031784 ],
	"39" : [ 2.551672048122318, 1.151384844131061 ],
	"4" : [ 2.721722417206065, 1.337430584734352 ],
	"40" : [ 2.511925876843795, 0.841624392281959 ],
	"41" : [ 2.182237644687825, 1.867374475950847 ],
	"42" : [ 0.142906813303697, 0.041845477895678 ],
	"43" : [ 0.410539824686768, 0.134321212126666 ],
	"44" : [ 0.271099219264347, 0.0 ],
	"45" : [ 0.06255572293177, 0.209006027412044 ],
	"46" : [ 0.315607267808604, 0.447755969203704 ],
	"47" : [ 0.220127856948729, 0.320873443180461 ],
	"48" : [ 0.105868097802328, 0.403686924851543 ],
	"49" : [ 0.171476536331407, 0.630254471705419 ],
	"5" : [ 2.930763828799686, 1.703655671816979 ],
	"50" : [ 0.025825322346551, 0.571370339620692 ],
	"51" : [ 0.0, 0.46127254423812 ],
	"52" : [ 0.352816267117914, 0.311420489702995 ],
	"53" : [ 0.11724713277024, 0.745662016959982 ],
	"54" : [ 1.916441715572504, 1.375314841947467 ],
	"55" : [ 0.616576689435844, 0.570962596052421 ],
	"56" : [ 0.602909761087611, 0.38416107290549 ],
	"6" : [ 2.456700164542197, 1.709090912606523 ],
	"7" : [ 2.450686848501038, 1.176556886073573 ],
	"8" : [ 2.206351689872889, 1.451592301445681 ],
	"9" : [ 1.877266511191346, 1.5258242882608 ]
}
